name,encoder,decoder,path,num_samples,code_dim,mean_global,std_global,min,max,abs_mean,abs_median,abs_q90,abs_q95,abs_q99,value_q001,value_q01,value_q05,value_median,value_q95,value_q99,value_q999,l2_mean,l2_std,l2_q01,l2_q05,l2_q25,l2_median,l2_q75,l2_q95,l2_q99,near_zero_1e_4,near_zero_1e_3,near_zero_1e_2,dim_mean_abs_mean,dim_mean_abs_max,dim_std_mean,dim_std_std,dim_std_min,dim_std_max,dead_dim_ratio_std_lt_1e_4,dead_dim_ratio_std_lt_1e_3,active_dim_ratio_std_gt_1e_2,cov_trace,pca_top1_ratio,pca_top2_ratio,pca_top5_ratio,pca_top10_ratio,pca_top20_ratio,pca_top50_ratio,effective_rank,condition_number_top512,final_test_loss,final_test_nmse
attention_cnn_cnn_residual,attention_cnn,cnn_residual,exps/seed42/COST2100/in/attention_cnn_cnn_residual/base/codewords/train_code.pt,100000,512,0.09348856657743454,6.749575614929199,-43.446922302246094,42.21316146850586,2.2581777572631836,0.28620201349258423,5.672614097595215,19.44902229309082,32.097103118896484,-39.71054458618164,-25.79193878173828,-5.728618621826172,0.06371353566646576,5.5966386795043945,29.344820022583008,37.84231185913086,152.72933959960938,1.8137637376785278,149.03216552734375,150.09689331054688,151.51910400390625,152.58905029296875,153.75082397460938,155.84259033203125,158.07720947265625,0.00019009764946531504,0.0018703710520640016,0.01867816410958767,2.1569783687591553,39.75830078125,0.2781073749065399,0.08362139016389847,0.16220121085643768,0.6032508611679077,0.0,0.0,1.0,43.18058776855469,0.07418714463710785,0.09724360704421997,0.15229494869709015,0.2230735868215561,0.32987359166145325,0.5477393865585327,175.698486328125,226422.625,nan,nan
attention_cnn_hybrid,attention_cnn,hybrid,exps/seed42/COST2100/in/attention_cnn_hybrid/base/codewords/train_code.pt,100000,512,-0.07673228532075882,0.7314822673797607,-5.6231584548950195,10.535543441772461,0.4311107397079468,0.31682562828063965,0.830152690410614,1.0413506031036377,2.199350595474243,-4.138672351837158,-1.5421128273010254,-0.9123562574386597,-0.08731161057949066,0.721371591091156,1.2436412572860718,8.006997108459473,16.58661651611328,1.3611276149749756,14.71607494354248,14.97318172454834,15.589171409606934,16.284669876098633,17.270526885986328,19.243118286132812,20.987884521484375,0.0001727148483041674,0.0017171484651044011,0.017192363739013672,0.14740893244743347,8.051721572875977,0.47547078132629395,0.039486583322286606,0.2933972179889679,0.6424657702445984,0.0,0.0,1.0,116.548583984375,0.036400917917490005,0.06830132007598877,0.14880907535552979,0.24122054874897003,0.37045353651046753,0.6078643798828125,158.07994079589844,11947.6787109375,nan,nan
attention_cnn_transnet,attention_cnn,transnet,exps/seed42/COST2100/in/attention_cnn_transnet/base/codewords/train_code.pt,100000,512,0.002080044010654092,0.5940598845481873,-4.467042446136475,4.467293739318848,0.4651425778865814,0.3822508454322815,0.9710155725479126,1.180757761001587,1.6291487216949463,-2.0451109409332275,-1.4385453462600708,-0.9689332842826843,0.002149593085050583,0.9730685949325562,1.442646861076355,2.050291061401367,13.170720100402832,2.687530517578125,8.547924995422363,9.393627166748047,11.174079895019531,12.838852882385254,14.803016662597656,18.117473602294922,20.688976287841797,0.0001403906207997352,0.0014194336254149675,0.014187948778271675,0.06377203017473221,0.579586386680603,0.585570752620697,0.03659453243017197,0.49557918310165405,0.7198987007141113,0.0,0.0,1.0,176.24868774414062,0.0404854454100132,0.07798857241868973,0.15533462166786194,0.2527658939361572,0.3940405249595642,0.6355494260787964,145.7747802734375,6712.13671875,nan,nan
cbam_cnn_cnn_residual,cbam_cnn,cnn_residual,exps/seed42/COST2100/in/cbam_cnn_cnn_residual/base/codewords/train_code.pt,100000,512,-0.25068849325180054,16.09446144104004,-117.13874816894531,116.88231658935547,4.5599517822265625,0.5124660134315491,2.4417009353637695,37.21525192260742,85.60277557373047,-108.96658325195312,-68.05641174316406,-2.6770119667053223,-0.17351709306240082,2.214021921157837,64.56067657470703,108.18685913085938,364.210693359375,2.6472949981689453,356.9183044433594,360.1287536621094,362.76220703125,364.17816162109375,365.6923522949219,368.4169006347656,370.89593505859375,0.00010699218546506017,0.0010683008003979921,0.010636288672685623,4.346240997314453,108.98381042480469,0.5393490195274353,0.18742546439170837,0.28285929560661316,1.2749220132827759,0.0,0.0,1.0,166.9268035888672,0.041543878614902496,0.0679110512137413,0.13280634582042694,0.20818360149860382,0.31789806485176086,0.5334939956665039,189.96286010742188,157758.09375,nan,nan
cbam_cnn_hybrid,cbam_cnn,hybrid,exps/seed42/COST2100/in/cbam_cnn_hybrid/base/codewords/train_code.pt,100000,512,0.1534905880689621,1.8167649507522583,-22.699247360229492,14.88932991027832,1.0588126182556152,0.775699257850647,2.0192182064056396,2.527256727218628,5.988722324371338,-19.148435592651367,-3.1194841861724854,-1.784422755241394,0.20134598016738892,2.197312355041504,3.633110761642456,10.400391578674316,41.167320251464844,2.690535545349121,36.9916877746582,37.786529541015625,39.22499084472656,40.652793884277344,42.57625198364258,46.33308792114258,49.536319732666016,7.101562368916348e-05,0.0006992578273639083,0.006991484202444553,0.3479515612125397,18.76709747314453,1.1553617715835571,0.10594694316387177,0.8371518850326538,1.536806583404541,0.0,0.0,1.0,689.2027587890625,0.044491030275821686,0.08493155241012573,0.167138934135437,0.2692350149154663,0.4144022762775421,0.6577911376953125,133.97396850585938,60741.3984375,nan,nan
cbam_cnn_transnet,cbam_cnn,transnet,exps/seed42/COST2100/in/cbam_cnn_transnet/base/codewords/train_code.pt,100000,512,0.010410838760435581,1.2731398344039917,-11.551043510437012,11.37038516998291,0.9961284399032593,0.8199822306632996,2.071840286254883,2.517845869064331,3.490680694580078,-4.36287784576416,-3.0425503253936768,-2.0569005012512207,0.006894934456795454,2.0868659019470215,3.1099064350128174,4.6099958419799805,28.362350463867188,5.0522942543029785,19.860828399658203,21.26911163330078,24.555011749267578,27.720502853393555,31.480836868286133,37.693668365478516,42.32394790649414,6.63867176626809e-05,0.0006590039120055735,0.0066035157069563866,0.17705437541007996,3.113752603530884,1.2364239692687988,0.12458549439907074,0.9614946246147156,2.942915439605713,0.0,0.0,1.0,790.6720581054688,0.051250532269477844,0.09535658359527588,0.1882503628730774,0.2970854640007019,0.4403075575828552,0.6608681678771973,131.06468200683594,26886.693359375,nan,nan
clnet_cnn_residual,clnet,cnn_residual,exps/seed42/COST2100/in/clnet_cnn_residual/base/codewords/train_code.pt,100000,512,-0.3022710084915161,9.868978500366211,-44.75970458984375,49.93608093261719,4.100200653076172,0.5458797812461853,19.36210060119629,28.72599983215332,39.37184524536133,-40.770782470703125,-33.77784729003906,-20.535070419311523,-0.2332303822040558,18.7825927734375,34.32224655151367,45.7573127746582,223.3979034423828,2.698746919631958,216.9512481689453,219.05792236328125,221.80555725097656,223.30906677246094,224.8890380859375,228.03163146972656,230.76470947265625,0.00010390624811407179,0.001041523413732648,0.010420253500342369,3.9982807636260986,45.78807067871094,0.406721293926239,0.07632417976856232,0.29998794198036194,0.7162732481956482,0.0,0.0,1.0,87.67963409423828,0.08903887867927551,0.11301392316818237,0.16723674535751343,0.23304054141044617,0.3363858461380005,0.545595645904541,174.1720733642578,316015.15625,nan,nan
clnet_hybrid,clnet,hybrid,exps/seed42/COST2100/in/clnet_hybrid/base/codewords/train_code.pt,100000,512,0.024078523740172386,1.148132562637329,-14.400943756103516,12.036506652832031,0.6739333868026733,0.4850360155105591,1.2809724807739258,1.6236552000045776,5.027768135070801,-10.866538047790527,-2.301912546157837,-1.2187514305114746,0.057798366993665695,1.3352487087249756,2.2743043899536133,7.57735538482666,25.87267303466797,2.413367748260498,22.16132164001465,22.76193618774414,24.076812744140625,25.44190216064453,27.214765548706055,30.492891311645508,33.165103912353516,0.00011187500058440492,0.0011253710836172104,0.01121322251856327,0.15897107124328613,10.878457069396973,0.7427008748054504,0.0628599226474762,0.6102433204650879,1.0130841732025146,0.0,0.0,1.0,284.4474792480469,0.03152281418442726,0.06219271570444107,0.12052805721759796,0.19796113669872284,0.3209476172924042,0.5544455647468567,188.17185974121094,28169.5078125,nan,nan
clnet_transnet,clnet,transnet,exps/seed42/COST2100/in/clnet_transnet/base/codewords/train_code.pt,100000,512,0.0024452677462249994,0.6018073558807373,-5.193088531494141,5.0421929359436035,0.47154325246810913,0.38826942443847656,0.9823402762413025,1.1946816444396973,1.649601936340332,-2.0776712894439697,-1.4583954811096191,-0.9810294508934021,0.003056350164115429,0.9836321473121643,1.4589810371398926,2.078636884689331,13.323251724243164,2.815342426300049,8.401068687438965,9.370280265808105,11.231191635131836,12.976480484008789,15.032646179199219,18.510866165161133,21.180849075317383,0.00013814453268423676,0.0013983594253659248,0.013938965275883675,0.09133001416921616,0.4220963418483734,0.5895637273788452,0.029792647808790207,0.5197895765304565,0.6742911338806152,0.0,0.0,1.0,178.41993713378906,0.031622592359781265,0.062202274799346924,0.1192878782749176,0.19706590473651886,0.32332751154899597,0.5621258616447449,182.7266082763672,19056.06640625,nan,nan
cnn_cnn_residual,cnn,cnn_residual,exps/seed42/COST2100/in/cnn_cnn_residual/base/codewords/train_code.pt,100000,512,-0.1395607590675354,15.212496757507324,-86.93167877197266,127.6930923461914,4.606114864349365,0.5199576020240784,8.346797943115234,33.494930267333984,77.19348907470703,-82.29236602783203,-70.31893920898438,-11.684709548950195,-0.14886543154716492,6.5418901443481445,54.3801383972168,121.04610443115234,344.2198791503906,3.116807460784912,336.71600341796875,339.29180908203125,342.29376220703125,344.106689453125,346.0628356933594,349.490234375,352.46124267578125,0.00010742187441792339,0.0010539843933656812,0.010584414005279541,4.372326850891113,121.11585235595703,0.5615134835243225,0.16446693241596222,0.3336881399154663,1.2659294605255127,0.0,0.0,1.0,175.28330993652344,0.053781457245349884,0.08249615877866745,0.15240398049354553,0.23305965960025787,0.3493823707103729,0.5652868151664734,175.69052124023438,168044.578125,nan,nan
cnn_hybrid,cnn,hybrid,exps/seed42/COST2100/in/cnn_hybrid/base/codewords/train_code.pt,100000,512,-0.21856319904327393,1.8945244550704956,-16.327701568603516,23.448169708251953,1.099250316619873,0.80992192029953,2.1008145809173584,2.6100313663482666,5.099034309387207,-12.635040283203125,-3.7286787033081055,-2.3220298290252686,-0.24228161573410034,1.8006435632705688,3.0047566890716553,20.358596801757812,43.041011810302734,3.100309133529663,38.584861755371094,39.25791931152344,40.76092529296875,42.40175247192383,44.63933563232422,49.04144287109375,52.91554641723633,6.830078200437129e-05,0.0006787695456296206,0.006709687411785126,0.38609737157821655,20.235925674438477,1.2089215517044067,0.1093483418226242,0.7340088486671448,1.6212393045425415,0.0,0.0,1.0,754.4131469726562,0.04198595508933067,0.0804092139005661,0.16545724868774414,0.26675188541412354,0.40601006150245667,0.6419800519943237,141.70652770996094,38637.328125,nan,nan
cnn_transnet,cnn,transnet,exps/seed42/COST2100/in/cnn_transnet/base/codewords/train_code.pt,100000,512,-0.011241057887673378,1.0971074104309082,-8.881366729736328,8.587106704711914,0.8584378957748413,0.7047615051269531,1.7926182746887207,2.182302951812744,3.0164639949798584,-3.819786548614502,-2.6894421577453613,-1.8094801902770996,-0.008334307931363583,1.7756290435791016,2.64204740524292,3.7642524242401123,24.342851638793945,4.874050617218018,16.08035659790039,17.554594039916992,20.71298599243164,23.70585823059082,27.28883171081543,33.37250518798828,38.03269958496094,7.775390986353159e-05,0.000772558618336916,0.007706132717430592,0.11209891736507416,2.070329189300537,1.0747400522232056,0.0705137625336647,0.8396666646003723,1.2945462465286255,0.0,0.0,1.0,593.9456787109375,0.04278457537293434,0.08429734408855438,0.17112644016742706,0.2788201570510864,0.423845112323761,0.6576708555221558,134.77328491210938,36498.40625,nan,nan
convnext_cnn_residual,convnext,cnn_residual,exps/seed42/COST2100/in/convnext_cnn_residual/base/codewords/train_code.pt,100000,512,-0.2577188014984131,30.16861915588379,-235.38577270507812,260.2027893066406,8.574277877807617,1.1188710927963257,11.59199333190918,47.26863098144531,163.8820343017578,-213.26321411132812,-141.23464965820312,-10.020791053771973,-0.180447518825531,22.012378692626953,105.27643585205078,230.5396728515625,681.4834594726562,40.110591888427734,572.6317749023438,607.2891235351562,656.60595703125,686.4249267578125,711.2476806640625,737.9447631835938,754.052001953125,4.669922054745257e-05,0.0004764062468893826,0.004773183725774288,8.01043701171875,228.90194702148438,1.5964882373809814,1.558724284172058,0.6912952065467834,13.621243476867676,0.0,0.0,1.0,2548.96435546875,0.6401103138923645,0.6481425166130066,0.6671108603477478,0.692051887512207,0.7329631447792053,0.8187590837478638,13.138708114624023,9005344.0,nan,nan
convnext_hybrid,convnext,hybrid,exps/seed42/COST2100/in/convnext_hybrid/base/codewords/train_code.pt,100000,512,0.0019428161904215813,2.542452335357666,-24.313884735107422,27.94204330444336,1.8330906629562378,1.4232187271118164,3.6858296394348145,4.674383640289307,9.285987854003906,-12.379043579101562,-6.547954082489014,-3.7095911502838135,-0.012138137593865395,3.6617085933685303,7.107813358306885,14.629075050354004,57.35003662109375,4.536117076873779,49.77489471435547,51.328346252441406,54.161338806152344,56.65825271606445,59.73058319091797,65.70423889160156,72.15121459960938,3.994140570284799e-05,0.0003871484368573874,0.0038187499158084393,0.5561143755912781,11.320616722106934,2.023749589920044,0.24963393807411194,1.6093995571136475,3.762316942214966,0.0,0.0,1.0,2128.855712890625,0.037098176777362823,0.07003837823867798,0.1409294307231903,0.22149959206581116,0.34144771099090576,0.5743122100830078,172.48223876953125,17259.37890625,nan,nan
convnext_transnet,convnext,transnet,exps/seed42/COST2100/in/convnext_transnet/base/codewords/train_code.pt,100000,512,0.012767045758664608,1.4079804420471191,-9.744967460632324,11.765689849853516,1.073736548423767,0.8658344149589539,2.2173428535461426,2.7335164546966553,4.155440807342529,-5.5550031661987305,-3.414128303527832,-2.2090139389038086,0.006310763768851757,2.2256176471710205,3.528876781463623,7.118765830993652,31.71923065185547,2.9945247173309326,25.924015045166016,27.116859436035156,29.48806381225586,31.549236297607422,33.74946212768555,36.94892501831055,39.007389068603516,6.408202898455784e-05,0.0006276171770878136,0.006273085717111826,0.2388537973165512,7.048186779022217,1.2462654113769531,0.08876004815101624,1.0447129011154175,1.6086504459381104,0.0,0.0,1.0,799.2685546875,0.03893670812249184,0.07168105989694595,0.14140190184116364,0.22108310461044312,0.34398704767227173,0.5788077116012573,171.5426025390625,97486.5859375,nan,nan
crnet_cnn_residual,crnet,cnn_residual,exps/seed42/COST2100/in/crnet_cnn_residual/base/codewords/train_code.pt,100000,512,-0.020474793389439583,10.31259536743164,-47.457801818847656,55.17941665649414,4.402200698852539,0.5634258985519409,16.88373565673828,29.47846794128418,41.48672866821289,-43.627357482910156,-35.30109405517578,-16.44434928894043,0.04839256405830383,17.220796585083008,35.09965133666992,49.72251510620117,233.34344482421875,1.4360164403915405,229.765380859375,231.19580078125,232.54132080078125,233.28018188476562,234.0961456298828,235.698974609375,237.38990783691406,9.8632815934252e-05,0.0009642773657105863,0.009712050668895245,4.267623424530029,49.74349594116211,0.47283077239990234,0.07630043476819992,0.3529721200466156,0.856831967830658,0.0,0.0,1.0,117.4491958618164,0.029456956312060356,0.056063953787088394,0.11466201394796371,0.19059737026691437,0.3062989115715027,0.5297696590423584,193.3268585205078,124043.796875,nan,nan
crnet_hybrid,crnet,hybrid,exps/seed42/COST2100/in/crnet_hybrid/base/codewords/train_code.pt,100000,512,-0.004532500170171261,0.8815091848373413,-7.212067127227783,12.343514442443848,0.5837060809135437,0.44553330540657043,1.1570643186569214,1.4425393342971802,2.776217460632324,-4.587573051452637,-1.8894027471542358,-1.170941710472107,-0.02326182648539543,1.1422260999679565,1.9278558492660522,8.681527137756348,19.806381225585938,2.3604323863983154,16.171630859375,16.76519775390625,18.045869827270508,19.387950897216797,21.121660232543945,24.32433319091797,26.926570892333984,0.0001228125038323924,0.001219042926095426,0.012231601402163506,0.10036040097475052,8.773776054382324,0.6789243221282959,0.04714788869023323,0.5668243169784546,0.8674397468566895,0.0,0.0,1.0,237.1409454345703,0.04803512990474701,0.08695739507675171,0.14844247698783875,0.22859108448028564,0.35206902027130127,0.5898128747940063,165.11697387695312,7013.619140625,nan,nan
crnet_transnet,crnet,transnet,exps/seed42/COST2100/in/crnet_transnet/base/codewords/train_code.pt,100000,512,-8.090001938398927e-05,0.5914130806922913,-5.06134033203125,4.469513416290283,0.4625830352306366,0.37976014614105225,0.9655951857566833,1.1755425930023193,1.6274285316467285,-2.0487704277038574,-1.4363027811050415,-0.9664946794509888,0.0006133069982752204,0.9646956324577332,1.4379899501800537,2.0605084896087646,13.11459732055664,2.6625735759735107,8.747547149658203,9.53466510772705,11.137876510620117,12.707269668579102,14.663701057434082,18.13024139404297,20.90595817565918,0.0001407421805197373,0.0014183007879182696,0.01429580058902502,0.11172144114971161,0.5281537771224976,0.5728873014450073,0.03412393480539322,0.48410388827323914,0.6880272030830383,0.0,0.0,1.0,168.6361846923828,0.031221715733408928,0.056028105318546295,0.12429213523864746,0.21057376265525818,0.3372872769832611,0.5724983215332031,174.3730926513672,6133.74169921875,nan,nan
csinet_cnn_residual,csinet,cnn_residual,exps/seed42/COST2100/in/csinet_cnn_residual/base/codewords/train_code.pt,100000,512,0.08621081709861755,9.517489433288574,-50.94899368286133,43.95738983154297,4.247437953948975,0.5665562152862549,16.632888793945312,27.069381713867188,34.4498405456543,-44.548858642578125,-33.80116271972656,-15.594097137451172,0.09811636805534363,17.66909408569336,31.846399307250977,38.24079895019531,215.33006286621094,3.8805172443389893,206.13922119140625,209.38771057128906,213.0079803466797,215.0826416015625,217.44931030273438,222.06036376953125,226.29193115234375,9.4374998298008e-05,0.0009542382904328406,0.009585488587617874,4.147476673126221,44.56359100341797,0.43222686648368835,0.08441296219825745,0.3164483904838562,0.8936629891395569,0.0,0.0,1.0,99.30116271972656,0.15139137208461761,0.17455555498600006,0.22658860683441162,0.28794318437576294,0.3819523751735687,0.5759583711624146,138.27671813964844,610838.0,nan,nan
csinet_hybrid,csinet,hybrid,exps/seed42/COST2100/in/csinet_hybrid/base/codewords/train_code.pt,100000,512,-0.04343292862176895,1.200028657913208,-14.638837814331055,19.196500778198242,0.7475330233573914,0.5488442778587341,1.4692318439483643,1.8653068542480469,4.066391944885254,-8.437002182006836,-2.778432607650757,-1.5314818620681763,-0.048721276223659515,1.4029245376586914,2.4121475219726562,11.913819313049316,26.95636749267578,3.411052942276001,21.821470260620117,22.64099884033203,24.434364318847656,26.29898452758789,28.814292907714844,33.49801254272461,37.502262115478516,0.00010199219104833901,0.0009984765201807022,0.009969159960746765,0.16416750848293304,11.990467071533203,0.8513475656509399,0.0765143558382988,0.6600623726844788,1.1830167770385742,0.0,0.0,1.0,374.0950927734375,0.055236510932445526,0.08530727028846741,0.13924404978752136,0.20743653178215027,0.3124547004699707,0.5194375514984131,202.72280883789062,13267.0908203125,nan,nan
csinet_transnet,csinet,transnet,exps/seed42/COST2100/in/csinet_transnet/base/codewords/train_code.pt,100000,512,-0.00512657267972827,1.049123764038086,-8.381916046142578,8.153525352478027,0.8176315426826477,0.6674290895462036,1.7114791870117188,2.0917000770568848,2.9172747135162354,-3.718196153640747,-2.578092575073242,-1.7180103063583374,-0.004171990789473057,1.7049305438995361,2.559114933013916,3.686688184738159,23.125934600830078,5.361230850219727,13.722365379333496,15.643778800964355,19.177860260009766,22.418197631835938,26.333450317382812,33.05137252807617,38.20559310913086,8.181640441762283e-05,0.0008135546813718975,0.008151737973093987,0.12364202737808228,0.5102875232696533,1.0356547832489014,0.056315649300813675,0.891737163066864,1.2649741172790527,0.0,0.0,1.0,550.7905883789062,0.035063691437244415,0.06429395824670792,0.1256089061498642,0.20147740840911865,0.31680911779403687,0.5331009030342102,197.60963439941406,39657.45703125,nan,nan
dscnn_cnn_residual,dscnn,cnn_residual,exps/seed42/COST2100/in/dscnn_cnn_residual/base/codewords/train_code.pt,100000,512,-0.21078719198703766,12.378849029541016,-94.2781982421875,73.01287841796875,3.607903480529785,0.4315084218978882,1.8319159746170044,27.28138542175293,60.0162467956543,-88.22974395751953,-53.83814239501953,-1.7654356956481934,-0.0951635092496872,1.991586685180664,54.67401885986328,69.02757263183594,280.1307067871094,2.5141866207122803,275.20660400390625,276.54693603515625,278.4422912597656,279.85455322265625,281.52093505859375,284.631591796875,287.6158447265625,0.00012763672566507012,0.001269082073122263,0.012681386433541775,3.401707410812378,88.33574676513672,0.4836992025375366,0.15582653880119324,0.28968194127082825,1.08965003490448,0.0,0.0,1.0,132.2237091064453,0.047703418880701065,0.0777486190199852,0.14715354144573212,0.23529699444770813,0.35434386134147644,0.5811921954154968,164.86341857910156,148524.375,nan,nan
dscnn_hybrid,dscnn,hybrid,exps/seed42/COST2100/in/dscnn_hybrid/base/codewords/train_code.pt,100000,512,-0.1299188733100891,1.4715042114257812,-13.016592025756836,20.192415237426758,0.9600160717964172,0.7394139766693115,1.914414405822754,2.369739055633545,3.8104398250579834,-9.27155876159668,-3.1270878314971924,-2.0378470420837402,-0.15348491072654724,1.7565696239471436,2.923316478729248,17.489368438720703,33.269588470458984,3.2284207344055176,28.44427490234375,29.236370086669922,30.888111114501953,32.65369415283203,34.97039794921875,39.47921371459961,43.41758346557617,7.513671880587935e-05,0.0007415820145979524,0.007355449255555868,0.24270541965961456,17.489059448242188,1.1195359230041504,0.11549660563468933,0.6055213212966919,1.6030031442642212,0.0,0.0,1.0,648.5569458007812,0.04918772727251053,0.09206576645374298,0.1725500524044037,0.2718324065208435,0.41165250539779663,0.6494687795639038,140.46209716796875,7097.7255859375,nan,nan
dscnn_transnet,dscnn,transnet,exps/seed42/COST2100/in/dscnn_transnet/base/codewords/train_code.pt,100000,512,-0.012816660106182098,1.3142924308776855,-10.667759895324707,9.825752258300781,1.033780574798584,0.8557455539703369,2.150122880935669,2.6015405654907227,3.5545847415924072,-4.442360877990723,-3.163753032684326,-2.162526845932007,-0.013399690389633179,2.137481689453125,3.1470189094543457,4.446934223175049,29.316089630126953,5.006163120269775,21.544055938720703,22.90169334411621,25.565933227539062,28.432052612304688,32.16445541381836,38.86250686645508,44.16447448730469,6.150390981929377e-05,0.0006337890517897904,0.006330117117613554,0.2113567292690277,1.4502509832382202,1.2822022438049316,0.09368552267551422,1.0254607200622559,1.589210033416748,0.0,0.0,1.0,846.2520751953125,0.04310274124145508,0.08131103217601776,0.17500373721122742,0.2721959352493286,0.4008883237838745,0.6193945407867432,154.360595703125,4953.337890625,nan,nan
mlp_ae_cnn_residual,mlp_ae,cnn_residual,exps/seed42/COST2100/in/mlp_ae_cnn_residual/base/codewords/train_code.pt,100000,512,-0.16583460569381714,12.46273422241211,-68.43402862548828,68.65709686279297,4.488580226898193,0.3763950765132904,17.226726531982422,36.15653991699219,55.29873275756836,-66.95589447021484,-51.30891036987305,-16.983789443969727,-0.0993436649441719,20.666568756103516,41.57023239135742,67.13745880126953,282.00103759765625,3.632537841796875,270.5111999511719,274.9809875488281,280.1316223144531,282.76605224609375,284.6580505371094,286.4254150390625,287.26495361328125,0.00014730468683410436,0.0014740234473720193,0.01474134810268879,4.372012615203857,66.97445678710938,0.3557756841182709,0.10564736276865005,0.21890698373317719,0.899394154548645,0.0,0.0,1.0,70.52240753173828,0.1923629492521286,0.21085812151432037,0.2537158727645874,0.30443161725997925,0.386386901140213,0.5602733492851257,134.8879852294922,306848.875,nan,nan
mlp_ae_hybrid,mlp_ae,hybrid,exps/seed42/COST2100/in/mlp_ae_hybrid/base/codewords/train_code.pt,100000,512,-0.03360692784190178,0.22237628698349,-2.4123716354370117,2.6362462043762207,0.13323701918125153,0.09433111548423767,0.25338032841682434,0.3265684247016907,0.9877034425735474,-1.7516547441482544,-0.5058809518814087,-0.28341901302337646,-0.03504092991352081,0.2085474580526352,0.5152643322944641,1.8678053617477417,5.071460723876953,0.42139217257499695,4.4362311363220215,4.537271022796631,4.759912967681885,4.992312431335449,5.298601150512695,5.879075527191162,6.372321128845215,0.0005742773646488786,0.005792558658868074,0.05783833935856819,0.059946440160274506,1.8585785627365112,0.1362796574831009,0.008682654239237309,0.11751635372638702,0.17443084716796875,0.0,0.0,1.0,9.547633171081543,0.03993811458349228,0.07219037413597107,0.13826040923595428,0.21022674441337585,0.3187892735004425,0.5227884650230408,207.27073669433594,55875.19140625,nan,nan
mlp_ae_transnet,mlp_ae,transnet,exps/seed42/COST2100/in/mlp_ae_transnet/base/codewords/train_code.pt,100000,512,-0.0003271645400673151,0.2655549645423889,-2.061455488204956,1.9909169673919678,0.2058049440383911,0.1665657013654709,0.4323086440563202,0.532062292098999,0.7535477876663208,-0.9610779881477356,-0.6626754999160767,-0.4338394105434418,0.0002987578045576811,0.4308176040649414,0.6559739708900452,0.9540002942085266,5.897810459136963,1.149711012840271,3.9558324813842773,4.307836532592773,5.039670467376709,5.7428388595581055,6.5881805419921875,8.036534309387207,9.152010917663574,0.00032824219670146704,0.003270429791882634,0.032680291682481766,0.033365458250045776,0.7748935222625732,0.250570684671402,0.013117140159010887,0.21073496341705322,0.29014456272125244,0.0,0.0,1.0,32.23468017578125,0.035675376653671265,0.06659698486328125,0.12764254212379456,0.20172102749347687,0.3156033158302307,0.5334954857826233,200.327392578125,92540.421875,nan,nan
mlp_mixer_cnn_residual,mlp_mixer,cnn_residual,exps/seed42/COST2100/in/mlp_mixer_cnn_residual/base/codewords/train_code.pt,100000,512,-0.01841811090707779,11.96467113494873,-72.52613830566406,78.65225982666016,3.5605125427246094,0.48863279819488525,2.627570390701294,26.75893211364746,63.9492301940918,-70.8572769165039,-53.113670349121094,-2.033644437789917,0.18845143914222717,3.3157289028167725,52.534725189208984,76.91058349609375,270.729248046875,0.6070513725280762,268.67559814453125,269.55242919921875,270.45172119140625,270.87152099609375,271.1540222167969,271.4214172363281,271.5777587890625,0.00010769531218102202,0.0010839843889698386,0.010827246122062206,3.338510751724243,76.89878845214844,0.535298228263855,0.2166297435760498,0.27545496821403503,1.2348177433013916,0.0,0.0,1.0,170.7397003173828,0.025703178718686104,0.0475144162774086,0.10018801689147949,0.16376565396785736,0.25937849283218384,0.46244844794273376,232.41952514648438,195526.90625,nan,nan
mlp_mixer_hybrid,mlp_mixer,hybrid,exps/seed42/COST2100/in/mlp_mixer_hybrid/base/codewords/train_code.pt,100000,512,0.03380725905299187,0.7364152669906616,-8.481392860412598,9.26546573638916,0.4196226894855499,0.28136828541755676,0.7906897068023682,1.0733256340026855,3.3110930919647217,-5.851820945739746,-1.844136357307434,-0.7728573679924011,0.028166715055704117,0.806513786315918,2.4899799823760986,6.624213695526123,16.631105422973633,1.285668134689331,14.744149208068848,15.027276039123535,15.674471855163574,16.377830505371094,17.318897247314453,19.125152587890625,20.618860244750977,0.00019923827494494617,0.0019610547460615635,0.019555801525712013,0.1536560356616974,6.6313157081604,0.4201071560382843,0.02846762165427208,0.345413476228714,0.5144118666648865,0.0,0.0,1.0,90.77873229980469,0.037033312022686005,0.06903625279664993,0.13200052082538605,0.20275171101093292,0.3144107162952423,0.5310314893722534,196.98626708984375,21046.33203125,nan,nan
mlp_mixer_transnet,mlp_mixer,transnet,exps/seed42/COST2100/in/mlp_mixer_transnet/base/codewords/train_code.pt,100000,512,0.0034819385036826134,0.36413154006004333,-3.0503365993499756,2.543773651123047,0.2852765917778015,0.23439864814281464,0.5962567925453186,0.7247304320335388,0.9956883192062378,-1.2279444932937622,-0.8730670213699341,-0.5915380120277405,0.002659639809280634,0.6010105013847351,0.8925488591194153,1.255197286605835,8.106744766235352,1.4744131565093994,5.674488544464111,6.100874423980713,7.002133369445801,7.887042045593262,8.984987258911133,10.87402057647705,12.338212966918945,0.00023244140902534127,0.0023213671520352364,0.023172812536358833,0.12240133434534073,0.8388839960098267,0.32455915212631226,0.017347663640975952,0.2705213725566864,0.37151601910591125,0.0,0.0,1.0,54.08800506591797,0.030999206006526947,0.059206388890743256,0.11845037341117859,0.1928587257862091,0.30409926176071167,0.5241475105285645,201.51443481445312,74092.078125,nan,nan
resnet_cnn_residual,resnet,cnn_residual,exps/seed42/COST2100/in/resnet_cnn_residual/base/codewords/train_code.pt,100000,512,0.14157181978225708,21.699914932250977,-147.0053253173828,143.95388793945312,5.8970208168029785,0.6368980407714844,2.3496885299682617,45.20428466796875,115.76695251464844,-138.88232421875,-108.3971939086914,-2.5098025798797607,0.10578228533267975,2.2602603435516357,93.98250579833984,134.89566040039062,491.0185241699219,2.2035984992980957,487.53961181640625,488.35333251953125,489.54705810546875,490.5898132324219,492.00732421875,495.1751403808594,498.4578552246094,8.855469059199095e-05,0.000869882816914469,0.008643281646072865,5.5696611404418945,139.0063934326172,0.7067309021949768,0.2598736882209778,0.3706532418727875,1.6826857328414917,0.0,0.0,1.0,290.3083801269531,0.02894444204866886,0.05565334111452103,0.11605815589427948,0.19631724059581757,0.31155115365982056,0.5367310643196106,193.0139617919922,111375.7421875,nan,nan
resnet_hybrid,resnet,hybrid,exps/seed42/COST2100/in/resnet_hybrid/base/codewords/train_code.pt,100000,512,0.09749793261289597,2.2903361320495605,-29.625057220458984,18.026731491088867,1.3133864402770996,0.9697149991989136,2.507105827331543,3.1099445819854736,5.9739885330200195,-25.52035140991211,-3.8197269439697266,-2.3576080799102783,0.1371077001094818,2.6373682022094727,4.280717372894287,13.914253234863281,51.74787902832031,3.576401472091675,46.53752899169922,47.37779998779297,49.14055633544922,51.008670806884766,53.5611457824707,58.688880920410156,63.153282165527344,5.494140714290552e-05,0.0005618554423563182,0.005611054599285126,0.312210351228714,25.556379318237305,1.4685858488082886,0.12525643408298492,0.8334535956382751,1.9671849012374878,0.0,0.0,1.0,1112.297119140625,0.04862472414970398,0.09183155000209808,0.17060261964797974,0.2715633511543274,0.41517990827560425,0.6568195223808289,134.1311492919922,104734.3984375,nan,nan
resnet_transnet,resnet,transnet,exps/seed42/COST2100/in/resnet_transnet/base/codewords/train_code.pt,100000,512,0.0015924990875646472,1.0206419229507446,-10.916772842407227,8.04006290435791,0.7949668169021606,0.6497800946235657,1.6597601175308228,2.0273756980895996,2.8370163440704346,-3.7100861072540283,-2.4934442043304443,-1.6579723358154297,0.0024318406358361244,1.6615527868270874,2.490450620651245,3.596510410308838,22.629993438720703,4.608715057373047,14.858216285705566,16.2042293548584,19.201213836669922,22.025299072265625,25.406658172607422,31.17892074584961,35.705448150634766,8.398437785217538e-05,0.0008378515485674143,0.0083388090133667,0.15401825308799744,1.1675094366073608,0.9900025129318237,0.12284944951534271,0.7943722605705261,2.4799931049346924,0.0,0.0,1.0,509.5459289550781,0.06808724254369736,0.11074213683605194,0.20898671448230743,0.3171941339969635,0.45532989501953125,0.6703645586967468,124.74968719482422,71028.0,nan,nan
sparse_resnet_cnn_residual,sparse_resnet,cnn_residual,exps/seed42/COST2100/in/sparse_resnet_cnn_residual/base/codewords/train_code.pt,100000,512,0.08616700023412704,20.831037521362305,-156.55706787109375,162.1190643310547,5.538087368011475,0.5738638043403625,2.1066720485687256,40.53261947631836,111.38111877441406,-150.0938262939453,-96.39177703857422,-1.9302966594696045,0.15618479251861572,2.232161521911621,73.88201141357422,155.4299774169922,471.3510437011719,2.2814114093780518,467.7528076171875,468.4814453125,469.7315368652344,470.9322509765625,472.5113525390625,475.6430358886719,478.67547607421875,9.359374962514266e-05,0.0009543164051137865,0.00953994132578373,5.211430549621582,155.5565643310547,0.6864021420478821,0.24588876962661743,0.3627517819404602,1.7231409549713135,0.0,0.0,1.0,272.1866149902344,0.028711147606372833,0.055928055197000504,0.12052691727876663,0.2014429122209549,0.3194097876548767,0.5432514548301697,191.14634704589844,100627.1796875,nan,nan
sparse_resnet_hybrid,sparse_resnet,hybrid,exps/seed42/COST2100/in/sparse_resnet_hybrid/base/codewords/train_code.pt,100000,512,-0.12808838486671448,2.235165596008301,-21.831098556518555,32.820526123046875,1.2747645378112793,0.9369773864746094,2.42753267288208,3.015021800994873,6.1376423835754395,-18.12665557861328,-3.815441846847534,-2.567197799682617,-0.2094040811061859,2.235947370529175,4.24923849105835,27.448204040527344,50.53641891479492,3.522031545639038,45.217952728271484,46.17780685424805,47.97138595581055,49.849082946777344,52.368080139160156,57.338565826416016,61.60197067260742,5.742187568102963e-05,0.0005784179666079581,0.0058026365004479885,0.37554654479026794,27.53056526184082,1.4114797115325928,0.12710677087306976,0.9832175970077515,1.778940200805664,0.0,0.0,1.0,1028.3271484375,0.04763196408748627,0.09215379506349564,0.17977720499038696,0.28023040294647217,0.4198731780052185,0.6624506711959839,131.32009887695312,78033.9765625,nan,nan
sparse_resnet_transnet,sparse_resnet,transnet,exps/seed42/COST2100/in/sparse_resnet_transnet/base/codewords/train_code.pt,100000,512,-0.014728574082255363,1.1133612394332886,-11.205501556396484,9.182966232299805,0.8677443861961365,0.7102184295654297,1.8093528747558594,2.206803798675537,3.088726758956909,-4.053676128387451,-2.7285008430480957,-1.824265718460083,-0.014024937525391579,1.7943059206008911,2.691563606262207,3.963930368423462,24.730785369873047,4.8125691413879395,16.423982620239258,17.90453338623047,21.179183959960938,24.16309356689453,27.65396499633789,33.577659606933594,38.25046920776367,7.732422091066837e-05,0.0007645703153684735,0.0076500000432133675,0.18322734534740448,0.888232409954071,1.0772244930267334,0.15734998881816864,0.7953886985778809,2.656789541244507,0.0,0.0,1.0,606.81396484375,0.05962855741381645,0.10545171052217484,0.21856151521205902,0.33724913001060486,0.47689270973205566,0.69277024269104,117.03829956054688,31282.703125,nan,nan
swin_cnn_residual,swin,cnn_residual,exps/seed42/COST2100/in/swin_cnn_residual/base/codewords/train_code.pt,100000,512,0.0076176817528903484,6.987912178039551,-45.273780822753906,45.418880462646484,2.3310258388519287,0.2834632992744446,6.728185653686523,16.932069778442383,32.11730194091797,-43.7017936706543,-27.385225296020508,-7.330862045288086,-0.041404806077480316,3.5582683086395264,29.434694290161133,43.77886199951172,158.11758422851562,0.5340389609336853,157.10626220703125,157.38284301757812,157.76637268066406,158.04776000976562,158.38998413085938,159.09483337402344,159.78778076171875,0.0001940234360517934,0.00196693348698318,0.019701601937413216,2.1776318550109863,43.79396057128906,0.32661476731300354,0.11137131601572037,0.19004498422145844,0.7881796360015869,0.0,0.0,1.0,60.969966888427734,0.023736724629998207,0.04705686867237091,0.097077377140522,0.16296520829200745,0.26993095874786377,0.48885485529899597,214.37049865722656,118350.0,nan,nan
swin_hybrid,swin,hybrid,exps/seed42/COST2100/in/swin_hybrid/base/codewords/train_code.pt,100000,512,0.003171600867062807,0.5896438360214233,-5.215826988220215,6.577285289764404,0.37121033668518066,0.26848506927490234,0.7210283875465393,0.9329450726509094,2.563718795776367,-3.7234156131744385,-1.7126232385635376,-0.7207462191581726,0.0071137212216854095,0.7212995290756226,1.331110954284668,5.293158531188965,13.295543670654297,1.11613130569458,11.620831489562988,11.877038955688477,12.46429443359375,13.090356826782227,13.906816482543945,15.44286060333252,16.695087432861328,0.00020156250684522092,0.002040605526417494,0.020341992378234863,0.07961903512477875,5.269789218902588,0.4061880111694336,0.03737751767039299,0.3164582848548889,0.5338844656944275,0.0,0.0,1.0,85.19036102294922,0.03799498453736305,0.07521755993366241,0.1361360102891922,0.2173188328742981,0.3464645445346832,0.5845975875854492,168.87567138671875,9057.4560546875,nan,nan
swin_transnet,swin,transnet,exps/seed42/COST2100/in/swin_transnet/base/codewords/train_code.pt,100000,512,-0.0005951544735580683,0.33171510696411133,-2.9696481227874756,2.647693395614624,0.2596750557422638,0.21342387795448303,0.5418293476104736,0.6592182517051697,0.9105285406112671,-1.1482285261154175,-0.8060849905014038,-0.5426065325737,-0.00045236945152282715,0.5410614013671875,0.803751528263092,1.1457703113555908,7.349488735198975,1.5241625308990479,4.738702774047852,5.2173848152160645,6.210414409637451,7.15225887298584,8.274956703186035,10.182585716247559,11.605483055114746,0.00025054687284864485,0.0025347655173391104,0.025424804538488388,0.050846364349126816,0.1376938819885254,0.32560819387435913,0.01941564679145813,0.26459014415740967,0.3924195468425751,0.0,0.0,1.0,54.47615051269531,0.036551669239997864,0.07210095971822739,0.13494957983493805,0.2113094925880432,0.3387439548969269,0.5773561000823975,172.83627319335938,19250.5,nan,nan
transnet_cnn_residual,transnet,cnn_residual,exps/seed42/COST2100/in/transnet_cnn_residual/base/codewords/train_code.pt,100000,512,-0.2841692268848419,12.477425575256348,-87.55184936523438,79.33586883544922,3.859225273132324,0.5648719072341919,2.6813673973083496,34.74754333496094,62.122413635253906,-84.53929901123047,-48.27531051635742,-3.5060815811157227,-0.3108975887298584,1.8917038440704346,53.4665412902832,76.59012603759766,282.3833312988281,3.509092330932617,270.958984375,275.6769104003906,280.6700439453125,283.053955078125,284.8321228027344,286.7541809082031,287.9107971191406,0.00010154296614928171,0.0010123437969014049,0.010161562822759151,3.6037211418151855,84.35140228271484,0.6465488076210022,0.2789664566516876,0.2753710150718689,1.4504340887069702,0.0,0.0,1.0,253.8765106201172,0.05690619349479675,0.07582201063632965,0.11890731006860733,0.17746815085411072,0.27452877163887024,0.48001405596733093,216.49630737304688,1468404.5,nan,nan
transnet_hybrid,transnet,hybrid,exps/seed42/COST2100/in/transnet_hybrid/base/codewords/train_code.pt,100000,512,-0.005868458189070225,1.2074987888336182,-12.553022384643555,10.790224075317383,0.720647394657135,0.48379531502723694,1.3783284425735474,1.9331861734390259,5.657451152801514,-9.638222694396973,-2.8706486225128174,-1.4038050174713135,-0.03592731058597565,1.3488376140594482,4.962856769561768,7.756413459777832,27.282546997070312,1.4844244718551636,25.125850677490234,25.43960189819336,26.17300033569336,26.990489959716797,28.082515716552734,30.14805030822754,31.876508712768555,0.00011253906268393621,0.0011412695748731494,0.011332930065691471,0.2746365964412689,9.581501007080078,0.6981852054595947,0.051240816712379456,0.5618770718574524,0.8583264350891113,0.0,0.0,1.0,250.92767333984375,0.03956688940525055,0.07424598187208176,0.14568711817264557,0.22366681694984436,0.33897244930267334,0.5552085638046265,179.0598907470703,528987.5625,nan,nan
transnet_transnet,transnet,transnet,exps/seed42/COST2100/in/transnet_transnet/base/codewords/train_code.pt,100000,512,0.02388472855091095,0.800708532333374,-5.949240684509277,5.402513027191162,0.6266855597496033,0.5138843059539795,1.3106098175048828,1.5953997373580933,2.201136350631714,-2.656079053878784,-1.9008055925369263,-1.2830958366394043,0.021494196727871895,1.3375368118286133,1.9930646419525146,2.8508520126342773,17.884857177734375,2.946963310241699,12.512746810913086,13.533693313598633,15.6785249710083,17.6453857421875,19.788631439208984,23.13971710205078,25.599491119384766,0.00010914062295341864,0.00105740234721452,0.010576601140201092,0.21246090531349182,1.9107922315597534,0.7368507981300354,0.08474328368902206,0.5439104437828064,1.19948148727417,0.0,0.0,1.0,281.6695861816406,0.09808243066072464,0.13348758220672607,0.20861056447029114,0.2881770133972168,0.40596553683280945,0.6270387172698975,138.93301391601562,382169.15625,nan,nan
