num_samples,code_dim,global_mean,global_std,global_rms,sample_norm_mean,sample_norm_std,dim_mean_abs,dim_var_mean,dim_var_std,dim_var_cv,cov_offdiag_ratio,effective_rank,rel_path,family,scheme,seed,encoder,decoder,adapter,best_nmse,final_test_nmse,complete
100000,512,0.2726093828678131,1.014290452003479,1.050286054611206,23.42664909362793,3.997476100921631,0.2726093828678131,1.0287845134735107,2.1568217277526855,2.096475601196289,0.07116001844406128,94.42329406738281,adapter/aux_pca_1e-2/gated_lowrank_affine_mlp/rank32_hidden2048_gate0.1_code1e-3_fc1e-2_lr5e-4_ep400/enc_seed3407_dec_seed42,adapter/aux_pca_1e-2/gated_lowrank_affine_mlp,aux_pca_1e-2,3407,transnet,transnet,gated_lowrank_affine_mlp,-29.216,-29.216,True
100000,512,-0.0004956513876095414,0.2613231837749481,0.2613236606121063,5.787136077880859,1.213905692100525,0.0008720090845599771,0.06828871369361877,0.14173226058483124,2.075485944747925,0.04814530909061432,96.2443618774414,adapter/aux_pca_1e-2_code_mean1e-4_cov1e-4/gated_lowrank_affine_mlp/rank32_hidden2048_gate0.1_code1e-3_fc1e-2_lr5e-4_ep100/enc_seed2026_clnet_transnet_dec_seed42_transnet_transnet,adapter/aux_pca_1e-2_code_mean1e-4_cov1e-4/gated_lowrank_affine_mlp,aux_pca_1e-2_code_mean1e-4_cov1e-4,2026,clnet,transnet,gated_lowrank_affine_mlp,-24.366,-24.366,True
100000,512,0.0004097276250831783,0.261348158121109,0.2613484859466553,5.789412498474121,1.2057567834854126,0.0008148147608153522,0.06830184906721115,0.14195415377616882,2.0783355236053467,0.04775266349315643,96.03421020507812,adapter/aux_pca_1e-2_code_mean1e-4_cov1e-4/gated_lowrank_affine_mlp/rank32_hidden2048_gate0.1_code1e-3_fc1e-2_lr5e-4_ep100/enc_seed2026_crnet_transnet_dec_seed42_transnet_transnet,adapter/aux_pca_1e-2_code_mean1e-4_cov1e-4/gated_lowrank_affine_mlp,aux_pca_1e-2_code_mean1e-4_cov1e-4,2026,crnet,transnet,gated_lowrank_affine_mlp,-26.365,-26.365,True
100000,512,-0.00022627250291407108,0.26038438081741333,0.2603844702243805,5.7828049659729,1.1281899213790894,0.0018666806863620877,0.06779316067695618,0.1417895257472992,2.0915019512176514,0.04867783933877945,95.04409790039062,adapter/aux_pca_1e-2_code_mean1e-4_cov1e-4/gated_lowrank_affine_mlp/rank32_hidden2048_gate0.1_code1e-3_fc1e-2_lr5e-4_ep100/enc_seed2026_csinet_transnet_dec_seed42_transnet_transnet,adapter/aux_pca_1e-2_code_mean1e-4_cov1e-4/gated_lowrank_affine_mlp,aux_pca_1e-2_code_mean1e-4_cov1e-4,2026,csinet,transnet,gated_lowrank_affine_mlp,-23.633,-23.633,True
100000,512,0.0001324049662798643,0.26032400131225586,0.26032403111457825,5.775570869445801,1.1577155590057373,0.00022378208814188838,0.06776852160692215,0.1412302851676941,2.084010124206543,0.04813416674733162,95.60588836669922,adapter/aux_pca_1e-2_code_mean1e-4_cov1e-4/gated_lowrank_affine_mlp/rank32_hidden2048_gate0.1_code1e-3_fc1e-2_lr5e-4_ep100/enc_seed2026_transnet_transnet_dec_seed42_transnet_transnet,adapter/aux_pca_1e-2_code_mean1e-4_cov1e-4/gated_lowrank_affine_mlp,aux_pca_1e-2_code_mean1e-4_cov1e-4,2026,transnet,transnet,gated_lowrank_affine_mlp,-28.945,-28.945,True
100000,512,0.0005710127297788858,0.26097816228866577,0.2609787881374359,5.7804975509643555,1.207528829574585,0.00103470659814775,0.06810799241065979,0.14151661098003387,2.077826738357544,0.047884903848171234,96.07064819335938,adapter/aux_pca_1e-2_code_mean1e-4_cov1e-4/gated_lowrank_affine_mlp/rank32_hidden2048_gate0.1_code1e-3_fc1e-2_lr5e-4_ep100/enc_seed3407_clnet_transnet_dec_seed42_transnet_transnet,adapter/aux_pca_1e-2_code_mean1e-4_cov1e-4/gated_lowrank_affine_mlp,aux_pca_1e-2_code_mean1e-4_cov1e-4,3407,clnet,transnet,gated_lowrank_affine_mlp,-24.484,-24.484,True
100000,512,0.0008497188100591302,0.2607777416706085,0.26077911257743835,5.788334369659424,1.1463541984558105,0.0009101334726437926,0.0680045560002327,0.14179283380508423,2.0850491523742676,0.04827247932553291,95.5269546508789,adapter/aux_pca_1e-2_code_mean1e-4_cov1e-4/gated_lowrank_affine_mlp/rank32_hidden2048_gate0.1_code1e-3_fc1e-2_lr5e-4_ep100/enc_seed3407_crnet_transnet_dec_seed42_transnet_transnet,adapter/aux_pca_1e-2_code_mean1e-4_cov1e-4/gated_lowrank_affine_mlp,aux_pca_1e-2_code_mean1e-4_cov1e-4,3407,crnet,transnet,gated_lowrank_affine_mlp,-24.108,-24.108,True
100000,512,0.00011081977572757751,0.2590951919555664,0.2590952217578888,5.736772537231445,1.2083754539489746,0.0013154997723177075,0.06712691485881805,0.14135336875915527,2.1057629585266113,0.04903509467840195,93.99429321289062,adapter/aux_pca_1e-2_code_mean1e-4_cov1e-4/gated_lowrank_affine_mlp/rank32_hidden2048_gate0.1_code1e-3_fc1e-2_lr5e-4_ep100/enc_seed3407_csinet_transnet_dec_seed42_transnet_transnet,adapter/aux_pca_1e-2_code_mean1e-4_cov1e-4/gated_lowrank_affine_mlp,aux_pca_1e-2_code_mean1e-4_cov1e-4,3407,csinet,transnet,gated_lowrank_affine_mlp,-16.522,-16.522,True
100000,512,9.252473682863638e-05,0.2607455849647522,0.2607456147670746,5.780982494354248,1.1790863275527954,0.00020650762598961592,0.06798820197582245,0.14148683845996857,2.081049919128418,0.04817165806889534,95.8267822265625,adapter/aux_pca_1e-2_code_mean1e-4_cov1e-4/gated_lowrank_affine_mlp/rank32_hidden2048_gate0.1_code1e-3_fc1e-2_lr5e-4_ep100/enc_seed3407_transnet_transnet_dec_seed42_transnet_transnet,adapter/aux_pca_1e-2_code_mean1e-4_cov1e-4/gated_lowrank_affine_mlp,aux_pca_1e-2_code_mean1e-4_cov1e-4,3407,transnet,transnet,gated_lowrank_affine_mlp,-29.54,-29.54,True
100000,512,0.0009779920801520348,0.2611530125141144,0.2611548602581024,5.782207489013672,1.2187814712524414,0.0013153203763067722,0.06819877028465271,0.14146900177001953,2.0743629932403564,0.04775224253535271,96.33263397216797,adapter/aux_pca_1e-2_code_mean1e-4_cov1e-4/gated_lowrank_affine_mlp/rank32_hidden2048_gate0.1_code1e-3_fc1e-2_lr5e-4_ep100/enc_seed42_clnet_transnet_dec_seed42_transnet_transnet,adapter/aux_pca_1e-2_code_mean1e-4_cov1e-4/gated_lowrank_affine_mlp,aux_pca_1e-2_code_mean1e-4_cov1e-4,42,clnet,transnet,gated_lowrank_affine_mlp,-23.712,-23.712,True
100000,512,0.0002885793219320476,0.26121020317077637,0.2612103521823883,5.7974324226379395,1.150636076927185,0.0005175663391128182,0.06823042780160904,0.1424991637468338,2.088498830795288,0.04820287227630615,95.2711410522461,adapter/aux_pca_1e-2_code_mean1e-4_cov1e-4/gated_lowrank_affine_mlp/rank32_hidden2048_gate0.1_code1e-3_fc1e-2_lr5e-4_ep100/enc_seed42_crnet_transnet_dec_seed42_transnet_transnet,adapter/aux_pca_1e-2_code_mean1e-4_cov1e-4/gated_lowrank_affine_mlp,aux_pca_1e-2_code_mean1e-4_cov1e-4,42,crnet,transnet,gated_lowrank_affine_mlp,-22.809,-22.809,True
100000,512,0.00046658579958602786,0.26096174120903015,0.2609621584415436,5.796290874481201,1.1273205280303955,0.0015237565385177732,0.06809698790311813,0.14183056354522705,2.082772970199585,0.048651035875082016,95.69330596923828,adapter/aux_pca_1e-2_code_mean1e-4_cov1e-4/gated_lowrank_affine_mlp/rank32_hidden2048_gate0.1_code1e-3_fc1e-2_lr5e-4_ep100/enc_seed42_csinet_transnet_dec_seed42_transnet_transnet,adapter/aux_pca_1e-2_code_mean1e-4_cov1e-4/gated_lowrank_affine_mlp,aux_pca_1e-2_code_mean1e-4_cov1e-4,42,csinet,transnet,gated_lowrank_affine_mlp,-24.568,-24.568,True
100000,512,0.0006659269565716386,0.26095864176750183,0.2609595060348511,5.78366756439209,1.1900928020477295,0.0008717896416783333,0.06809854507446289,0.14171229302883148,2.080988645553589,0.04804873466491699,95.832275390625,adapter/aux_pca_1e-2_code_mean1e-4_cov1e-4/gated_lowrank_affine_mlp/rank32_hidden2048_gate0.1_code1e-3_fc1e-2_lr5e-4_ep400/enc_seed2026_clnet_transnet_dec_seed42_transnet_transnet,adapter/aux_pca_1e-2_code_mean1e-4_cov1e-4/gated_lowrank_affine_mlp,aux_pca_1e-2_code_mean1e-4_cov1e-4,2026,clnet,transnet,gated_lowrank_affine_mlp,-26.239,-26.239,True
100000,512,-3.972525883000344e-05,0.26041555404663086,0.26041555404663086,5.771694660186768,1.1872090101242065,0.0006438956479541957,0.06781551986932755,0.14105471968650818,2.079977035522461,0.048031147569417953,95.9083480834961,adapter/aux_pca_1e-2_code_mean1e-4_cov1e-4/gated_lowrank_affine_mlp/rank32_hidden2048_gate0.1_code1e-3_fc1e-2_lr5e-4_ep400/enc_seed2026_crnet_transnet_dec_seed42_transnet_transnet,adapter/aux_pca_1e-2_code_mean1e-4_cov1e-4/gated_lowrank_affine_mlp,aux_pca_1e-2_code_mean1e-4_cov1e-4,2026,crnet,transnet,gated_lowrank_affine_mlp,-27.329,-27.329,True
100000,512,0.00026060978416353464,0.2608366906642914,0.26083680987358093,5.785696029663086,1.1662204265594482,0.0013204950373619795,0.0680326446890831,0.14175063371658325,2.0835678577423096,0.04833612218499184,95.63736724853516,adapter/aux_pca_1e-2_code_mean1e-4_cov1e-4/gated_lowrank_affine_mlp/rank32_hidden2048_gate0.1_code1e-3_fc1e-2_lr5e-4_ep400/enc_seed2026_csinet_transnet_dec_seed42_transnet_transnet,adapter/aux_pca_1e-2_code_mean1e-4_cov1e-4/gated_lowrank_affine_mlp,aux_pca_1e-2_code_mean1e-4_cov1e-4,2026,csinet,transnet,gated_lowrank_affine_mlp,-24.845,-24.845,True
100000,512,9.83376448857598e-05,0.260326087474823,0.260326087474823,5.775623798370361,1.157690167427063,0.00025027620722539723,0.06776957213878632,0.14121925830841064,2.083815097808838,0.04791264608502388,95.62238311767578,adapter/aux_pca_1e-2_code_mean1e-4_cov1e-4/gated_lowrank_affine_mlp/rank32_hidden2048_gate0.1_code1e-3_fc1e-2_lr5e-4_ep400/enc_seed2026_transnet_transnet_dec_seed42_transnet_transnet,adapter/aux_pca_1e-2_code_mean1e-4_cov1e-4/gated_lowrank_affine_mlp,aux_pca_1e-2_code_mean1e-4_cov1e-4,2026,transnet,transnet,gated_lowrank_affine_mlp,-28.947,-28.947,True
100000,512,0.00029266689671203494,0.26107296347618103,0.26107314229011536,5.78634786605835,1.1898192167282104,0.0006857365369796753,0.06815829128026962,0.14193107187747955,2.082374334335327,0.04805285111069679,95.72880554199219,adapter/aux_pca_1e-2_code_mean1e-4_cov1e-4/gated_lowrank_affine_mlp/rank32_hidden2048_gate0.1_code1e-3_fc1e-2_lr5e-4_ep400/enc_seed3407_clnet_transnet_dec_seed42_transnet_transnet,adapter/aux_pca_1e-2_code_mean1e-4_cov1e-4/gated_lowrank_affine_mlp,aux_pca_1e-2_code_mean1e-4_cov1e-4,3407,clnet,transnet,gated_lowrank_affine_mlp,-26.427,-26.427,True
100000,512,-3.953805207856931e-05,0.2603652775287628,0.2603652775287628,5.774415969848633,1.1681824922561646,0.0003103608905803412,0.06778992712497711,0.14132273197174072,2.0847158432006836,0.04826098680496216,95.55220794677734,adapter/aux_pca_1e-2_code_mean1e-4_cov1e-4/gated_lowrank_affine_mlp/rank32_hidden2048_gate0.1_code1e-3_fc1e-2_lr5e-4_ep400/enc_seed3407_crnet_transnet_dec_seed42_transnet_transnet,adapter/aux_pca_1e-2_code_mean1e-4_cov1e-4/gated_lowrank_affine_mlp,aux_pca_1e-2_code_mean1e-4_cov1e-4,3407,crnet,transnet,gated_lowrank_affine_mlp,-24.468,-24.468,True
100000,512,0.000915328215342015,0.2606596350669861,0.26066121459007263,5.776109218597412,1.193327784538269,0.0011947550810873508,0.06794167309999466,0.1425311267375946,2.0978453159332275,0.04904279485344887,94.57364654541016,adapter/aux_pca_1e-2_code_mean1e-4_cov1e-4/gated_lowrank_affine_mlp/rank32_hidden2048_gate0.1_code1e-3_fc1e-2_lr5e-4_ep400/enc_seed3407_csinet_transnet_dec_seed42_transnet_transnet,adapter/aux_pca_1e-2_code_mean1e-4_cov1e-4/gated_lowrank_affine_mlp,aux_pca_1e-2_code_mean1e-4_cov1e-4,3407,csinet,transnet,gated_lowrank_affine_mlp,-18.285,-18.285,True
100000,512,0.00011920755787286907,0.26074641942977905,0.26074644923210144,5.780999660491943,1.179090976715088,0.00021507017663680017,0.06798863410949707,0.14148755371570587,2.0810470581054688,0.048148345202207565,95.8271484375,adapter/aux_pca_1e-2_code_mean1e-4_cov1e-4/gated_lowrank_affine_mlp/rank32_hidden2048_gate0.1_code1e-3_fc1e-2_lr5e-4_ep400/enc_seed3407_dec_seed42,adapter/aux_pca_1e-2_code_mean1e-4_cov1e-4/gated_lowrank_affine_mlp,aux_pca_1e-2_code_mean1e-4_cov1e-4,3407,transnet,transnet,gated_lowrank_affine_mlp,-29.539,-29.539,True
100000,512,0.00011920755787286907,0.26074641942977905,0.26074644923210144,5.780999660491943,1.179090976715088,0.00021507017663680017,0.06798863410949707,0.14148755371570587,2.0810470581054688,0.048148345202207565,95.8271484375,adapter/aux_pca_1e-2_code_mean1e-4_cov1e-4/gated_lowrank_affine_mlp/rank32_hidden2048_gate0.1_code1e-3_fc1e-2_lr5e-4_ep400/enc_seed3407_transnet_transnet_dec_seed42_transnet_transnet,adapter/aux_pca_1e-2_code_mean1e-4_cov1e-4/gated_lowrank_affine_mlp,aux_pca_1e-2_code_mean1e-4_cov1e-4,3407,transnet,transnet,gated_lowrank_affine_mlp,-29.539,-29.539,True
100000,512,-1.0104157809109893e-05,0.2595430612564087,0.2595430612564087,5.750027179718018,1.1945037841796875,0.001160725369118154,0.06736011803150177,0.139951691031456,2.0776638984680176,0.048388347029685974,96.07850646972656,adapter/aux_pca_1e-2_code_mean1e-4_cov1e-4/gated_lowrank_affine_mlp/rank32_hidden2048_gate0.1_code1e-3_fc1e-2_lr5e-4_ep400/enc_seed42_clnet_transnet_dec_seed42_transnet_transnet,adapter/aux_pca_1e-2_code_mean1e-4_cov1e-4/gated_lowrank_affine_mlp,aux_pca_1e-2_code_mean1e-4_cov1e-4,42,clnet,transnet,gated_lowrank_affine_mlp,-26.418,-26.418,True
100000,512,0.0003046779311262071,0.25987738370895386,0.2598775327205658,5.7644829750061035,1.161612868309021,0.0005211682873778045,0.06753592193126678,0.1407155692577362,2.083566188812256,0.04809354990720749,95.63908386230469,adapter/aux_pca_1e-2_code_mean1e-4_cov1e-4/gated_lowrank_affine_mlp/rank32_hidden2048_gate0.1_code1e-3_fc1e-2_lr5e-4_ep400/enc_seed42_crnet_transnet_dec_seed42_transnet_transnet,adapter/aux_pca_1e-2_code_mean1e-4_cov1e-4/gated_lowrank_affine_mlp,aux_pca_1e-2_code_mean1e-4_cov1e-4,42,crnet,transnet,gated_lowrank_affine_mlp,-23.294,-23.294,True
100000,512,0.0006114548305049539,0.25955531001091003,0.25955602526664734,5.759260654449463,1.1506582498550415,0.0013204653514549136,0.06736591458320618,0.1403479427099228,2.083367347717285,0.04822058603167534,95.65303039550781,adapter/aux_pca_1e-2_code_mean1e-4_cov1e-4/gated_lowrank_affine_mlp/rank32_hidden2048_gate0.1_code1e-3_fc1e-2_lr5e-4_ep400/enc_seed42_csinet_transnet_dec_seed42_transnet_transnet,adapter/aux_pca_1e-2_code_mean1e-4_cov1e-4/gated_lowrank_affine_mlp,aux_pca_1e-2_code_mean1e-4_cov1e-4,42,csinet,transnet,gated_lowrank_affine_mlp,-25.885,-25.885,True
100000,512,-0.0032611852511763573,0.8640645742416382,0.8640706539154053,15.818427085876465,11.491122245788574,0.0037216776981949806,0.7465959191322327,0.6209747195243835,0.8317413926124573,5.985076904296875,8.219932556152344,adapter/aux_pca_1e-2_code_reg_weak/gated_lowrank_affine_mlp/rank32_hidden2048_gate0.1_code1e-3_fc1e-2_lr5e-4_ep400/enc_seed3407_dec_seed42,adapter/aux_pca_1e-2_code_reg_weak/gated_lowrank_affine_mlp,aux_pca_1e-2_code_reg_weak,3407,transnet,transnet,gated_lowrank_affine_mlp,-14.379,-14.379,True
100000,512,0.20618440210819244,0.4529566168785095,0.4976763129234314,11.122941970825195,1.758751392364502,0.20618440210819244,0.20499005913734436,0.4837830662727356,2.360031843185425,0.05624421313405037,77.68942260742188,adapter/aux_pca_1e-3/diag_affine/rank32_code1e-3_fc1e-2_lr2e-4/enc_seed2026_dec_seed42,adapter/aux_pca_1e-3/diag_affine,aux_pca_1e-3,2026,transnet,transnet,diag_affine,-12.535,-11.771,True
100000,512,0.20708559453487396,0.4976798892021179,0.5390452146530151,12.013460159301758,2.109145402908325,0.20708560943603516,0.24768319725990295,0.5101828575134277,2.0598201751708984,0.07655666768550873,97.09088897705078,adapter/aux_pca_1e-3/gated_lowrank_affine_linear/rank32_gate0.1_code1e-3_fc1e-2_lr5e-4_ep400/enc_seed2026_dec_seed42,adapter/aux_pca_1e-3/gated_lowrank_affine_linear,aux_pca_1e-3,2026,transnet,transnet,gated_lowrank_affine_linear,-20.187,,False
100000,512,0.2065799981355667,0.49739566445350647,0.5385887026786804,11.999566078186035,2.1284306049346924,0.2065799981355667,0.24739870429039001,0.5101361870765686,2.062000274658203,0.07509052008390427,96.94690704345703,adapter/aux_pca_1e-3/gated_lowrank_affine_linear/rank32_gate0.1_code1e-3_fc1e-3_lr5e-4_ep400/enc_seed2026_dec_seed42,adapter/aux_pca_1e-3/gated_lowrank_affine_linear,aux_pca_1e-3,2026,transnet,transnet,gated_lowrank_affine_linear,-21.935,,False
100000,512,0.2037411332130432,0.497524231672287,0.5376251935958862,11.970012664794922,2.1697275638580322,0.2037411332130432,0.2475298047065735,0.5098150968551636,2.0596108436584473,0.07547805458307266,97.12313079833984,adapter/aux_pca_1e-3/gated_lowrank_affine_mlp/rank32_hidden1024_gate0.1_code1e-3_fc1e-2_lr5e-4_ep400/enc_seed2026_dec_seed42,adapter/aux_pca_1e-3/gated_lowrank_affine_mlp,aux_pca_1e-3,2026,transnet,transnet,gated_lowrank_affine_mlp,-26.818,-26.818,True
100000,512,0.20350737869739532,0.4970591962337494,0.5371062159538269,11.963293075561523,2.140784978866577,0.20350739359855652,0.247065931558609,0.5092558860778809,2.0612144470214844,0.07547874748706818,97.00076293945312,adapter/aux_pca_1e-3/gated_lowrank_affine_mlp/rank32_hidden1024_gate0.1_code1e-3_fc1e-3_lr5e-4_ep400/enc_seed2026_dec_seed42,adapter/aux_pca_1e-3/gated_lowrank_affine_mlp,aux_pca_1e-3,2026,transnet,transnet,gated_lowrank_affine_mlp,-26.907,,False
100000,512,0.20395566523075104,0.4970061779022217,0.537227213382721,11.972399711608887,2.105123519897461,0.20395566523075104,0.2470146119594574,0.509536623954773,2.062779188156128,0.07583718001842499,96.87638854980469,adapter/aux_pca_1e-3/gated_lowrank_affine_mlp/rank32_hidden2048_gate0.1_code1e-3_fc1e-2_lr5e-4_ep1000/enc_seed2026_dec_seed42,adapter/aux_pca_1e-3/gated_lowrank_affine_mlp,aux_pca_1e-3,2026,transnet,transnet,gated_lowrank_affine_mlp,-27.478,-27.425,True
100000,512,0.2038055807352066,0.49745550751686096,0.537585973739624,11.973859786987305,2.143364667892456,0.2038055658340454,0.24746140837669373,0.5098708868026733,2.060405731201172,0.0755806490778923,97.06092071533203,adapter/aux_pca_1e-3/gated_lowrank_affine_mlp/rank32_hidden2048_gate0.1_code1e-3_fc1e-2_lr5e-4_ep200/enc_seed2026_dec_seed42,adapter/aux_pca_1e-3/gated_lowrank_affine_mlp,aux_pca_1e-3,2026,transnet,transnet,gated_lowrank_affine_mlp,-26.959,-26.959,True
100000,512,0.2046249508857727,0.4969273507595062,0.537408709526062,11.977593421936035,2.0992894172668457,0.2046249508857727,0.24693618714809418,0.509431779384613,2.063009738922119,0.07550253719091415,96.8638687133789,adapter/aux_pca_1e-3/gated_lowrank_affine_mlp/rank32_hidden2048_gate0.1_code1e-3_fc1e-2_lr5e-4_ep3000/enc_seed2026_dec_seed42,adapter/aux_pca_1e-3/gated_lowrank_affine_mlp,aux_pca_1e-3,2026,transnet,transnet,gated_lowrank_affine_mlp,-27.601,,False
100000,512,0.203559011220932,0.49708640575408936,0.5371509790420532,11.968204498291016,2.1189615726470947,0.203559011220932,0.24709445238113403,0.5095009803771973,2.0619685649871826,0.07574962079524994,96.93936920166016,adapter/aux_pca_1e-3/gated_lowrank_affine_mlp/rank32_hidden2048_gate0.1_code1e-3_fc1e-2_lr5e-4_ep400/enc_seed2026_dec_seed42,adapter/aux_pca_1e-3/gated_lowrank_affine_mlp,aux_pca_1e-3,2026,transnet,transnet,gated_lowrank_affine_mlp,-27.305,-27.303,True
100000,512,0.20434515178203583,0.49717363715171814,0.5375300645828247,11.975492477416992,2.127002716064453,0.20434516668319702,0.24718007445335388,0.5096673369407654,2.061927318572998,0.07548333704471588,96.94642639160156,adapter/aux_pca_1e-3/gated_lowrank_affine_mlp/rank32_hidden2048_gate0.1_code1e-3_fc1e-3_lr5e-4_ep200/enc_seed2026_dec_seed42,adapter/aux_pca_1e-3/gated_lowrank_affine_mlp,aux_pca_1e-3,2026,transnet,transnet,gated_lowrank_affine_mlp,-26.897,,False
100000,512,0.2041833996772766,0.496969997882843,0.537280261516571,11.972660064697266,2.110567092895508,0.20418336987495422,0.24697773158550262,0.5094639658927917,2.062793016433716,0.0753917396068573,96.88200378417969,adapter/aux_pca_1e-3/gated_lowrank_affine_mlp/rank32_hidden2048_gate0.1_code1e-3_fc1e-3_lr5e-4_ep400/enc_seed2026_dec_seed42,adapter/aux_pca_1e-3/gated_lowrank_affine_mlp,aux_pca_1e-3,2026,transnet,transnet,gated_lowrank_affine_mlp,-27.024,,False
100000,512,0.20489050447940826,0.49773672223091125,0.5382582545280457,11.984123229980469,2.1721932888031006,0.20489048957824707,0.24773985147476196,0.5094049572944641,2.056209087371826,0.07519908994436264,97.38741302490234,adapter/aux_pca_1e-3/gated_lowrank_affine_mlp/rank32_hidden512_gate0.1_code1e-3_fc1e-3_lr5e-4_ep400/enc_seed2026_dec_seed42,adapter/aux_pca_1e-3/gated_lowrank_affine_mlp,aux_pca_1e-3,2026,transnet,transnet,gated_lowrank_affine_mlp,-25.879,,False
100000,512,0.2111627459526062,0.5533110499382019,0.5922354459762573,13.142312049865723,2.61914324760437,0.2111627459526062,0.3061308264732361,0.5553986430168152,1.8142526149749756,0.12257656455039978,117.54378509521484,adapter/aux_pca_1e-3/lowrank_affine/rank32_code1e-3_fc1e-2_lr2e-4/enc_seed2026_dec_seed42,adapter/aux_pca_1e-3/lowrank_affine,aux_pca_1e-3,2026,transnet,transnet,lowrank_affine,-11.259,-11.091,True
100000,512,0.20408125221729279,0.4968299865722656,0.5371119379997253,11.9693021774292,2.107667922973633,0.2040812373161316,0.2468392252922058,0.5090764760971069,2.062380790710449,0.07501023262739182,96.91893768310547,adapter/aux_pca_1e-3/lowrank_affine_mlp/rank32_hidden2048_code1e-3_fc1e-2_lr2e-4/enc_seed2026_dec_seed42,adapter/aux_pca_1e-3/lowrank_affine_mlp,aux_pca_1e-3,2026,transnet,transnet,lowrank_affine_mlp,-26.573,-26.49,True
100000,512,0.20399241149425507,0.4995814561843872,0.5396244525909424,11.978201866149902,2.369445323944092,0.20399241149425507,0.24957001209259033,0.5140768885612488,2.0598504543304443,0.0745520144701004,97.11841583251953,adapter/aux_pca_1e-3/mlp/best_code1e-3_lr2e-4/enc_seed2026_dec_seed42,adapter/aux_pca_1e-3/mlp,aux_pca_1e-3,2026,transnet,transnet,mlp,-24.753,-24.742,True
100000,512,0.2041434347629547,0.4996136426925659,0.5397113561630249,11.982972145080566,2.355417490005493,0.2041434496641159,0.24960626661777496,0.514102041721344,2.059652090072632,0.07507539540529251,97.1258544921875,adapter/aux_pca_1e-3/mlp/code1e-3_fc1e-3_lr2e-4/enc_seed2026_dec_seed42,adapter/aux_pca_1e-3/mlp,aux_pca_1e-3,2026,transnet,transnet,mlp,-24.884,-24.847,True
100000,512,0.20451714098453522,0.49965736269950867,0.5398932695388794,11.988112449645996,2.350609064102173,0.20451714098453522,0.24964872002601624,0.5146457552909851,2.0614795684814453,0.0749041736125946,96.98912811279297,adapter/aux_pca_1e-3/mlp/code1e-3_fc1e-3_recT1_lr2e-4/enc_seed2026_dec_seed42,adapter/aux_pca_1e-3/mlp,aux_pca_1e-3,2026,transnet,transnet,mlp,-24.8,-24.79,True
100000,512,0.20424319803714752,0.49959754943847656,0.5397341847419739,11.98011302947998,2.372579574584961,0.20424319803714752,0.24958854913711548,0.5139493346214294,2.0591864585876465,0.07519561052322388,97.15979766845703,adapter/aux_pca_1e-3/mlp/code1e-3_recT1_lr2e-4/enc_seed2026_dec_seed42,adapter/aux_pca_1e-3/mlp,aux_pca_1e-3,2026,transnet,transnet,mlp,-24.752,-24.711,True
100000,512,0.2062983214855194,0.498556911945343,0.5395535230636597,11.990087509155273,2.300046443939209,0.20629830658435822,0.24854403734207153,0.5115700364112854,2.058267116546631,0.07481960207223892,97.235595703125,adapter/aux_pca_1e-3/mlp/enc_seed2026_dec_seed42_recon0.0_code1.0_lr1e-3,adapter/aux_pca_1e-3/mlp,aux_pca_1e-3,2026,transnet,transnet,mlp,-24.507,-24.194,True
100000,512,-0.02216503769159317,4.562607765197754,4.562661647796631,103.02497863769531,6.679089069366455,2.7279086112976074,1.7282159328460693,3.6625094413757324,2.1192429065704346,1.4059563875198364,31.326026916503906,adapter/aux_pca_1e-3/mlp/enc_seed2026_dec_seed42_recon1.0_code0.0_lr2e-4,adapter/aux_pca_1e-3/mlp,aux_pca_1e-3,2026,transnet,transnet,mlp,-12.571,-12.571,True
100000,512,0.20737074315547943,0.49974656105041504,0.5410630702972412,12.023332595825195,2.3080477714538574,0.20737072825431824,0.24972981214523315,0.5132572054862976,2.0552499294281006,0.07709819078445435,97.43304443359375,adapter/aux_pca_1e-3/mlp/enc_seed2026_dec_seed42_recon1.0_code1e-1_lr1e-3,adapter/aux_pca_1e-3/mlp,aux_pca_1e-3,2026,transnet,transnet,mlp,-24.342,-24.052,True
100000,512,0.2048967480659485,0.49964603781700134,0.5400266647338867,11.98857593536377,2.3638925552368164,0.2048967480659485,0.24963681399822235,0.514471173286438,2.0608785152435303,0.07614153623580933,97.01673889160156,adapter/aux_pca_1e-3/mlp/enc_seed2026_dec_seed42_recon1.0_code1e-2_lr1e-3,adapter/aux_pca_1e-3/mlp,aux_pca_1e-3,2026,transnet,transnet,mlp,-24.084,-23.735,True
100000,512,0.20398734509944916,0.4995814859867096,0.5396225452423096,11.978157043457031,2.369452953338623,0.20398733019828796,0.2495700567960739,0.5140773057937622,2.05985164642334,0.07455170154571533,97.11830139160156,adapter/aux_pca_1e-3/mlp/enc_seed2026_dec_seed42_recon1.0_code1e-3_lr2e-4,adapter/aux_pca_1e-3/mlp,aux_pca_1e-3,2026,transnet,transnet,mlp,-24.753,-24.742,True
100000,512,0.19249655306339264,0.6876383423805237,0.7140738368034363,15.890908241271973,2.9237911701202393,0.19249656796455383,0.4728460907936096,0.9825608134269714,2.0779716968536377,0.05749433487653732,95.96234893798828,adapter/aux_pca_5e-3/gated_lowrank_affine_mlp/rank32_hidden2048_gate0.1_code1e-3_fc1e-2_lr5e-4_ep400/enc_seed3407_dec_seed42,adapter/aux_pca_5e-3/gated_lowrank_affine_mlp,aux_pca_5e-3,3407,transnet,transnet,gated_lowrank_affine_mlp,-28.96,-28.96,True
100000,512,1.4458328223554417e-05,0.18602679669857025,0.18602681159973145,4.121120929718018,0.8570981025695801,0.00034626381238922477,0.03460577875375748,0.07176410406827927,2.073760747909546,0.0696956142783165,96.13062286376953,adapter/aux_pca_5e-3_code_mean1e-4/gated_lowrank_affine_mlp/rank32_hidden2048_gate0.1_code1e-3_fc1e-2_lr5e-4_ep400/enc_seed3407_dec_seed42,adapter/aux_pca_5e-3_code_mean1e-4/gated_lowrank_affine_mlp,aux_pca_5e-3_code_mean1e-4,3407,transnet,transnet,gated_lowrank_affine_mlp,-27.876,-27.876,True
100000,512,1.3238935025583487e-05,0.20934441685676575,0.20934441685676575,4.637732982635498,0.9643024802207947,0.00033906238968484104,0.043824903666973114,0.09101372212171555,2.0767581462860107,0.05378507450222969,96.09381866455078,adapter/aux_pca_5e-3_code_mean1e-4_cov1e-4/gated_lowrank_affine_mlp/rank32_hidden2048_gate0.1_code1e-3_fc1e-2_lr5e-4_ep400/enc_seed3407_dec_seed42,adapter/aux_pca_5e-3_code_mean1e-4_cov1e-4/gated_lowrank_affine_mlp,aux_pca_5e-3_code_mean1e-4_cov1e-4,3407,transnet,transnet,gated_lowrank_affine_mlp,-26.778,-26.778,True
100000,512,-0.001113098580390215,0.9752508997917175,0.9752515554428101,19.741941452026367,9.860366821289062,0.0019741300493478775,0.9511088132858276,0.49976250529289246,0.5254524946212769,11.23732852935791,3.152575969696045,adapter/aux_pca_5e-3_code_reg/mlp/best_code1e-3_lr2e-4/enc_seed2026_dec_seed42,adapter/aux_pca_5e-3_code_reg/mlp,aux_pca_5e-3_code_reg,2026,transnet,transnet,mlp,-16.703,-16.663,True
100000,512,-0.0013193192426115274,0.9760110378265381,0.9760119318962097,19.76145362854004,9.859801292419434,0.002114829607307911,0.9525911211967468,0.5010563135147095,0.5259930491447449,11.200889587402344,3.171557664871216,adapter/aux_pca_5e-3_code_reg_mid/gated_lowrank_affine_mlp/rank32_hidden2048_gate0.1_code1e-3_fc1e-2_lr5e-4_ep400/enc_seed3407_dec_seed42,adapter/aux_pca_5e-3_code_reg_mid/gated_lowrank_affine_mlp,aux_pca_5e-3_code_reg_mid,3407,transnet,transnet,gated_lowrank_affine_mlp,-23.191,-23.191,True
100000,512,0.0037667828146368265,0.870357871055603,0.8703660368919373,16.318790435791016,11.02524471282959,0.004273146390914917,0.7575094699859619,0.6174615621566772,0.8151205778121948,5.963770389556885,8.413318634033203,adapter/aux_pca_5e-3_code_reg_weak/gated_lowrank_affine_mlp/rank32_hidden2048_gate0.1_code1e-3_fc1e-2_lr5e-4_ep400/enc_seed3407_dec_seed42,adapter/aux_pca_5e-3_code_reg_weak/gated_lowrank_affine_mlp,aux_pca_5e-3_code_reg_weak,3407,transnet,transnet,gated_lowrank_affine_mlp,-22.57,-22.57,True
100000,512,-0.12168720364570618,1.3237440586090088,1.3293254375457764,29.48099708557129,5.969005107879639,0.12168720364570618,1.7522802352905273,0.3689599335193634,0.2105598896741867,2.9210426807403564,51.43319320678711,aux_dct_1e-3/seed1024_transnet_transnet,encoder,aux_dct_1e-3,1024,transnet,transnet,,-24.604,-24.559,True
100000,512,-0.10369192808866501,1.2225534915924072,1.2269431352615356,27.210418701171875,5.509305000305176,0.10369192063808441,1.4946246147155762,0.31397971510887146,0.2100726217031479,2.920081853866577,51.473697662353516,aux_dct_1e-3/seed2026_transnet_transnet,encoder,aux_dct_1e-3,2026,transnet,transnet,,-25.072,-25.029,True
100000,512,0.12066220492124557,1.379878044128418,1.3851436376571655,30.73646354675293,6.132253170013428,0.12066221237182617,1.904044508934021,0.3982245922088623,0.2091466784477234,2.9243733882904053,51.357513427734375,aux_dct_1e-3/seed3407_transnet_transnet,encoder,aux_dct_1e-3,3407,transnet,transnet,,-24.457,-24.457,True
100000,512,0.13069067895412445,1.4581977128982544,1.4640425443649292,32.484859466552734,6.4934797286987305,0.13069067895412445,2.1263203620910645,0.4467999041080475,0.21012821793556213,2.9227826595306396,51.38699722290039,aux_dct_1e-3/seed42_transnet_transnet,encoder,aux_dct_1e-3,42,transnet,transnet,,-24.306,-24.306,True
100000,512,-0.11229998618364334,1.2719143629074097,1.276862382888794,28.323619842529297,5.703137397766113,0.11229999363422394,1.6177536249160767,0.33986255526542664,0.2100830078125,2.9213497638702393,51.43302917480469,aux_dct_1e-3/seed796_transnet_transnet,encoder,aux_dct_1e-3,796,transnet,transnet,,-24.62,-24.62,True
100000,512,0.25557875633239746,0.9758124947547913,1.0087271928787231,22.4696044921875,4.011547565460205,0.2555787265300751,0.9522092342376709,1.9878555536270142,2.0876247882843018,0.08191559463739395,94.92008972167969,aux_pca_1e-2/seed3407_transnet_transnet,encoder,aux_pca_1e-2,3407,transnet,transnet,,-29.37,-29.37,True
100000,512,0.2726467251777649,1.0143097639083862,1.0503144264221191,23.426801681518555,4.000391960144043,0.2726467251777649,1.0288233757019043,2.1572017669677734,2.0967659950256348,0.07118180394172668,94.40170288085938,aux_pca_1e-2/seed42_transnet_transnet,encoder,aux_pca_1e-2,42,transnet,transnet,,-29.339,-29.339,True
100000,512,-4.9149777623824775e-05,0.44824403524398804,0.4482440650463104,9.928779602050781,2.0716590881347656,9.835306263994426e-05,0.20092274248600006,0.41525566577911377,2.0667428970336914,0.09080535173416138,96.33737182617188,aux_pca_1e-2_code_mean1e-4_cov1e-4/seed2026_clnet_transnet,encoder,aux_pca_1e-2_code_mean1e-4_cov1e-4,2026,clnet,transnet,,-29.049,-29.049,True
100000,512,-5.6716602557571605e-05,0.4182385504245758,0.4182385504245758,9.263927459716797,1.9340336322784424,0.000515918480232358,0.17492294311523438,0.3625468611717224,2.0726089477539062,0.06251856684684753,96.30894470214844,aux_pca_1e-2_code_mean1e-4_cov1e-4/seed2026_crnet_transnet,encoder,aux_pca_1e-2_code_mean1e-4_cov1e-4,2026,crnet,transnet,,-28.874,-28.874,True
100000,512,-0.00023789555416442454,0.04780855029821396,0.047809142619371414,1.0596089363098145,0.2179783135652542,0.0010205889120697975,0.0022840050514787436,0.004709100350737572,2.0617730617523193,0.26608243584632874,91.0656967163086,aux_pca_1e-2_code_mean1e-4_cov1e-4/seed2026_csinet_transnet,encoder,aux_pca_1e-2_code_mean1e-4_cov1e-4,2026,csinet,transnet,,-25.998,-25.998,True
100000,512,1.947661439771764e-05,0.2537365257740021,0.2537365257740021,5.623800277709961,1.1560983657836914,0.00021192779240664095,0.06438213586807251,0.13381101191043854,2.0783872604370117,0.048752497881650925,96.02098846435547,aux_pca_1e-2_code_mean1e-4_cov1e-4/seed2026_transnet_transnet,encoder,aux_pca_1e-2_code_mean1e-4_cov1e-4,2026,transnet,transnet,,-29.546,-29.546,True
100000,512,3.270851448178291e-05,0.43976858258247375,0.43976858258247375,9.741256713867188,2.0314698219299316,0.00012037924898322672,0.19339635968208313,0.39940980076789856,2.065239429473877,0.09688514471054077,96.34209442138672,aux_pca_1e-2_code_mean1e-4_cov1e-4/seed3407_clnet_transnet,encoder,aux_pca_1e-2_code_mean1e-4_cov1e-4,3407,clnet,transnet,,-28.919,-28.919,True
100000,512,-0.0007218173122964799,0.18403302133083344,0.18403442203998566,4.076591491699219,0.849800705909729,0.0020043854601681232,0.03386230021715164,0.06926757097244263,2.0455660820007324,0.20664332807064056,94.71862030029297,aux_pca_1e-2_code_mean1e-4_cov1e-4/seed3407_crnet_transnet,encoder,aux_pca_1e-2_code_mean1e-4_cov1e-4,3407,crnet,transnet,,-26.597,-26.597,True
100000,512,0.00015012962103355676,0.5366177558898926,0.5366178154945374,11.892388343811035,2.450700044631958,0.002882423112168908,0.287945032119751,0.6176528930664062,2.1450374126434326,0.11116073280572891,90.29685974121094,aux_pca_1e-2_code_mean1e-4_cov1e-4/seed3407_csinet_transnet,encoder,aux_pca_1e-2_code_mean1e-4_cov1e-4,3407,csinet,transnet,,-22.864,-22.864,True
100000,512,5.619410876533948e-05,0.2606264352798462,0.2606264352798462,5.778158664703369,1.1794339418411255,0.0003004227764904499,0.06792600452899933,0.14130793511867523,2.0803215503692627,0.05049322545528412,95.85897827148438,aux_pca_1e-2_code_mean1e-4_cov1e-4/seed3407_transnet_transnet,encoder,aux_pca_1e-2_code_mean1e-4_cov1e-4,3407,transnet,transnet,,-29.571,-29.571,True
100000,512,2.194610351580195e-05,0.5002880096435547,0.5002880096435547,11.081399917602539,2.3130197525024414,0.00011273255222477019,0.25028806924819946,0.5187556743621826,2.07263445854187,0.0639633759856224,96.2899169921875,aux_pca_1e-2_code_mean1e-4_cov1e-4/seed42_clnet_transnet,encoder,aux_pca_1e-2_code_mean1e-4_cov1e-4,42,clnet,transnet,,-28.803,-28.803,True
100000,512,-8.025834540603682e-05,0.21932965517044067,0.21932965517044067,4.858072280883789,1.0144704580307007,0.0033660978078842163,0.048087235540151596,0.0993032455444336,2.0650646686553955,0.14633803069591522,95.21944427490234,aux_pca_1e-2_code_mean1e-4_cov1e-4/seed42_crnet_transnet,encoder,aux_pca_1e-2_code_mean1e-4_cov1e-4,42,crnet,transnet,,-24.922,-24.922,True
100000,512,0.0006356190424412489,0.03780607506632805,0.03781141713261604,0.8378037214279175,0.17347349226474762,0.0011188860516995192,0.001427818089723587,0.002961703110486269,2.0742859840393066,0.1973845511674881,92.93980407714844,aux_pca_1e-2_code_mean1e-4_cov1e-4/seed42_csinet_transnet,encoder,aux_pca_1e-2_code_mean1e-4_cov1e-4,42,csinet,transnet,,-26.562,-26.562,True
100000,512,8.428226283285767e-05,0.260768324136734,0.260768324136734,5.7817158699035645,1.1780567169189453,0.0003032295498996973,0.06799997389316559,0.14150851964950562,2.0810084342956543,0.04810961335897446,95.83038330078125,aux_pca_1e-2_code_mean1e-4_cov1e-4/seed42_transnet_transnet,encoder,aux_pca_1e-2_code_mean1e-4_cov1e-4,42,transnet,transnet,,-29.579,-29.579,True
100000,512,-0.005441581830382347,0.9575727581977844,0.957588255405426,19.391754150390625,9.667015075683594,0.0054630981758236885,0.9169439077377319,0.4895746409893036,0.5339199304580688,11.43217945098877,3.0255703926086426,aux_pca_1e-2_code_reg/seed2026_transnet_transnet,encoder,aux_pca_1e-2_code_reg,2026,transnet,transnet,,-25.293,-25.015,True
100000,512,-0.004243242088705301,0.9596980810165405,0.9597074389457703,19.367876052856445,9.82125473022461,0.00426382664591074,0.9210175275802612,0.4833851158618927,0.5248381495475769,11.586812019348145,2.9681434631347656,aux_pca_1e-2_code_reg/seed3407_transnet_transnet,encoder,aux_pca_1e-2_code_reg,3407,transnet,transnet,,-20.717,-20.347,True
100000,512,-0.003222014056518674,0.9719913601875305,0.9719966650009155,19.606891632080078,9.964733123779297,0.003331886138767004,0.9447636008262634,0.48371565341949463,0.5119965076446533,11.777616500854492,2.903763771057129,aux_pca_1e-2_code_reg/seed42_transnet_transnet,encoder,aux_pca_1e-2_code_reg,42,transnet,transnet,,-25.308,-25.308,True
100000,512,0.0005866446881555021,0.8849731683731079,0.884973406791687,16.034242630004883,11.995423316955566,0.0011543645523488522,0.7831751108169556,0.6414430737495422,0.819028913974762,6.218292713165283,7.726009368896484,aux_pca_1e-2_code_reg_weak/seed3407_transnet_transnet,encoder,aux_pca_1e-2_code_reg_weak,3407,transnet,transnet,,-27.507,-27.507,True
100000,512,-0.004963331390172243,0.8602477312088013,0.8602620363235474,15.782917976379395,11.393218994140625,0.005131366662681103,0.7400205135345459,0.602214515209198,0.8137808442115784,6.172325611114502,7.879070281982422,aux_pca_1e-2_code_reg_weak/seed42_transnet_transnet,encoder,aux_pca_1e-2_code_reg_weak,42,transnet,transnet,,-27.104,-27.104,True
100000,512,-0.2514697015285492,0.5157249569892883,0.5737676620483398,12.809469223022461,2.114854335784912,0.2514697313308716,0.26597175002098083,0.5492385625839233,2.065026044845581,0.07055561244487762,96.78033447265625,aux_pca_1e-3/seed1024_transnet_transnet,encoder,aux_pca_1e-3,1024,transnet,transnet,,-29.323,-29.323,True
100000,512,-0.2556084394454956,0.5917751789093018,0.6446189284324646,14.378584861755371,2.451425790786743,0.2556084394454956,0.350197434425354,0.7232527136802673,2.0652713775634766,0.0831577479839325,96.575927734375,aux_pca_1e-3/seed2026_transnet_transnet,encoder,aux_pca_1e-3,2026,transnet,transnet,,-29.62,-29.62,True
100000,512,0.23696690797805786,0.5026371479034424,0.5556954145431519,12.40460205078125,2.056723117828369,0.23696690797805786,0.25264352560043335,0.5233438014984131,2.0714712142944336,0.06354255974292755,96.38079071044922,aux_pca_1e-3/seed3407_transnet_transnet,encoder,aux_pca_1e-3,3407,transnet,transnet,,-29.889,-29.889,True
100000,512,0.20341679453849792,0.49690765142440796,0.5369316935539246,11.96805191040039,2.091188430786133,0.20341680943965912,0.24691681563854218,0.5094865560531616,2.0633935928344727,0.07561875134706497,96.83293914794922,aux_pca_1e-3/seed42_transnet_transnet,encoder,aux_pca_1e-3,42,transnet,transnet,,-29.528,-29.528,True
100000,512,-0.228128582239151,0.5454868674278259,0.5912687182426453,13.180617332458496,2.294743776321411,0.2281286120414734,0.297555536031723,0.6133458018302917,2.061281681060791,0.0918220654129982,96.73268127441406,aux_pca_1e-3/seed796_transnet_transnet,encoder,aux_pca_1e-3,796,transnet,transnet,,-29.181,-29.181,True
100000,512,-0.009055428206920624,0.96408611536026,0.9641286134719849,19.8691463470459,9.00797176361084,0.009327538311481476,0.9294402599334717,0.5223608016967773,0.5620165467262268,9.460321426391602,4.299998760223389,aux_pca_1e-3_code_reg/seed2026_transnet_transnet,encoder,aux_pca_1e-3_code_reg,2026,transnet,transnet,,-24.745,-24.745,True
100000,512,-0.006530563812702894,0.9681953191757202,0.9682173132896423,19.910606384277344,9.139991760253906,0.0069022043608129025,0.9373873472213745,0.5197129845619202,0.5544271469116211,9.623724937438965,4.183708667755127,aux_pca_1e-3_code_reg/seed3407_transnet_transnet,encoder,aux_pca_1e-3_code_reg,3407,transnet,transnet,,-24.833,-24.833,True
100000,512,-0.0019209400052204728,0.9899918437004089,0.989993691444397,20.416107177734375,9.218856811523438,0.002715563401579857,0.9800751209259033,0.5467503070831299,0.5578657388687134,9.472187995910645,4.304563999176025,aux_pca_1e-3_code_reg/seed42_transnet_transnet,encoder,aux_pca_1e-3_code_reg,42,transnet,transnet,,-24.516,-24.466,True
100000,512,0.2503548264503479,0.7670214772224426,0.8068453669548035,17.96115493774414,3.272404193878174,0.2503548264503479,0.5883212685585022,1.2207337617874146,2.074944019317627,0.05895708501338959,96.17325592041016,aux_pca_5e-3/seed3407_transnet_transnet,encoder,aux_pca_5e-3,3407,transnet,transnet,,-29.316,-29.316,True
100000,512,0.19296029210090637,0.6876424551010132,0.7142029404640198,15.896326065063477,2.910454511642456,0.19296029210090637,0.4728516936302185,0.9827879071235657,2.078427314758301,0.05744002014398575,95.92878723144531,aux_pca_5e-3/seed42_transnet_transnet,encoder,aux_pca_5e-3,42,transnet,transnet,,-29.278,-29.278,True
100000,512,2.780967224680353e-05,0.2368474155664444,0.2368474155664444,5.249558448791504,1.0787220001220703,0.0003623422235250473,0.05609647557139397,0.11634783446788788,2.074066638946533,0.05852615088224411,96.24378204345703,aux_pca_5e-3_code_mean1e-4/seed3407_transnet_transnet,encoder,aux_pca_5e-3_code_mean1e-4,3407,transnet,transnet,,-29.408,-29.408,True
100000,512,4.3042327888542786e-05,0.18602702021598816,0.18602702021598816,4.1222076416015625,0.8518804907798767,0.00020746915834024549,0.03460598737001419,0.07177765667438507,2.0741398334503174,0.0696406215429306,96.10316467285156,aux_pca_5e-3_code_mean1e-4/seed42_transnet_transnet,encoder,aux_pca_5e-3_code_mean1e-4,42,transnet,transnet,,-29.726,-29.726,True
100000,512,5.48293101019226e-05,0.22789427638053894,0.22789429128170013,5.053116798400879,1.0281742811203003,0.00027293991297483444,0.05193568766117096,0.1080951988697052,2.0813279151916504,0.047050103545188904,95.81565856933594,aux_pca_5e-3_code_mean1e-4_cov1e-4/seed3407_transnet_transnet,encoder,aux_pca_5e-3_code_mean1e-4_cov1e-4,3407,transnet,transnet,,-29.371,-29.371,True
100000,512,7.213408389361575e-05,0.2092275768518448,0.20922760665416718,4.637246131896973,0.9536013007164001,0.00028906503575854003,0.04377606511116028,0.09096532315015793,2.0779693126678467,0.05363810062408447,96.00440979003906,aux_pca_5e-3_code_mean1e-4_cov1e-4/seed42_transnet_transnet,encoder,aux_pca_5e-3_code_mean1e-4_cov1e-4,42,transnet,transnet,,-29.635,-29.635,True
100000,512,-0.007545560132712126,0.960480272769928,0.9605098962783813,19.453414916992188,9.69150447845459,0.0076155588030815125,0.9225178956985474,0.49925515055656433,0.5411875247955322,10.955142974853516,3.2726821899414062,aux_pca_5e-3_code_reg/seed2026_transnet_transnet,encoder,aux_pca_5e-3_code_reg,2026,transnet,transnet,,-25.617,-25.617,True
100000,512,-0.004379553254693747,0.9598142504692078,0.9598242044448853,19.37631607055664,9.810439109802246,0.004415703937411308,0.9212386608123779,0.48679646849632263,0.5284151434898376,11.170913696289062,3.182105541229248,aux_pca_5e-3_code_reg/seed3407_transnet_transnet,encoder,aux_pca_5e-3_code_reg,3407,transnet,transnet,,-25.311,-25.1,True
100000,512,-0.0010472193825989962,0.9771765470504761,0.9771771430969238,19.777870178222656,9.885945320129395,0.0018443551380187273,0.9548690915107727,0.5015631318092346,0.5252689719200134,11.193334579467773,3.177694082260132,aux_pca_5e-3_code_reg/seed42_transnet_transnet,encoder,aux_pca_5e-3_code_reg,42,transnet,transnet,,-25.491,-25.455,True
100000,512,-0.004054678604006767,0.9601408243179321,0.9601492881774902,19.38847541809082,9.802704811096191,0.004112357273697853,0.921865701675415,0.48778995871543884,0.5291334390640259,11.163331985473633,3.184502601623535,aux_pca_5e-3_code_reg_mid/seed3407_transnet_transnet,encoder,aux_pca_5e-3_code_reg_mid,3407,transnet,transnet,,-25.44,-25.44,True
100000,512,-0.0009670423460192978,0.977326512336731,0.9773269891738892,19.782955169677734,9.883357048034668,0.001713919104076922,0.9551622867584229,0.5025310516357422,0.5261211395263672,11.176268577575684,3.185089349746704,aux_pca_5e-3_code_reg_mid/seed42_transnet_transnet,encoder,aux_pca_5e-3_code_reg_mid,42,transnet,transnet,,-25.509,-25.509,True
100000,512,0.009801006875932217,0.8804717063903809,0.8805261850357056,16.543048858642578,11.103815078735352,0.009801005944609642,0.7752276659011841,0.6350690722465515,0.8192033171653748,6.071515083312988,8.092721939086914,aux_pca_5e-3_code_reg_weak/seed3407_transnet_transnet,encoder,aux_pca_5e-3_code_reg_weak,3407,transnet,transnet,,-26.085,-26.085,True
100000,512,0.006035896018147469,0.8785372972488403,0.8785579800605774,16.37377166748047,11.273600578308105,0.006114962510764599,0.771822452545166,0.6276565790176392,0.8132137060165405,5.97476863861084,8.398907661437988,aux_pca_5e-3_code_reg_weak/seed42_transnet_transnet,encoder,aux_pca_5e-3_code_reg_weak,42,transnet,transnet,,-26.639,-26.639,True
100000,512,-0.013901222497224808,0.7203356623649597,0.7204697728157043,16.11707305908203,2.450955390930176,0.24411693215370178,0.4188069999217987,0.1559605747461319,0.372392475605011,2.9204695224761963,47.191707611083984,baseline/seed1024_transnet_transnet,encoder,baseline,1024,transnet,transnet,,-27.143,-27.143,True
100000,512,0.0012613022699952126,0.7612161040306091,0.7612171769142151,16.97701644897461,2.9086341857910156,0.23490160703659058,0.4941503703594208,0.14175806939601898,0.28687232732772827,2.733081579208374,55.85918426513672,baseline/seed2026_transnet_transnet,encoder,baseline,2026,transnet,transnet,,-28.18,-28.18,True
100000,512,0.02823352999985218,0.7318097352981567,0.7323542237281799,16.403553009033203,2.3517932891845703,0.22979867458343506,0.4452537000179291,0.1264665722846985,0.2840326130390167,2.964945077896118,48.39469909667969,baseline/seed3407_transnet_transnet,encoder,baseline,3407,transnet,transnet,,-26.868,-26.868,True
100000,512,0.0238847266882658,0.8007084727287292,0.801064670085907,17.884859085083008,2.946963310241699,0.21246087551116943,0.5501303672790527,0.13772134482860565,0.25034311413764954,2.7728335857391357,55.45928192138672,baseline/seed42_transnet_transnet,encoder,baseline,42,transnet,transnet,,-28.126,-28.126,True
100000,512,-0.008919894695281982,0.712026834487915,0.7120826840400696,15.907269477844238,2.564051866531372,0.2502973973751068,0.40740883350372314,0.14077362418174744,0.3455340564250946,2.70893931388855,54.858829498291016,baseline/seed796_transnet_transnet,encoder,baseline,796,transnet,transnet,,-26.211,-26.211,True
100000,512,-0.000556495797354728,0.012084865011274815,0.012097670696675777,0.27369967103004456,0.004642310086637735,0.006958546116948128,1.0026004019891843e-05,3.885796104441397e-06,0.3875717222690582,5.5765700340271,13.870475769042969,codebook1024/seed1024_transnet_transnet,encoder,codebook1024,1024,transnet,transnet,,-25.059,-25.056,True
100000,512,-0.0004947787383571267,0.012247749604284763,0.012257738970220089,0.2773333489894867,0.003915444016456604,0.0070301443338394165,8.754745067562908e-06,3.729804575414164e-06,0.42603230476379395,4.686532497406006,18.873550415039062,codebook1024/seed2026_transnet_transnet,encoder,codebook1024,2026,transnet,transnet,,-25.013,-25.013,True
100000,512,-0.0004803682677447796,0.012063931673765182,0.01207349169999361,0.2731552720069885,0.004475491587072611,0.0068799275904893875,9.80056393018458e-06,3.5764207950705895e-06,0.36491987109184265,4.878602504730225,18.221290588378906,codebook1024/seed3407_transnet_transnet,encoder,codebook1024,3407,transnet,transnet,,-23.838,-23.838,True
100000,512,-0.0004116400668863207,0.012091631069779396,0.012098636478185654,0.27372923493385315,0.004163066390901804,0.007021461613476276,8.79074286785908e-06,3.875597940350417e-06,0.44087257981300354,4.941425800323486,16.86786651611328,codebook1024/seed42_transnet_transnet,encoder,codebook1024,42,transnet,transnet,,-25.308,-25.308,True
100000,512,-0.0002533407532609999,0.012117658741772175,0.012120306491851807,0.2742308974266052,0.0033382889814674854,0.007060910575091839,8.08459662948735e-06,2.1234827727312222e-06,0.2626578211784363,2.9589388370513916,49.10239028930664,codebook1024/seed796_transnet_transnet,encoder,codebook1024,796,transnet,transnet,,-25.154,-25.117,True
100000,512,-0.0009582603233866394,0.005160908214747906,0.0052491179667413235,0.11844159662723541,0.008879479020833969,0.001028175000101328,2.609796865726821e-05,5.693453204003163e-06,0.21815693378448486,2.9860787391662598,49.28771209716797,codebook1024_dct_reg/seed1024_transnet_transnet,encoder,codebook1024_dct_reg,1024,transnet,transnet,,-15.073,-15.028,True
100000,512,-0.00104705395642668,0.0052666072733700275,0.005369681399315596,0.12115175276994705,0.00921916775405407,0.0011063329875469208,2.717154347919859e-05,5.924333891016431e-06,0.21803449094295502,2.9827260971069336,49.39053726196289,codebook1024_dct_reg/seed2026_transnet_transnet,encoder,codebook1024_dct_reg,2026,transnet,transnet,,-14.957,-14.783,True
100000,512,-0.0009469147189520299,0.00525388540700078,0.0053385356441140175,0.12045525759458542,0.009083452634513378,0.001023993594571948,2.7025747840525582e-05,5.917748239880893e-06,0.2189670354127884,2.9887194633483887,49.1925163269043,codebook1024_dct_reg/seed3407_transnet_transnet,encoder,codebook1024_dct_reg,3407,transnet,transnet,,-14.799,-14.736,True
100000,512,-0.0010576379718258977,0.005277000833302736,0.005381945054978132,0.1214371845126152,0.009124836884438992,0.0011200280860066414,2.7261037757853046e-05,5.930946372245671e-06,0.217561274766922,2.985381603240967,49.31999588012695,codebook1024_dct_reg/seed42_transnet_transnet,encoder,codebook1024_dct_reg,42,transnet,transnet,,-14.846,-14.731,True
100000,512,-0.0009579987381584942,0.0052468194626271725,0.005333561450242996,0.12034018337726593,0.009112752042710781,0.0010380009189248085,2.694431532290764e-05,5.847708507644711e-06,0.2170293778181076,2.9906301498413086,49.175479888916016,codebook1024_dct_reg/seed796_transnet_transnet,encoder,codebook1024_dct_reg,796,transnet,transnet,,-14.874,-14.764,True
100000,512,-0.017982028424739838,0.7875213027000427,0.7877265810966492,17.808469772338867,0.7490882277488708,0.4558829069137573,0.2681049108505249,0.041685767471790314,0.15548303723335266,2.2005984783172607,85.56671905517578,fixed_q/seed1024_transnet_transnet,encoder,fixed_q,1024,transnet,transnet,,-21.671,-21.671,True
100000,512,0.003228329587727785,0.8444219827651978,0.8444281220436096,19.094512939453125,0.6969636678695679,0.49422386288642883,0.31885117292404175,0.056704044342041016,0.17783859372138977,2.426917791366577,72.03716278076172,fixed_q/seed2026_transnet_transnet,encoder,fixed_q,2026,transnet,transnet,,-20.863,-20.863,True
100000,512,0.04189669340848923,0.8324093222618103,0.8334630727767944,18.845571517944336,0.714586615562439,0.4851933717727661,0.3153054118156433,0.05980236455798149,0.18966488540172577,2.3996801376342773,73.12980651855469,fixed_q/seed3407_transnet_transnet,encoder,fixed_q,3407,transnet,transnet,,-20.528,-20.528,True
100000,512,-0.012750963680446148,0.7936782836914062,0.7937807440757751,17.945701599121094,0.7461967468261719,0.460881769657135,0.2651013731956482,0.0472295880317688,0.17815670371055603,2.3573949337005615,75.68264770507812,fixed_q/seed42_transnet_transnet,encoder,fixed_q,42,transnet,transnet,,-20.025,-20.02,True
100000,512,0.05340290442109108,0.7851395010948181,0.7869535684585571,17.794843673706055,0.6503896117210388,0.47355982661247253,0.23802702128887177,0.04304617643356323,0.18084575235843658,2.450744390487671,70.76859283447266,fixed_q/seed796_transnet_transnet,encoder,fixed_q,796,transnet,transnet,,-21.351,-21.351,True
100000,512,-0.004081506282091141,0.5101677775382996,0.510184109210968,11.417196273803711,1.7073403596878052,0.13397687673568726,0.22034913301467896,0.03282023221254349,0.14894649386405945,2.365192413330078,75.96485900878906,fixed_q_rank16/seed1024_transnet_transnet,encoder,fixed_q_rank16,1024,transnet,transnet,,-21.863,-21.863,True
100000,512,0.009700042195618153,0.49788424372673035,0.49797871708869934,11.138687133789062,1.702010154724121,0.12326167523860931,0.21579265594482422,0.03157331794500351,0.14631322026252747,2.2598328590393066,82.08663940429688,fixed_q_rank16/seed2026_transnet_transnet,encoder,fixed_q_rank16,2026,transnet,transnet,,-22.846,-22.846,True
100000,512,0.016773542389273643,0.500889003276825,0.5011698007583618,11.218989372253418,1.6534550189971924,0.1297943890094757,0.21185356378555298,0.02997983619570732,0.14151206612586975,2.325023889541626,78.36286926269531,fixed_q_rank16/seed3407_transnet_transnet,encoder,fixed_q_rank16,3407,transnet,transnet,,-22.411,-22.411,True
100000,512,0.006838107947260141,0.508183479309082,0.5082294940948486,11.380552291870117,1.6526380777359009,0.1328061819076538,0.21793876588344574,0.032163601368665695,0.14758090674877167,2.3217296600341797,78.41526794433594,fixed_q_rank16/seed42_transnet_transnet,encoder,fixed_q_rank16,42,transnet,transnet,,-21.924,-21.924,True
100000,512,0.0017112017376348376,0.4821740984916687,0.48217713832855225,10.787809371948242,1.6311005353927612,0.11221224814653397,0.19995492696762085,0.029861437156796455,0.14934083819389343,2.3828282356262207,75.00254821777344,fixed_q_rank16/seed796_transnet_transnet,encoder,fixed_q_rank16,796,transnet,transnet,,-21.994,-21.994,True
100000,512,-0.0001464189845137298,0.9897794723510742,0.9897794723510742,22.345352172851562,1.507596731185913,0.008509475737810135,0.9795411229133606,0.5539384484291077,0.5655081272125244,1.349139928817749,137.55958557128906,fixed_q_rank16_code_reg/seed1024_transnet_transnet,encoder,fixed_q_rank16_code_reg,1024,transnet,transnet,,-22.321,-22.321,True
100000,512,0.00014456249482464045,0.990859866142273,0.9908599257469177,22.376258850097656,1.4093800783157349,0.006710176356136799,0.9817256927490234,0.5553470253944397,0.5656844973564148,1.393213152885437,131.8867645263672,fixed_q_rank16_code_reg/seed2026_transnet_transnet,encoder,fixed_q_rank16_code_reg,2026,transnet,transnet,,-22.186,-22.186,True
100000,512,0.0003839591518044472,0.9909460544586182,0.9909461140632629,22.38811492919922,1.2422045469284058,0.007520369719713926,0.9818645715713501,0.5553396344184875,0.5655969977378845,1.3105753660202026,142.74093627929688,fixed_q_rank16_code_reg/seed3407_transnet_transnet,encoder,fixed_q_rank16_code_reg,3407,transnet,transnet,,-22.741,-22.741,True
100000,512,-0.0007089815917424858,0.9909417629241943,0.9909420609474182,22.385334014892578,1.2897318601608276,0.008504696190357208,0.9818375110626221,0.5550892949104309,0.5653576254844666,1.3471590280532837,137.83885192871094,fixed_q_rank16_code_reg/seed42_transnet_transnet,encoder,fixed_q_rank16_code_reg,42,transnet,transnet,,-22.146,-22.146,True
100000,512,0.00033828869345597923,0.9907451272010803,0.9907452464103699,22.376693725585938,1.3603403568267822,0.009888309985399246,0.9814106225967407,0.5550397634506226,0.5655530691146851,1.3416670560836792,138.542724609375,fixed_q_rank16_code_reg/seed796_transnet_transnet,encoder,fixed_q_rank16_code_reg,796,transnet,transnet,,-22.132,-22.132,True
100000,512,0.0005512711359187961,0.12663450837135315,0.12663571536540985,2.8133068084716797,0.5441020131111145,0.0013832375407218933,0.01602492295205593,0.059894662350416183,3.7375943660736084,0.29241499304771423,31.50880241394043,fixed_q_rank16_pca/seed1024_transnet_transnet,encoder,fixed_q_rank16_pca,1024,transnet,transnet,,-13.093,-12.953,True
100000,512,-0.0002564699971117079,0.13382205367088318,0.13382229208946228,2.976597309112549,0.555852472782135,0.00114560651127249,0.017900977283716202,0.06639891117811203,3.7092337608337402,0.2928902804851532,31.951459884643555,fixed_q_rank16_pca/seed2026_transnet_transnet,encoder,fixed_q_rank16_pca,2026,transnet,transnet,,-12.944,-12.85,True
100000,512,8.564101153751835e-05,0.1892378330230713,0.18923784792423248,4.200667858123779,0.8304216861724854,0.0019365970510989428,0.03578648716211319,0.13401037454605103,3.744719982147217,0.2900658845901489,31.436567306518555,fixed_q_rank16_pca/seed3407_transnet_transnet,encoder,fixed_q_rank16_pca,3407,transnet,transnet,,-13.121,-12.972,True
100000,512,-8.521421113982797e-05,0.30868926644325256,0.30868926644325256,6.815940856933594,1.5267460346221924,0.0025886953808367252,0.09524716436862946,0.3593388795852661,3.7726988792419434,0.30077436566352844,30.822612762451172,fixed_q_rank16_pca/seed42_transnet_transnet,encoder,fixed_q_rank16_pca,42,transnet,transnet,,-13.086,-12.874,True
100000,512,0.0005888358573429286,0.37147682905197144,0.37147730588912964,8.124383926391602,2.155928373336792,0.004078779369592667,0.13793276250362396,0.5420163869857788,3.9295694828033447,0.2874557077884674,28.764190673828125,fixed_q_rank16_pca/seed796_transnet_transnet,encoder,fixed_q_rank16_pca,796,transnet,transnet,,-13.123,-12.909,True
