rel_path,scheme,adapter,seed,encoder,decoder,epochs,nmse,source_self_nmse,loss_code,loss_fc,delta_ratio,gate_mean,gate_std,lowrank_ratio,mlp_ratio,decoder42_self_nmse,adapter_vs_source_nmse_delta,adapter_vs_decoder42_nmse_delta
adapter/aux_pca_1e-2_code_mean1e-4_cov1e-4/gated_lowrank_affine_mlp/rank32_hidden2048_gate0.1_code1e-3_fc1e-2_lr5e-4_ep100/enc_seed3407_transnet_transnet_dec_seed42_transnet_transnet,aux_pca_1e-2_code_mean1e-4_cov1e-4,gated_lowrank_affine_mlp,3407,transnet,transnet,100,-29.54,-29.571,1.0614e-06,6.6449e-07,0.0073835,0.022815,0.0032351,0.007562,0.0046667,-29.579,0.03100000000000236,0.03900000000000148
adapter/aux_pca_1e-2_code_mean1e-4_cov1e-4/gated_lowrank_affine_mlp/rank32_hidden2048_gate0.1_code1e-3_fc1e-2_lr5e-4_ep400/enc_seed3407_dec_seed42,aux_pca_1e-2_code_mean1e-4_cov1e-4,gated_lowrank_affine_mlp,3407,transnet,transnet,400,-29.539,-29.571,1.0897e-06,6.5956e-07,0.007421,0.017371,0.0016737,0.0082743,0.0066386,-29.579,0.03200000000000003,0.03999999999999915
adapter/aux_pca_1e-2_code_mean1e-4_cov1e-4/gated_lowrank_affine_mlp/rank32_hidden2048_gate0.1_code1e-3_fc1e-2_lr5e-4_ep400/enc_seed3407_transnet_transnet_dec_seed42_transnet_transnet,aux_pca_1e-2_code_mean1e-4_cov1e-4,gated_lowrank_affine_mlp,3407,transnet,transnet,400,-29.539,-29.571,1.0897e-06,6.5956e-07,0.007421,0.017371,0.0016737,0.0082743,0.0066386,-29.579,0.03200000000000003,0.03999999999999915
adapter/aux_pca_1e-2/gated_lowrank_affine_mlp/rank32_hidden2048_gate0.1_code1e-3_fc1e-2_lr5e-4_ep400/enc_seed3407_dec_seed42,aux_pca_1e-2,gated_lowrank_affine_mlp,3407,transnet,transnet,400,-29.216,-29.37,4.9336e-05,1.4777e-05,0.044349,0.084334,0.017327,0.096849,0.10422,-29.339,0.15399999999999991,0.12299999999999756
adapter/aux_pca_5e-3/gated_lowrank_affine_mlp/rank32_hidden2048_gate0.1_code1e-3_fc1e-2_lr5e-4_ep400/enc_seed3407_dec_seed42,aux_pca_5e-3,gated_lowrank_affine_mlp,3407,transnet,transnet,400,-28.96,-29.316,2.0076e-05,8.1153e-06,0.12379,0.13929,0.034337,0.88826,0.89614,-29.278,0.3559999999999981,0.31799999999999784
adapter/aux_pca_1e-2_code_mean1e-4_cov1e-4/gated_lowrank_affine_mlp/rank32_hidden2048_gate0.1_code1e-3_fc1e-2_lr5e-4_ep400/enc_seed2026_transnet_transnet_dec_seed42_transnet_transnet,aux_pca_1e-2_code_mean1e-4_cov1e-4,gated_lowrank_affine_mlp,2026,transnet,transnet,400,-28.947,-29.546,3.1635e-06,1.2907e-06,0.030103,0.035212,0.0039609,0.017384,0.035359,-29.579,0.5990000000000002,0.6320000000000014
adapter/aux_pca_1e-2_code_mean1e-4_cov1e-4/gated_lowrank_affine_mlp/rank32_hidden2048_gate0.1_code1e-3_fc1e-2_lr5e-4_ep100/enc_seed2026_transnet_transnet_dec_seed42_transnet_transnet,aux_pca_1e-2_code_mean1e-4_cov1e-4,gated_lowrank_affine_mlp,2026,transnet,transnet,100,-28.945,-29.546,4.8035e-06,2.9231e-06,0.029937,0.036263,0.0068554,0.017791,0.034836,-29.579,0.6009999999999991,0.6340000000000003
adapter/aux_pca_5e-3_code_mean1e-4/gated_lowrank_affine_mlp/rank32_hidden2048_gate0.1_code1e-3_fc1e-2_lr5e-4_ep400/enc_seed3407_dec_seed42,aux_pca_5e-3_code_mean1e-4,gated_lowrank_affine_mlp,3407,transnet,transnet,400,-27.876,-29.408,3.1888e-06,1.7011e-06,0.2183,0.098147,0.027646,1.4482,1.4631,-29.726,1.532,1.8499999999999979
adapter/aux_pca_1e-3/gated_lowrank_affine_mlp/rank32_hidden2048_gate0.1_code1e-3_fc1e-2_lr5e-4_ep3000/enc_seed2026_dec_seed42,aux_pca_1e-3,gated_lowrank_affine_mlp,2026,transnet,transnet,3000,-27.601,-29.62,1.1928e-05,4.1124e-06,0.7409,0.12365,0.040282,1.1904,1.3124,-29.528,2.019000000000002,1.9269999999999996
adapter/aux_pca_1e-3/gated_lowrank_affine_mlp/rank32_hidden2048_gate0.1_code1e-3_fc1e-2_lr5e-4_ep1000/enc_seed2026_dec_seed42,aux_pca_1e-3,gated_lowrank_affine_mlp,2026,transnet,transnet,1000,-27.478,-29.62,1.6125e-05,5.5915e-06,0.74144,0.12283,0.040326,0.9647,1.154,-29.528,2.1419999999999995,2.049999999999997
adapter/aux_pca_1e-2_code_mean1e-4_cov1e-4/gated_lowrank_affine_mlp/rank32_hidden2048_gate0.1_code1e-3_fc1e-2_lr5e-4_ep400/enc_seed2026_crnet_transnet_dec_seed42_transnet_transnet,aux_pca_1e-2_code_mean1e-4_cov1e-4,gated_lowrank_affine_mlp,2026,crnet,transnet,400,-27.329,-28.874,3.1999e-05,1.2631e-05,0.37927,0.17694,0.063515,1.988,2.0244,-29.579,1.5449999999999982,2.25
adapter/aux_pca_1e-3/gated_lowrank_affine_mlp/rank32_hidden2048_gate0.1_code1e-3_fc1e-2_lr5e-4_ep400/enc_seed2026_dec_seed42,aux_pca_1e-3,gated_lowrank_affine_mlp,2026,transnet,transnet,400,-27.305,-29.62,3.2804e-05,1.118e-05,0.74175,0.11423,0.029196,0.64584,0.90198,-29.528,2.3150000000000013,2.222999999999999
adapter/aux_pca_1e-3/gated_lowrank_affine_mlp/rank32_hidden2048_gate0.1_code1e-3_fc1e-3_lr5e-4_ep400/enc_seed2026_dec_seed42,aux_pca_1e-3,gated_lowrank_affine_mlp,2026,transnet,transnet,400,-27.024,-29.62,2.8587e-05,1.6696e-05,0.74296,0.14758,0.017316,0.99246,1.2033,-29.528,2.596,2.503999999999998
adapter/aux_pca_1e-3/gated_lowrank_affine_mlp/rank32_hidden2048_gate0.1_code1e-3_fc1e-2_lr5e-4_ep200/enc_seed2026_dec_seed42,aux_pca_1e-3,gated_lowrank_affine_mlp,2026,transnet,transnet,200,-26.959,-29.62,6.4868e-05,2.2204e-05,0.74284,0.10903,0.015093,0.51694,0.85597,-29.528,2.6610000000000014,2.568999999999999
adapter/aux_pca_1e-3/gated_lowrank_affine_mlp/rank32_hidden1024_gate0.1_code1e-3_fc1e-3_lr5e-4_ep400/enc_seed2026_dec_seed42,aux_pca_1e-3,gated_lowrank_affine_mlp,2026,transnet,transnet,400,-26.907,-29.62,4.0825e-05,3.2598e-05,0.74357,0.14954,0.022319,1.1488,1.3131,-29.528,2.713000000000001,2.6209999999999987
adapter/aux_pca_1e-3/gated_lowrank_affine_mlp/rank32_hidden2048_gate0.1_code1e-3_fc1e-3_lr5e-4_ep200/enc_seed2026_dec_seed42,aux_pca_1e-3,gated_lowrank_affine_mlp,2026,transnet,transnet,200,-26.897,-29.62,4.7953e-05,3.2165e-05,0.74376,0.1428,0.010991,0.79765,1.0084,-29.528,2.7230000000000025,2.6310000000000002
adapter/aux_pca_1e-3/gated_lowrank_affine_mlp/rank32_hidden1024_gate0.1_code1e-3_fc1e-2_lr5e-4_ep400/enc_seed2026_dec_seed42,aux_pca_1e-3,gated_lowrank_affine_mlp,2026,transnet,transnet,400,-26.818,-29.62,6.8824e-05,2.6732e-05,0.7413,0.10905,0.02825,0.95601,1.1937,-29.528,2.8019999999999996,2.7099999999999973
adapter/aux_pca_5e-3_code_mean1e-4_cov1e-4/gated_lowrank_affine_mlp/rank32_hidden2048_gate0.1_code1e-3_fc1e-2_lr5e-4_ep400/enc_seed3407_dec_seed42,aux_pca_5e-3_code_mean1e-4_cov1e-4,gated_lowrank_affine_mlp,3407,transnet,transnet,400,-26.778,-29.371,2.6487e-06,1.1631e-06,0.084427,0.0596,0.0075198,0.62145,0.62669,-29.635,2.593,2.857000000000003
adapter/aux_pca_1e-3/lowrank_affine_mlp/rank32_hidden2048_code1e-3_fc1e-2_lr2e-4/enc_seed2026_dec_seed42,aux_pca_1e-3,lowrank_affine_mlp,2026,transnet,transnet,400,-26.573,-29.62,1.8981e-05,6.6911e-06,0.74606,,,0.71277,0.61391,-29.528,3.0470000000000006,2.9549999999999983
adapter/aux_pca_1e-2_code_mean1e-4_cov1e-4/gated_lowrank_affine_mlp/rank32_hidden2048_gate0.1_code1e-3_fc1e-2_lr5e-4_ep400/enc_seed3407_clnet_transnet_dec_seed42_transnet_transnet,aux_pca_1e-2_code_mean1e-4_cov1e-4,gated_lowrank_affine_mlp,3407,clnet,transnet,400,-26.427,-28.919,4.4514e-05,1.5395e-05,0.40549,0.18205,0.063247,1.8878,1.9276,-29.579,2.492000000000001,3.152000000000001
adapter/aux_pca_1e-2_code_mean1e-4_cov1e-4/gated_lowrank_affine_mlp/rank32_hidden2048_gate0.1_code1e-3_fc1e-2_lr5e-4_ep400/enc_seed42_clnet_transnet_dec_seed42_transnet_transnet,aux_pca_1e-2_code_mean1e-4_cov1e-4,gated_lowrank_affine_mlp,42,clnet,transnet,400,-26.418,-28.803,4.9946e-05,1.9004e-05,0.47871,0.22067,0.081168,2.5823,2.6228,-29.579,2.3850000000000016,3.1610000000000014
adapter/aux_pca_1e-2_code_mean1e-4_cov1e-4/gated_lowrank_affine_mlp/rank32_hidden2048_gate0.1_code1e-3_fc1e-2_lr5e-4_ep100/enc_seed2026_crnet_transnet_dec_seed42_transnet_transnet,aux_pca_1e-2_code_mean1e-4_cov1e-4,gated_lowrank_affine_mlp,2026,crnet,transnet,100,-26.365,-28.874,5.4861e-05,2.4805e-05,0.37598,0.19611,0.051938,1.3744,1.4218,-29.579,2.5090000000000003,3.214000000000002
adapter/aux_pca_1e-2_code_mean1e-4_cov1e-4/gated_lowrank_affine_mlp/rank32_hidden2048_gate0.1_code1e-3_fc1e-2_lr5e-4_ep400/enc_seed2026_clnet_transnet_dec_seed42_transnet_transnet,aux_pca_1e-2_code_mean1e-4_cov1e-4,gated_lowrank_affine_mlp,2026,clnet,transnet,400,-26.239,-29.049,4.3023e-05,1.5723e-05,0.41672,0.18736,0.06653,2.0341,2.076,-29.579,2.8099999999999987,3.34
adapter/aux_pca_1e-2_code_mean1e-4_cov1e-4/gated_lowrank_affine_mlp/rank32_hidden2048_gate0.1_code1e-3_fc1e-2_lr5e-4_ep400/enc_seed42_csinet_transnet_dec_seed42_transnet_transnet,aux_pca_1e-2_code_mean1e-4_cov1e-4,gated_lowrank_affine_mlp,42,csinet,transnet,400,-25.885,-26.562,0.00010127,3.6523e-05,5.9086,0.25392,0.094375,5.9677,8.3909,-29.579,0.6769999999999996,3.693999999999999
adapter/aux_pca_1e-3/gated_lowrank_affine_mlp/rank32_hidden512_gate0.1_code1e-3_fc1e-3_lr5e-4_ep400/enc_seed2026_dec_seed42,aux_pca_1e-3,gated_lowrank_affine_mlp,2026,transnet,transnet,400,-25.879,-29.62,0.00012355,0.00013583,0.74328,0.14175,0.035741,1.2449,1.4729,-29.528,3.7409999999999997,3.6489999999999974
adapter/aux_pca_1e-3/mlp/code1e-3_fc1e-3_lr2e-4/enc_seed2026_dec_seed42,aux_pca_1e-3,mlp,2026,transnet,transnet,400,-24.884,-29.62,0.00025442,8.1138e-05,0.74261,,,,,-29.528,4.736000000000001,4.643999999999998
adapter/aux_pca_1e-2_code_mean1e-4_cov1e-4/gated_lowrank_affine_mlp/rank32_hidden2048_gate0.1_code1e-3_fc1e-2_lr5e-4_ep400/enc_seed2026_csinet_transnet_dec_seed42_transnet_transnet,aux_pca_1e-2_code_mean1e-4_cov1e-4,gated_lowrank_affine_mlp,2026,csinet,transnet,400,-24.845,-25.998,0.00013605,4.881e-05,4.4065,0.28106,0.10469,6.2679,7.6703,-29.579,1.1530000000000022,4.734000000000002
adapter/aux_pca_1e-3/mlp/code1e-3_fc1e-3_recT1_lr2e-4/enc_seed2026_dec_seed42,aux_pca_1e-3,mlp,2026,transnet,transnet,400,-24.8,-29.62,0.00024491,8.9754e-05,0.74286,,,,,-29.528,4.82,4.727999999999998
adapter/aux_pca_1e-3/mlp/enc_seed2026_dec_seed42_recon1.0_code1e-3_lr2e-4,aux_pca_1e-3,mlp,2026,transnet,transnet,400,-24.753,-29.62,0.00027437,,0.74234,,,,,-29.528,4.867000000000001,4.774999999999999
adapter/aux_pca_1e-3/mlp/best_code1e-3_lr2e-4/enc_seed2026_dec_seed42,aux_pca_1e-3,mlp,2026,transnet,transnet,400,-24.753,-29.62,0.00027437,,0.74234,,,,,-29.528,4.867000000000001,4.774999999999999
adapter/aux_pca_1e-3/mlp/code1e-3_recT1_lr2e-4/enc_seed2026_dec_seed42,aux_pca_1e-3,mlp,2026,transnet,transnet,400,-24.752,-29.62,0.00028292,,0.74183,,,,,-29.528,4.868000000000002,4.776
adapter/aux_pca_1e-2_code_mean1e-4_cov1e-4/gated_lowrank_affine_mlp/rank32_hidden2048_gate0.1_code1e-3_fc1e-2_lr5e-4_ep100/enc_seed42_csinet_transnet_dec_seed42_transnet_transnet,aux_pca_1e-2_code_mean1e-4_cov1e-4,gated_lowrank_affine_mlp,42,csinet,transnet,100,-24.568,-26.562,0.00018894,7.7584e-05,5.8964,0.21881,0.074636,3.4429,6.8011,-29.579,1.9939999999999998,5.010999999999999
adapter/aux_pca_1e-3/mlp/enc_seed2026_dec_seed42_recon0.0_code1.0_lr1e-3,aux_pca_1e-3,mlp,2026,transnet,transnet,400,-24.507,-29.62,0.00017383,,0.74125,,,,,-29.528,5.1129999999999995,5.020999999999997
adapter/aux_pca_1e-2_code_mean1e-4_cov1e-4/gated_lowrank_affine_mlp/rank32_hidden2048_gate0.1_code1e-3_fc1e-2_lr5e-4_ep100/enc_seed3407_clnet_transnet_dec_seed42_transnet_transnet,aux_pca_1e-2_code_mean1e-4_cov1e-4,gated_lowrank_affine_mlp,3407,clnet,transnet,100,-24.484,-28.919,7.5085e-05,3.4156e-05,0.40271,0.20108,0.055131,1.2623,1.3195,-29.579,4.434999999999999,5.094999999999999
adapter/aux_pca_1e-2_code_mean1e-4_cov1e-4/gated_lowrank_affine_mlp/rank32_hidden2048_gate0.1_code1e-3_fc1e-2_lr5e-4_ep400/enc_seed3407_crnet_transnet_dec_seed42_transnet_transnet,aux_pca_1e-2_code_mean1e-4_cov1e-4,gated_lowrank_affine_mlp,3407,crnet,transnet,400,-24.468,-26.597,9.4779e-05,3.8218e-05,0.43574,0.13145,0.040962,0.7294,0.81753,-29.579,2.1290000000000013,5.111000000000001
adapter/aux_pca_1e-2_code_mean1e-4_cov1e-4/gated_lowrank_affine_mlp/rank32_hidden2048_gate0.1_code1e-3_fc1e-2_lr5e-4_ep100/enc_seed2026_clnet_transnet_dec_seed42_transnet_transnet,aux_pca_1e-2_code_mean1e-4_cov1e-4,gated_lowrank_affine_mlp,2026,clnet,transnet,100,-24.366,-29.049,7.7603e-05,3.5599e-05,0.42011,0.20897,0.054067,1.4028,1.461,-29.579,4.683,5.213000000000001
adapter/aux_pca_1e-3/mlp/enc_seed2026_dec_seed42_recon1.0_code1e-1_lr1e-3,aux_pca_1e-3,mlp,2026,transnet,transnet,400,-24.342,-29.62,0.00017535,,0.74302,,,,,-29.528,5.278000000000002,5.186
adapter/aux_pca_1e-2_code_mean1e-4_cov1e-4/gated_lowrank_affine_mlp/rank32_hidden2048_gate0.1_code1e-3_fc1e-2_lr5e-4_ep100/enc_seed3407_crnet_transnet_dec_seed42_transnet_transnet,aux_pca_1e-2_code_mean1e-4_cov1e-4,gated_lowrank_affine_mlp,3407,crnet,transnet,100,-24.108,-26.597,0.00012165,5.2047e-05,0.43604,0.10108,0.030554,0.45033,0.57189,-29.579,2.4890000000000008,5.471
adapter/aux_pca_1e-3/mlp/enc_seed2026_dec_seed42_recon1.0_code1e-2_lr1e-3,aux_pca_1e-3,mlp,2026,transnet,transnet,400,-24.084,-29.62,0.0002099,,0.73895,,,,,-29.528,5.536000000000001,5.443999999999999
adapter/aux_pca_1e-2_code_mean1e-4_cov1e-4/gated_lowrank_affine_mlp/rank32_hidden2048_gate0.1_code1e-3_fc1e-2_lr5e-4_ep100/enc_seed42_clnet_transnet_dec_seed42_transnet_transnet,aux_pca_1e-2_code_mean1e-4_cov1e-4,gated_lowrank_affine_mlp,42,clnet,transnet,100,-23.712,-28.803,9.7794e-05,4.8614e-05,0.4779,0.23664,0.059576,1.6035,1.6686,-29.579,5.091000000000001,5.867000000000001
adapter/aux_pca_1e-2_code_mean1e-4_cov1e-4/gated_lowrank_affine_mlp/rank32_hidden2048_gate0.1_code1e-3_fc1e-2_lr5e-4_ep100/enc_seed2026_csinet_transnet_dec_seed42_transnet_transnet,aux_pca_1e-2_code_mean1e-4_cov1e-4,gated_lowrank_affine_mlp,2026,csinet,transnet,100,-23.633,-25.998,0.00023421,9.2158e-05,4.4106,0.22003,0.071061,3.2841,5.4802,-29.579,2.365000000000002,5.9460000000000015
adapter/aux_pca_1e-2_code_mean1e-4_cov1e-4/gated_lowrank_affine_mlp/rank32_hidden2048_gate0.1_code1e-3_fc1e-2_lr5e-4_ep400/enc_seed42_crnet_transnet_dec_seed42_transnet_transnet,aux_pca_1e-2_code_mean1e-4_cov1e-4,gated_lowrank_affine_mlp,42,crnet,transnet,400,-23.294,-24.922,0.00014037,5.3606e-05,0.22453,0.082407,0.014743,0.67504,0.70386,-29.579,1.6280000000000001,6.285
adapter/aux_pca_5e-3_code_reg_mid/gated_lowrank_affine_mlp/rank32_hidden2048_gate0.1_code1e-3_fc1e-2_lr5e-4_ep400/enc_seed3407_dec_seed42,aux_pca_5e-3_code_reg_mid,gated_lowrank_affine_mlp,3407,transnet,transnet,400,-23.191,-25.44,0.0016195,0.00064713,0.072506,0.28116,0.025889,0.26185,0.27118,-25.509,2.2490000000000023,2.3180000000000014
adapter/aux_pca_1e-2_code_mean1e-4_cov1e-4/gated_lowrank_affine_mlp/rank32_hidden2048_gate0.1_code1e-3_fc1e-2_lr5e-4_ep100/enc_seed42_crnet_transnet_dec_seed42_transnet_transnet,aux_pca_1e-2_code_mean1e-4_cov1e-4,gated_lowrank_affine_mlp,42,crnet,transnet,100,-22.809,-24.922,0.00019217,7.5506e-05,0.22174,0.076748,0.011949,0.44299,0.48312,-29.579,2.1129999999999995,6.77
adapter/aux_pca_5e-3_code_reg_weak/gated_lowrank_affine_mlp/rank32_hidden2048_gate0.1_code1e-3_fc1e-2_lr5e-4_ep400/enc_seed3407_dec_seed42,aux_pca_5e-3_code_reg_weak,gated_lowrank_affine_mlp,3407,transnet,transnet,400,-22.57,-26.085,0.0037545,0.0014443,0.12793,0.32388,0.05156,0.31225,0.33419,-26.639,3.5150000000000006,4.068999999999999
adapter/aux_pca_1e-3/gated_lowrank_affine_linear/rank32_gate0.1_code1e-3_fc1e-3_lr5e-4_ep400/enc_seed2026_dec_seed42,aux_pca_1e-3,gated_lowrank_affine_linear,2026,transnet,transnet,400,-21.935,-29.62,0.00089501,0.0018598,0.74773,0.61165,0.11442,7.3642,,-29.528,7.685000000000002,7.593
adapter/aux_pca_1e-3/gated_lowrank_affine_linear/rank32_gate0.1_code1e-3_fc1e-2_lr5e-4_ep400/enc_seed2026_dec_seed42,aux_pca_1e-3,gated_lowrank_affine_linear,2026,transnet,transnet,400,-20.187,-29.62,0.0013966,0.0020367,0.74609,0.46501,0.12986,6.84,,-29.528,9.433,9.340999999999998
adapter/aux_pca_1e-2_code_mean1e-4_cov1e-4/gated_lowrank_affine_mlp/rank32_hidden2048_gate0.1_code1e-3_fc1e-2_lr5e-4_ep400/enc_seed3407_csinet_transnet_dec_seed42_transnet_transnet,aux_pca_1e-2_code_mean1e-4_cov1e-4,gated_lowrank_affine_mlp,3407,csinet,transnet,400,-18.285,-22.864,0.00043341,0.00017006,0.5283,0.18479,0.074507,1.7578,1.8391,-29.579,4.579000000000001,11.294
adapter/aux_pca_5e-3_code_reg/mlp/best_code1e-3_lr2e-4/enc_seed2026_dec_seed42,aux_pca_5e-3_code_reg,mlp,2026,transnet,transnet,400,-16.703,-25.617,0.004038,,0.079961,,,,,-25.491,8.914000000000001,8.788
adapter/aux_pca_1e-2_code_mean1e-4_cov1e-4/gated_lowrank_affine_mlp/rank32_hidden2048_gate0.1_code1e-3_fc1e-2_lr5e-4_ep100/enc_seed3407_csinet_transnet_dec_seed42_transnet_transnet,aux_pca_1e-2_code_mean1e-4_cov1e-4,gated_lowrank_affine_mlp,3407,csinet,transnet,100,-16.522,-22.864,0.00098424,0.00040167,0.52901,0.21444,0.061616,1.3325,1.4273,-29.579,6.342000000000002,13.057000000000002
adapter/aux_pca_1e-2_code_reg_weak/gated_lowrank_affine_mlp/rank32_hidden2048_gate0.1_code1e-3_fc1e-2_lr5e-4_ep400/enc_seed3407_dec_seed42,aux_pca_1e-2_code_reg_weak,gated_lowrank_affine_mlp,3407,transnet,transnet,400,-14.379,-27.507,0.0058309,0.0020659,0.2852,0.21628,0.027936,0.26474,0.38819,-27.104,13.128000000000002,12.725
adapter/aux_pca_1e-3/mlp/enc_seed2026_dec_seed42_recon1.0_code0.0_lr2e-4,aux_pca_1e-3,mlp,2026,transnet,transnet,400,-12.571,-29.62,,,6.9877,,,,,-29.528,17.049,16.957
adapter/aux_pca_1e-3/diag_affine/rank32_code1e-3_fc1e-2_lr2e-4/enc_seed2026_dec_seed42,aux_pca_1e-3,diag_affine,2026,transnet,transnet,400,-12.535,-29.62,0.011952,0.020163,0.76004,,,,,-29.528,17.085,16.993
adapter/aux_pca_1e-3/lowrank_affine/rank32_code1e-3_fc1e-2_lr2e-4/enc_seed2026_dec_seed42,aux_pca_1e-3,lowrank_affine,2026,transnet,transnet,400,-11.259,-29.62,0.013335,0.038902,0.72892,,,,,-29.528,18.361,18.269
