name,encoder,decoder,num_samples,code_dim,mean_global,std_global,min,max,abs_mean,l2_mean,l2_std,near_zero_1e_3,near_zero_1e_2,dim_std_mean,dim_std_std,dead_dim_ratio_1e_3,active_dim_ratio_1e_2,pca_top1_ratio,pca_top5_ratio,pca_top10_ratio,pca_top20_ratio,effective_rank,condition_number_top512,final_test_loss,final_test_nmse
attention_cnn_cnn_residual,attention_cnn,cnn_residual,100000,512,0.09348856657743454,6.749575614929199,-43.446922302246094,42.21316146850586,2.2581777572631836,152.72933959960938,1.8137637376785278,0.0018703710520640016,0.01867816410958767,0.2781073749065399,0.08362139016389847,0.0,1.0,0.07418714463710785,0.15229494869709015,0.2230735868215561,0.32987359166145325,175.698486328125,226422.625,nan,nan
attention_cnn_hybrid,attention_cnn,hybrid,100000,512,-0.07673228532075882,0.7314822673797607,-5.6231584548950195,10.535543441772461,0.4311107397079468,16.58661651611328,1.3611276149749756,0.0017171484651044011,0.017192363739013672,0.47547078132629395,0.039486583322286606,0.0,1.0,0.036400917917490005,0.14880907535552979,0.24122054874897003,0.37045353651046753,158.07994079589844,11947.6787109375,nan,nan
attention_cnn_transnet,attention_cnn,transnet,100000,512,0.002080044010654092,0.5940598845481873,-4.467042446136475,4.467293739318848,0.4651425778865814,13.170720100402832,2.687530517578125,0.0014194336254149675,0.014187948778271675,0.585570752620697,0.03659453243017197,0.0,1.0,0.0404854454100132,0.15533462166786194,0.2527658939361572,0.3940405249595642,145.7747802734375,6712.13671875,nan,nan
cbam_cnn_cnn_residual,cbam_cnn,cnn_residual,100000,512,-0.25068849325180054,16.09446144104004,-117.13874816894531,116.88231658935547,4.5599517822265625,364.210693359375,2.6472949981689453,0.0010683008003979921,0.010636288672685623,0.5393490195274353,0.18742546439170837,0.0,1.0,0.041543878614902496,0.13280634582042694,0.20818360149860382,0.31789806485176086,189.96286010742188,157758.09375,nan,nan
cbam_cnn_hybrid,cbam_cnn,hybrid,100000,512,0.1534905880689621,1.8167649507522583,-22.699247360229492,14.88932991027832,1.0588126182556152,41.167320251464844,2.690535545349121,0.0006992578273639083,0.006991484202444553,1.1553617715835571,0.10594694316387177,0.0,1.0,0.044491030275821686,0.167138934135437,0.2692350149154663,0.4144022762775421,133.97396850585938,60741.3984375,nan,nan
cbam_cnn_transnet,cbam_cnn,transnet,100000,512,0.010410838760435581,1.2731398344039917,-11.551043510437012,11.37038516998291,0.9961284399032593,28.362350463867188,5.0522942543029785,0.0006590039120055735,0.0066035157069563866,1.2364239692687988,0.12458549439907074,0.0,1.0,0.051250532269477844,0.1882503628730774,0.2970854640007019,0.4403075575828552,131.06468200683594,26886.693359375,nan,nan
clnet_cnn_residual,clnet,cnn_residual,100000,512,-0.3022710084915161,9.868978500366211,-44.75970458984375,49.93608093261719,4.100200653076172,223.3979034423828,2.698746919631958,0.001041523413732648,0.010420253500342369,0.406721293926239,0.07632417976856232,0.0,1.0,0.08903887867927551,0.16723674535751343,0.23304054141044617,0.3363858461380005,174.1720733642578,316015.15625,nan,nan
clnet_hybrid,clnet,hybrid,100000,512,0.024078523740172386,1.148132562637329,-14.400943756103516,12.036506652832031,0.6739333868026733,25.87267303466797,2.413367748260498,0.0011253710836172104,0.01121322251856327,0.7427008748054504,0.0628599226474762,0.0,1.0,0.03152281418442726,0.12052805721759796,0.19796113669872284,0.3209476172924042,188.17185974121094,28169.5078125,nan,nan
clnet_transnet,clnet,transnet,100000,512,0.0024452677462249994,0.6018073558807373,-5.193088531494141,5.0421929359436035,0.47154325246810913,13.323251724243164,2.815342426300049,0.0013983594253659248,0.013938965275883675,0.5895637273788452,0.029792647808790207,0.0,1.0,0.031622592359781265,0.1192878782749176,0.19706590473651886,0.32332751154899597,182.7266082763672,19056.06640625,nan,nan
cnn_cnn_residual,cnn,cnn_residual,100000,512,-0.1395607590675354,15.212496757507324,-86.93167877197266,127.6930923461914,4.606114864349365,344.2198791503906,3.116807460784912,0.0010539843933656812,0.010584414005279541,0.5615134835243225,0.16446693241596222,0.0,1.0,0.053781457245349884,0.15240398049354553,0.23305965960025787,0.3493823707103729,175.69052124023438,168044.578125,nan,nan
cnn_hybrid,cnn,hybrid,100000,512,-0.21856319904327393,1.8945244550704956,-16.327701568603516,23.448169708251953,1.099250316619873,43.041011810302734,3.100309133529663,0.0006787695456296206,0.006709687411785126,1.2089215517044067,0.1093483418226242,0.0,1.0,0.04198595508933067,0.16545724868774414,0.26675188541412354,0.40601006150245667,141.70652770996094,38637.328125,nan,nan
cnn_transnet,cnn,transnet,100000,512,-0.011241057887673378,1.0971074104309082,-8.881366729736328,8.587106704711914,0.8584378957748413,24.342851638793945,4.874050617218018,0.000772558618336916,0.007706132717430592,1.0747400522232056,0.0705137625336647,0.0,1.0,0.04278457537293434,0.17112644016742706,0.2788201570510864,0.423845112323761,134.77328491210938,36498.40625,nan,nan
convnext_cnn_residual,convnext,cnn_residual,100000,512,-0.2577188014984131,30.16861915588379,-235.38577270507812,260.2027893066406,8.574277877807617,681.4834594726562,40.110591888427734,0.0004764062468893826,0.004773183725774288,1.5964882373809814,1.558724284172058,0.0,1.0,0.6401103138923645,0.6671108603477478,0.692051887512207,0.7329631447792053,13.138708114624023,9005344.0,nan,nan
convnext_hybrid,convnext,hybrid,100000,512,0.0019428161904215813,2.542452335357666,-24.313884735107422,27.94204330444336,1.8330906629562378,57.35003662109375,4.536117076873779,0.0003871484368573874,0.0038187499158084393,2.023749589920044,0.24963393807411194,0.0,1.0,0.037098176777362823,0.1409294307231903,0.22149959206581116,0.34144771099090576,172.48223876953125,17259.37890625,nan,nan
convnext_transnet,convnext,transnet,100000,512,0.012767045758664608,1.4079804420471191,-9.744967460632324,11.765689849853516,1.073736548423767,31.71923065185547,2.9945247173309326,0.0006276171770878136,0.006273085717111826,1.2462654113769531,0.08876004815101624,0.0,1.0,0.03893670812249184,0.14140190184116364,0.22108310461044312,0.34398704767227173,171.5426025390625,97486.5859375,nan,nan
crnet_cnn_residual,crnet,cnn_residual,100000,512,-0.020474793389439583,10.31259536743164,-47.457801818847656,55.17941665649414,4.402200698852539,233.34344482421875,1.4360164403915405,0.0009642773657105863,0.009712050668895245,0.47283077239990234,0.07630043476819992,0.0,1.0,0.029456956312060356,0.11466201394796371,0.19059737026691437,0.3062989115715027,193.3268585205078,124043.796875,nan,nan
crnet_hybrid,crnet,hybrid,100000,512,-0.004532500170171261,0.8815091848373413,-7.212067127227783,12.343514442443848,0.5837060809135437,19.806381225585938,2.3604323863983154,0.001219042926095426,0.012231601402163506,0.6789243221282959,0.04714788869023323,0.0,1.0,0.04803512990474701,0.14844247698783875,0.22859108448028564,0.35206902027130127,165.11697387695312,7013.619140625,nan,nan
crnet_transnet,crnet,transnet,100000,512,-8.090001938398927e-05,0.5914130806922913,-5.06134033203125,4.469513416290283,0.4625830352306366,13.11459732055664,2.6625735759735107,0.0014183007879182696,0.01429580058902502,0.5728873014450073,0.03412393480539322,0.0,1.0,0.031221715733408928,0.12429213523864746,0.21057376265525818,0.3372872769832611,174.3730926513672,6133.74169921875,nan,nan
csinet_cnn_residual,csinet,cnn_residual,100000,512,0.08621081709861755,9.517489433288574,-50.94899368286133,43.95738983154297,4.247437953948975,215.33006286621094,3.8805172443389893,0.0009542382904328406,0.009585488587617874,0.43222686648368835,0.08441296219825745,0.0,1.0,0.15139137208461761,0.22658860683441162,0.28794318437576294,0.3819523751735687,138.27671813964844,610838.0,nan,nan
csinet_hybrid,csinet,hybrid,100000,512,-0.04343292862176895,1.200028657913208,-14.638837814331055,19.196500778198242,0.7475330233573914,26.95636749267578,3.411052942276001,0.0009984765201807022,0.009969159960746765,0.8513475656509399,0.0765143558382988,0.0,1.0,0.055236510932445526,0.13924404978752136,0.20743653178215027,0.3124547004699707,202.72280883789062,13267.0908203125,nan,nan
csinet_transnet,csinet,transnet,100000,512,-0.00512657267972827,1.049123764038086,-8.381916046142578,8.153525352478027,0.8176315426826477,23.125934600830078,5.361230850219727,0.0008135546813718975,0.008151737973093987,1.0356547832489014,0.056315649300813675,0.0,1.0,0.035063691437244415,0.1256089061498642,0.20147740840911865,0.31680911779403687,197.60963439941406,39657.45703125,nan,nan
dscnn_cnn_residual,dscnn,cnn_residual,100000,512,-0.21078719198703766,12.378849029541016,-94.2781982421875,73.01287841796875,3.607903480529785,280.1307067871094,2.5141866207122803,0.001269082073122263,0.012681386433541775,0.4836992025375366,0.15582653880119324,0.0,1.0,0.047703418880701065,0.14715354144573212,0.23529699444770813,0.35434386134147644,164.86341857910156,148524.375,nan,nan
dscnn_hybrid,dscnn,hybrid,100000,512,-0.1299188733100891,1.4715042114257812,-13.016592025756836,20.192415237426758,0.9600160717964172,33.269588470458984,3.2284207344055176,0.0007415820145979524,0.007355449255555868,1.1195359230041504,0.11549660563468933,0.0,1.0,0.04918772727251053,0.1725500524044037,0.2718324065208435,0.41165250539779663,140.46209716796875,7097.7255859375,nan,nan
dscnn_transnet,dscnn,transnet,100000,512,-0.012816660106182098,1.3142924308776855,-10.667759895324707,9.825752258300781,1.033780574798584,29.316089630126953,5.006163120269775,0.0006337890517897904,0.006330117117613554,1.2822022438049316,0.09368552267551422,0.0,1.0,0.04310274124145508,0.17500373721122742,0.2721959352493286,0.4008883237838745,154.360595703125,4953.337890625,nan,nan
mlp_ae_cnn_residual,mlp_ae,cnn_residual,100000,512,-0.16583460569381714,12.46273422241211,-68.43402862548828,68.65709686279297,4.488580226898193,282.00103759765625,3.632537841796875,0.0014740234473720193,0.01474134810268879,0.3557756841182709,0.10564736276865005,0.0,1.0,0.1923629492521286,0.2537158727645874,0.30443161725997925,0.386386901140213,134.8879852294922,306848.875,nan,nan
mlp_ae_hybrid,mlp_ae,hybrid,100000,512,-0.03360692784190178,0.22237628698349,-2.4123716354370117,2.6362462043762207,0.13323701918125153,5.071460723876953,0.42139217257499695,0.005792558658868074,0.05783833935856819,0.1362796574831009,0.008682654239237309,0.0,1.0,0.03993811458349228,0.13826040923595428,0.21022674441337585,0.3187892735004425,207.27073669433594,55875.19140625,nan,nan
mlp_ae_transnet,mlp_ae,transnet,100000,512,-0.0003271645400673151,0.2655549645423889,-2.061455488204956,1.9909169673919678,0.2058049440383911,5.897810459136963,1.149711012840271,0.003270429791882634,0.032680291682481766,0.250570684671402,0.013117140159010887,0.0,1.0,0.035675376653671265,0.12764254212379456,0.20172102749347687,0.3156033158302307,200.327392578125,92540.421875,nan,nan
mlp_mixer_cnn_residual,mlp_mixer,cnn_residual,100000,512,-0.01841811090707779,11.96467113494873,-72.52613830566406,78.65225982666016,3.5605125427246094,270.729248046875,0.6070513725280762,0.0010839843889698386,0.010827246122062206,0.535298228263855,0.2166297435760498,0.0,1.0,0.025703178718686104,0.10018801689147949,0.16376565396785736,0.25937849283218384,232.41952514648438,195526.90625,nan,nan
mlp_mixer_hybrid,mlp_mixer,hybrid,100000,512,0.03380725905299187,0.7364152669906616,-8.481392860412598,9.26546573638916,0.4196226894855499,16.631105422973633,1.285668134689331,0.0019610547460615635,0.019555801525712013,0.4201071560382843,0.02846762165427208,0.0,1.0,0.037033312022686005,0.13200052082538605,0.20275171101093292,0.3144107162952423,196.98626708984375,21046.33203125,nan,nan
mlp_mixer_transnet,mlp_mixer,transnet,100000,512,0.0034819385036826134,0.36413154006004333,-3.0503365993499756,2.543773651123047,0.2852765917778015,8.106744766235352,1.4744131565093994,0.0023213671520352364,0.023172812536358833,0.32455915212631226,0.017347663640975952,0.0,1.0,0.030999206006526947,0.11845037341117859,0.1928587257862091,0.30409926176071167,201.51443481445312,74092.078125,nan,nan
resnet_cnn_residual,resnet,cnn_residual,100000,512,0.14157181978225708,21.699914932250977,-147.0053253173828,143.95388793945312,5.8970208168029785,491.0185241699219,2.2035984992980957,0.000869882816914469,0.008643281646072865,0.7067309021949768,0.2598736882209778,0.0,1.0,0.02894444204866886,0.11605815589427948,0.19631724059581757,0.31155115365982056,193.0139617919922,111375.7421875,nan,nan
resnet_hybrid,resnet,hybrid,100000,512,0.09749793261289597,2.2903361320495605,-29.625057220458984,18.026731491088867,1.3133864402770996,51.74787902832031,3.576401472091675,0.0005618554423563182,0.005611054599285126,1.4685858488082886,0.12525643408298492,0.0,1.0,0.04862472414970398,0.17060261964797974,0.2715633511543274,0.41517990827560425,134.1311492919922,104734.3984375,nan,nan
resnet_transnet,resnet,transnet,100000,512,0.0015924990875646472,1.0206419229507446,-10.916772842407227,8.04006290435791,0.7949668169021606,22.629993438720703,4.608715057373047,0.0008378515485674143,0.0083388090133667,0.9900025129318237,0.12284944951534271,0.0,1.0,0.06808724254369736,0.20898671448230743,0.3171941339969635,0.45532989501953125,124.74968719482422,71028.0,nan,nan
sparse_resnet_cnn_residual,sparse_resnet,cnn_residual,100000,512,0.08616700023412704,20.831037521362305,-156.55706787109375,162.1190643310547,5.538087368011475,471.3510437011719,2.2814114093780518,0.0009543164051137865,0.00953994132578373,0.6864021420478821,0.24588876962661743,0.0,1.0,0.028711147606372833,0.12052691727876663,0.2014429122209549,0.3194097876548767,191.14634704589844,100627.1796875,nan,nan
sparse_resnet_hybrid,sparse_resnet,hybrid,100000,512,-0.12808838486671448,2.235165596008301,-21.831098556518555,32.820526123046875,1.2747645378112793,50.53641891479492,3.522031545639038,0.0005784179666079581,0.0058026365004479885,1.4114797115325928,0.12710677087306976,0.0,1.0,0.04763196408748627,0.17977720499038696,0.28023040294647217,0.4198731780052185,131.32009887695312,78033.9765625,nan,nan
sparse_resnet_transnet,sparse_resnet,transnet,100000,512,-0.014728574082255363,1.1133612394332886,-11.205501556396484,9.182966232299805,0.8677443861961365,24.730785369873047,4.8125691413879395,0.0007645703153684735,0.0076500000432133675,1.0772244930267334,0.15734998881816864,0.0,1.0,0.05962855741381645,0.21856151521205902,0.33724913001060486,0.47689270973205566,117.03829956054688,31282.703125,nan,nan
swin_cnn_residual,swin,cnn_residual,100000,512,0.0076176817528903484,6.987912178039551,-45.273780822753906,45.418880462646484,2.3310258388519287,158.11758422851562,0.5340389609336853,0.00196693348698318,0.019701601937413216,0.32661476731300354,0.11137131601572037,0.0,1.0,0.023736724629998207,0.097077377140522,0.16296520829200745,0.26993095874786377,214.37049865722656,118350.0,nan,nan
swin_hybrid,swin,hybrid,100000,512,0.003171600867062807,0.5896438360214233,-5.215826988220215,6.577285289764404,0.37121033668518066,13.295543670654297,1.11613130569458,0.002040605526417494,0.020341992378234863,0.4061880111694336,0.03737751767039299,0.0,1.0,0.03799498453736305,0.1361360102891922,0.2173188328742981,0.3464645445346832,168.87567138671875,9057.4560546875,nan,nan
swin_transnet,swin,transnet,100000,512,-0.0005951544735580683,0.33171510696411133,-2.9696481227874756,2.647693395614624,0.2596750557422638,7.349488735198975,1.5241625308990479,0.0025347655173391104,0.025424804538488388,0.32560819387435913,0.01941564679145813,0.0,1.0,0.036551669239997864,0.13494957983493805,0.2113094925880432,0.3387439548969269,172.83627319335938,19250.5,nan,nan
transnet_cnn_residual,transnet,cnn_residual,100000,512,-0.2841692268848419,12.477425575256348,-87.55184936523438,79.33586883544922,3.859225273132324,282.3833312988281,3.509092330932617,0.0010123437969014049,0.010161562822759151,0.6465488076210022,0.2789664566516876,0.0,1.0,0.05690619349479675,0.11890731006860733,0.17746815085411072,0.27452877163887024,216.49630737304688,1468404.5,nan,nan
transnet_hybrid,transnet,hybrid,100000,512,-0.005868458189070225,1.2074987888336182,-12.553022384643555,10.790224075317383,0.720647394657135,27.282546997070312,1.4844244718551636,0.0011412695748731494,0.011332930065691471,0.6981852054595947,0.051240816712379456,0.0,1.0,0.03956688940525055,0.14568711817264557,0.22366681694984436,0.33897244930267334,179.0598907470703,528987.5625,nan,nan
transnet_transnet,transnet,transnet,100000,512,0.02388472855091095,0.800708532333374,-5.949240684509277,5.402513027191162,0.6266855597496033,17.884857177734375,2.946963310241699,0.00105740234721452,0.010576601140201092,0.7368507981300354,0.08474328368902206,0.0,1.0,0.09808243066072464,0.20861056447029114,0.2881770133972168,0.40596553683280945,138.93301391601562,382169.15625,nan,nan
