exp_name,tensor,shape,numel,mse,rmse,target_rms,rel_rmse
random_cross_attention_rms_tok512_h2048_lr2e-4_ep400_seed42,fc_decoder.weight,2048x512,1048576,2.8321551326371264e-07,0.0005321799632302147,0.030175231397151947,0.017636317555478426
random_cross_attention_rms_tok512_h2048_lr2e-4_ep400_seed42,fc_decoder.bias,2048,2048,2.68487497123715e-07,0.0005181577917234431,0.029523661360144615,0.01755059392541769
random_cross_attention_rms_tok512_h2048_lr2e-4_ep400_seed42,decoder.layers.0.self_attn.in_proj_weight,192x64,12288,2.593401632111636e-06,0.0016104041828409524,0.07650445401668549,0.021049809498538817
random_cross_attention_rms_tok512_h2048_lr2e-4_ep400_seed42,decoder.layers.0.self_attn.in_proj_bias,192,192,1.8206816093879752e-05,0.00426694458528345,0.034529753029346466,0.12357298303457369
random_cross_attention_rms_tok512_h2048_lr2e-4_ep400_seed42,decoder.layers.0.self_attn.out_proj.weight,64x64,4096,5.973955921945162e-06,0.002444167736049464,0.12433558702468872,0.01965782922281243
random_cross_attention_rms_tok512_h2048_lr2e-4_ep400_seed42,decoder.layers.0.self_attn.out_proj.bias,64,64,3.2297641155309975e-05,0.005683101367678565,0.03740532323718071,0.15193295701905846
random_cross_attention_rms_tok512_h2048_lr2e-4_ep400_seed42,decoder.layers.0.multihead_attn.in_proj_weight,192x64,12288,2.7559365207707742e-06,0.0016601013585834975,0.08083789050579071,0.020536178618671134
random_cross_attention_rms_tok512_h2048_lr2e-4_ep400_seed42,decoder.layers.0.multihead_attn.in_proj_bias,192,192,1.1971359299423057e-06,0.0010941370709112756,0.009713433682918549,0.11264163699756947
random_cross_attention_rms_tok512_h2048_lr2e-4_ep400_seed42,decoder.layers.0.multihead_attn.out_proj.weight,64x64,4096,6.046705948392628e-06,0.0024590050728684207,0.12445934861898422,0.019757495922595084
random_cross_attention_rms_tok512_h2048_lr2e-4_ep400_seed42,decoder.layers.0.multihead_attn.out_proj.bias,64,64,1.2515225762399496e-06,0.001118714698321225,0.008085403591394424,0.13836225807106425
random_cross_attention_rms_tok512_h2048_lr2e-4_ep400_seed42,decoder.layers.0.linear1.weight,2048x64,131072,5.329330861059134e-07,0.0007300226613646411,0.040010739117860794,0.018245667974645313
random_cross_attention_rms_tok512_h2048_lr2e-4_ep400_seed42,decoder.layers.0.linear1.bias,2048,2048,1.2653272278839722e-06,0.0011248676490520884,0.0737433061003685,0.015253827208683656
random_cross_attention_rms_tok512_h2048_lr2e-4_ep400_seed42,decoder.layers.0.linear2.weight,64x2048,131072,4.352941971319524e-07,0.000659768290486859,0.039414964616298676,0.016739030388829398
random_cross_attention_rms_tok512_h2048_lr2e-4_ep400_seed42,decoder.layers.0.linear2.bias,64,64,7.90260764915729e-06,0.0028111577062052725,0.013715221546590328,0.20496626296963757
random_cross_attention_rms_tok512_h2048_lr2e-4_ep400_seed42,decoder.layers.0.norm1.weight,64,64,0.00013432705600280315,0.011589954961206845,0.9690151810646057,0.01196055045130828
random_cross_attention_rms_tok512_h2048_lr2e-4_ep400_seed42,decoder.layers.0.norm1.bias,64,64,1.6434805729659274e-06,0.001281983062667338,0.008000286296010017,0.16024214824745725
random_cross_attention_rms_tok512_h2048_lr2e-4_ep400_seed42,decoder.layers.0.norm2.weight,64,64,7.11017637513578e-05,0.008432186178646543,0.9987191557884216,0.008443000346769057
random_cross_attention_rms_tok512_h2048_lr2e-4_ep400_seed42,decoder.layers.0.norm2.bias,64,64,9.226532142747601e-07,0.0009605483924689896,0.007096283137798309,0.13535936684271155
random_cross_attention_rms_tok512_h2048_lr2e-4_ep400_seed42,decoder.layers.0.norm3.weight,64,64,0.00012252014130353928,0.011068881664537717,1.0210247039794922,0.01084095381962476
random_cross_attention_rms_tok512_h2048_lr2e-4_ep400_seed42,decoder.layers.0.norm3.bias,64,64,4.181617441645358e-06,0.002044900350052627,0.011242784559726715,0.18188557640584493
random_cross_attention_rms_tok512_h2048_lr2e-4_ep400_seed42,decoder.layers.1.self_attn.in_proj_weight,192x64,12288,2.4616074369987473e-06,0.0015689510626526078,0.08710572868585587,0.018012030739229353
random_cross_attention_rms_tok512_h2048_lr2e-4_ep400_seed42,decoder.layers.1.self_attn.in_proj_bias,192,192,3.3271132906520506e-06,0.0018240376341106701,0.015329966321587563,0.11898510380561449
random_cross_attention_rms_tok512_h2048_lr2e-4_ep400_seed42,decoder.layers.1.self_attn.out_proj.weight,64x64,4096,4.470676230994286e-06,0.002114397368281158,0.11489184200763702,0.018403372522660146
random_cross_attention_rms_tok512_h2048_lr2e-4_ep400_seed42,decoder.layers.1.self_attn.out_proj.bias,64,64,1.5848082739466918e-06,0.0012588916847555598,0.007621807046234608,0.1651697133132606
random_cross_attention_rms_tok512_h2048_lr2e-4_ep400_seed42,decoder.layers.1.multihead_attn.in_proj_weight,192x64,12288,3.0153896659612656e-06,0.0017364877385001212,0.09907949715852737,0.01752620661489367
random_cross_attention_rms_tok512_h2048_lr2e-4_ep400_seed42,decoder.layers.1.multihead_attn.in_proj_bias,192,192,2.1962998744129436e-06,0.001481991860440854,0.013955274596810341,0.10619582224341056
random_cross_attention_rms_tok512_h2048_lr2e-4_ep400_seed42,decoder.layers.1.multihead_attn.out_proj.weight,64x64,4096,4.739865744340932e-06,0.0021771232726561286,0.12329886108636856,0.017657286153933686
random_cross_attention_rms_tok512_h2048_lr2e-4_ep400_seed42,decoder.layers.1.multihead_attn.out_proj.bias,64,64,8.66434675117489e-06,0.002943526244349605,0.018866021186113358,0.15602263006660014
random_cross_attention_rms_tok512_h2048_lr2e-4_ep400_seed42,decoder.layers.1.linear1.weight,2048x64,131072,5.363666559787816e-07,0.0007323705728514641,0.04387927055358887,0.016690582218248925
random_cross_attention_rms_tok512_h2048_lr2e-4_ep400_seed42,decoder.layers.1.linear1.bias,2048,2048,1.127748078033619e-06,0.0010619548380386141,0.07399309426546097,0.0143520804012966
random_cross_attention_rms_tok512_h2048_lr2e-4_ep400_seed42,decoder.layers.1.linear2.weight,64x2048,131072,5.377269189921208e-07,0.0007332986560686722,0.04613731428980827,0.015893830565483474
random_cross_attention_rms_tok512_h2048_lr2e-4_ep400_seed42,decoder.layers.1.linear2.bias,64,64,2.8884995117550716e-05,0.005374476264488543,0.024829387664794922,0.2164562548640256
random_cross_attention_rms_tok512_h2048_lr2e-4_ep400_seed42,decoder.layers.1.norm1.weight,64,64,8.804239041637629e-05,0.009383090664401378,1.0403916835784912,0.009018805909835477
random_cross_attention_rms_tok512_h2048_lr2e-4_ep400_seed42,decoder.layers.1.norm1.bias,64,64,4.8630713536113035e-06,0.0022052372556283606,0.01528709102421999,0.14425486524117043
random_cross_attention_rms_tok512_h2048_lr2e-4_ep400_seed42,decoder.layers.1.norm2.weight,64,64,8.974493539426476e-05,0.009473380357309885,1.0234030485153198,0.009256744320874546
random_cross_attention_rms_tok512_h2048_lr2e-4_ep400_seed42,decoder.layers.1.norm2.bias,64,64,1.1956220987485722e-05,0.003457776885151169,0.023942703381180763,0.14441881645950727
random_cross_attention_rms_tok512_h2048_lr2e-4_ep400_seed42,decoder.layers.1.norm3.weight,64,64,4.90861784783192e-05,0.007006152901437364,0.9861710667610168,0.0071043991631679
random_cross_attention_rms_tok512_h2048_lr2e-4_ep400_seed42,decoder.layers.1.norm3.bias,64,64,1.188075930258492e-05,0.00344684773417465,0.0225711390376091,0.152710402803835
random_cross_attention_rms_tok512_h2048_lr2e-4_ep400_seed42,decoder.norm.weight,64,64,0.0046782721765339375,0.06839789599493494,0.5539973378181458,0.12346249941256418
random_cross_attention_rms_tok512_h2048_lr2e-4_ep400_seed42,decoder.norm.bias,64,64,0.004614998586475849,0.0679337808934248,0.39217275381088257,0.1732241218526479
random_film_rms_tok512_h2048_lr2e-4_ep400_seed42,fc_decoder.weight,2048x512,1048576,1.8481058816632867e-07,0.000429896020179681,0.030175231397151947,0.014246651981606882
random_film_rms_tok512_h2048_lr2e-4_ep400_seed42,fc_decoder.bias,2048,2048,2.893703197059949e-07,0.0005379315195319892,0.029523661360144615,0.018220352583306905
random_film_rms_tok512_h2048_lr2e-4_ep400_seed42,decoder.layers.0.self_attn.in_proj_weight,192x64,12288,3.7175141187617555e-06,0.0019280856098113888,0.07650445401668549,0.025202266124151107
random_film_rms_tok512_h2048_lr2e-4_ep400_seed42,decoder.layers.0.self_attn.in_proj_bias,192,192,1.3079737072985154e-05,0.0036165919140794906,0.034529753029346466,0.10473842401959227
random_film_rms_tok512_h2048_lr2e-4_ep400_seed42,decoder.layers.0.self_attn.out_proj.weight,64x64,4096,6.871877758385381e-06,0.0026214266646971797,0.12433558702468872,0.021083478410542717
random_film_rms_tok512_h2048_lr2e-4_ep400_seed42,decoder.layers.0.self_attn.out_proj.bias,64,64,3.7068777601234615e-05,0.0060884133894828964,0.03740532323718071,0.16276863458383492
random_film_rms_tok512_h2048_lr2e-4_ep400_seed42,decoder.layers.0.multihead_attn.in_proj_weight,192x64,12288,4.034696303278906e-06,0.0020086553470615377,0.08083789050579071,0.02484794363749077
random_film_rms_tok512_h2048_lr2e-4_ep400_seed42,decoder.layers.0.multihead_attn.in_proj_bias,192,192,9.133041203313041e-07,0.00095566946185975,0.009713433682918549,0.0983863681017694
random_film_rms_tok512_h2048_lr2e-4_ep400_seed42,decoder.layers.0.multihead_attn.out_proj.weight,64x64,4096,7.402594746963587e-06,0.00272077098392415,0.12445934861898422,0.021860720099487498
random_film_rms_tok512_h2048_lr2e-4_ep400_seed42,decoder.layers.0.multihead_attn.out_proj.bias,64,64,1.6783222918093088e-06,0.0012955007880388605,0.008085403591394424,0.16022710225840883
random_film_rms_tok512_h2048_lr2e-4_ep400_seed42,decoder.layers.0.linear1.weight,2048x64,131072,5.20546620919049e-07,0.000721489168954773,0.040010739117860794,0.018032387925388266
random_film_rms_tok512_h2048_lr2e-4_ep400_seed42,decoder.layers.0.linear1.bias,2048,2048,1.5713519587734481e-06,0.0012535357828053605,0.0737433061003685,0.01699863823706565
random_film_rms_tok512_h2048_lr2e-4_ep400_seed42,decoder.layers.0.linear2.weight,64x2048,131072,6.28766088084376e-07,0.0007929477209024413,0.039414964616298676,0.020117935627285723
random_film_rms_tok512_h2048_lr2e-4_ep400_seed42,decoder.layers.0.linear2.bias,64,64,1.1960759366047569e-05,0.0034584330795965346,0.013715221546590328,0.25216020520327054
random_film_rms_tok512_h2048_lr2e-4_ep400_seed42,decoder.layers.0.norm1.weight,64,64,0.00018237096082884818,0.01350447928758633,0.9690151810646057,0.01393629279651705
random_film_rms_tok512_h2048_lr2e-4_ep400_seed42,decoder.layers.0.norm1.bias,64,64,1.6889914604689693e-06,0.001299612042291456,0.008000286296010017,0.16244569184225463
random_film_rms_tok512_h2048_lr2e-4_ep400_seed42,decoder.layers.0.norm2.weight,64,64,7.982960960362107e-05,0.00893474172002868,0.9987191557884216,0.008946200409038216
random_film_rms_tok512_h2048_lr2e-4_ep400_seed42,decoder.layers.0.norm2.bias,64,64,9.606219464330934e-07,0.000980113231434559,0.007096283137798309,0.13811642128736262
random_film_rms_tok512_h2048_lr2e-4_ep400_seed42,decoder.layers.0.norm3.weight,64,64,0.00010388343071099371,0.01019232214517348,1.0210247039794922,0.00998244421065271
random_film_rms_tok512_h2048_lr2e-4_ep400_seed42,decoder.layers.0.norm3.bias,64,64,3.4061065434798365e-06,0.0018455640177137819,0.011242784559726715,0.16415541967466493
random_film_rms_tok512_h2048_lr2e-4_ep400_seed42,decoder.layers.1.self_attn.in_proj_weight,192x64,12288,4.397017619339749e-06,0.0020969066787388867,0.08710572868585587,0.02407312022268152
random_film_rms_tok512_h2048_lr2e-4_ep400_seed42,decoder.layers.1.self_attn.in_proj_bias,192,192,2.3797651920176577e-06,0.0015426487584727956,0.015329966321587563,0.10062962475660807
random_film_rms_tok512_h2048_lr2e-4_ep400_seed42,decoder.layers.1.self_attn.out_proj.weight,64x64,4096,6.856156232970534e-06,0.0026184262893903533,0.11489184200763702,0.022790358685487025
random_film_rms_tok512_h2048_lr2e-4_ep400_seed42,decoder.layers.1.self_attn.out_proj.bias,64,64,1.999587311729556e-06,0.001414067647508264,0.007621807046234608,0.18552918473668972
random_film_rms_tok512_h2048_lr2e-4_ep400_seed42,decoder.layers.1.multihead_attn.in_proj_weight,192x64,12288,4.81514598504873e-06,0.002194344089938661,0.09907949715852737,0.02214730749418022
random_film_rms_tok512_h2048_lr2e-4_ep400_seed42,decoder.layers.1.multihead_attn.in_proj_bias,192,192,1.237807737197727e-06,0.0011125680820505894,0.013955274596810341,0.07972384021055962
random_film_rms_tok512_h2048_lr2e-4_ep400_seed42,decoder.layers.1.multihead_attn.out_proj.weight,64x64,4096,7.78141929913545e-06,0.002789519546290266,0.12329886108636856,0.022624049579308435
random_film_rms_tok512_h2048_lr2e-4_ep400_seed42,decoder.layers.1.multihead_attn.out_proj.bias,64,64,6.0247457440709695e-06,0.0024545357491939225,0.018866021186113358,0.13010351917767501
random_film_rms_tok512_h2048_lr2e-4_ep400_seed42,decoder.layers.1.linear1.weight,2048x64,131072,9.045499496096454e-07,0.0009510783088734836,0.04387927055358887,0.021674888777194937
random_film_rms_tok512_h2048_lr2e-4_ep400_seed42,decoder.layers.1.linear1.bias,2048,2048,1.6739944612709223e-06,0.0012938293787323437,0.07399309426546097,0.017485812582597817
random_film_rms_tok512_h2048_lr2e-4_ep400_seed42,decoder.layers.1.linear2.weight,64x2048,131072,9.375979175274551e-07,0.0009682963996253704,0.04613731428980827,0.02098727276458021
random_film_rms_tok512_h2048_lr2e-4_ep400_seed42,decoder.layers.1.linear2.bias,64,64,2.5074699806282297e-05,0.005007464408888225,0.024829387664794922,0.2016749054181552
random_film_rms_tok512_h2048_lr2e-4_ep400_seed42,decoder.layers.1.norm1.weight,64,64,0.0001032500367728062,0.010161202525922126,1.0403916835784912,0.009766708717789866
random_film_rms_tok512_h2048_lr2e-4_ep400_seed42,decoder.layers.1.norm1.bias,64,64,4.491601430345327e-06,0.002119339857206797,0.01528709102421999,0.13863591535165432
random_film_rms_tok512_h2048_lr2e-4_ep400_seed42,decoder.layers.1.norm2.weight,64,64,8.396105113206431e-05,0.009163026308598285,1.0234030485153198,0.008953487408398237
random_film_rms_tok512_h2048_lr2e-4_ep400_seed42,decoder.layers.1.norm2.bias,64,64,9.766097718966193e-06,0.0031250756341193076,0.023942703381180763,0.1305230902445065
random_film_rms_tok512_h2048_lr2e-4_ep400_seed42,decoder.layers.1.norm3.weight,64,64,6.742876576026902e-05,0.00821150204044723,0.9861710667610168,0.008326650737601856
random_film_rms_tok512_h2048_lr2e-4_ep400_seed42,decoder.layers.1.norm3.bias,64,64,1.5062229067552835e-05,0.003881008769321816,0.0225711390376091,0.17194563211254404
random_film_rms_tok512_h2048_lr2e-4_ep400_seed42,decoder.norm.weight,64,64,0.007840500213205814,0.08854659910581442,0.5539973378181458,0.15983217438290395
random_film_rms_tok512_h2048_lr2e-4_ep400_seed42,decoder.norm.bias,64,64,0.003736848011612892,0.061129763713046466,0.39217275381088257,0.15587458108455202
random_film_zscore_tok512_h2048_lr2e-4_ep400_seed42,fc_decoder.weight,2048x512,1048576,2.0242146092641633e-07,0.0004499127258996086,0.030175231397151947,0.01491000085394782
random_film_zscore_tok512_h2048_lr2e-4_ep400_seed42,fc_decoder.bias,2048,2048,1.8988100691785803e-07,0.0004357533785501359,0.029523661360144615,0.01475946269788814
random_film_zscore_tok512_h2048_lr2e-4_ep400_seed42,decoder.layers.0.self_attn.in_proj_weight,192x64,12288,2.713963112910278e-06,0.001647411033382464,0.07650445401668549,0.021533531015372864
random_film_zscore_tok512_h2048_lr2e-4_ep400_seed42,decoder.layers.0.self_attn.in_proj_bias,192,192,1.2336564395809546e-05,0.003512344572477129,0.034529753029346466,0.10171936560021223
random_film_zscore_tok512_h2048_lr2e-4_ep400_seed42,decoder.layers.0.self_attn.out_proj.weight,64x64,4096,5.610835160041461e-06,0.0023687201523272987,0.12433558702468872,0.019051023194646223
random_film_zscore_tok512_h2048_lr2e-4_ep400_seed42,decoder.layers.0.self_attn.out_proj.bias,64,64,2.0723133275168948e-05,0.004552266828204268,0.03740532323718071,0.12170104237140604
random_film_zscore_tok512_h2048_lr2e-4_ep400_seed42,decoder.layers.0.multihead_attn.in_proj_weight,192x64,12288,2.9864897896914044e-06,0.0017281463449868488,0.08083789050579071,0.021377924809443852
random_film_zscore_tok512_h2048_lr2e-4_ep400_seed42,decoder.layers.0.multihead_attn.in_proj_bias,192,192,5.910548566134821e-07,0.0007688009213141475,0.009713433682918549,0.0791482133312048
random_film_zscore_tok512_h2048_lr2e-4_ep400_seed42,decoder.layers.0.multihead_attn.out_proj.weight,64x64,4096,6.40984762867447e-06,0.0025317676885280114,0.12445934861898422,0.020342125494153776
random_film_zscore_tok512_h2048_lr2e-4_ep400_seed42,decoder.layers.0.multihead_attn.out_proj.bias,64,64,6.848038083262509e-07,0.000827528735649857,0.008085403591394424,0.10234847602791586
random_film_zscore_tok512_h2048_lr2e-4_ep400_seed42,decoder.layers.0.linear1.weight,2048x64,131072,5.714736062145676e-07,0.0007559587331426019,0.040010739117860794,0.018893895734236558
random_film_zscore_tok512_h2048_lr2e-4_ep400_seed42,decoder.layers.0.linear1.bias,2048,2048,1.2115507388443802e-06,0.0011007046555931252,0.0737433061003685,0.01492616365877343
random_film_zscore_tok512_h2048_lr2e-4_ep400_seed42,decoder.layers.0.linear2.weight,64x2048,131072,5.828389930684352e-07,0.0007634389255653887,0.039414964616298676,0.019369265785150427
random_film_zscore_tok512_h2048_lr2e-4_ep400_seed42,decoder.layers.0.linear2.bias,64,64,4.369771431811387e-06,0.0020903998258255253,0.013715221546590328,0.1524145868679175
random_film_zscore_tok512_h2048_lr2e-4_ep400_seed42,decoder.layers.0.norm1.weight,64,64,4.497433837968856e-05,0.006706290955490118,0.9690151810646057,0.006920728474163088
random_film_zscore_tok512_h2048_lr2e-4_ep400_seed42,decoder.layers.0.norm1.bias,64,64,9.763668913365109e-07,0.0009881127928209972,0.008000286296010017,0.12350967906158541
random_film_zscore_tok512_h2048_lr2e-4_ep400_seed42,decoder.layers.0.norm2.weight,64,64,3.6295306927058846e-05,0.006024558649980831,0.9987191557884216,0.0060322850673919905
random_film_zscore_tok512_h2048_lr2e-4_ep400_seed42,decoder.layers.0.norm2.bias,64,64,6.968508046156785e-07,0.0008347759008354748,0.007096283137798309,0.11763565300671926
random_film_zscore_tok512_h2048_lr2e-4_ep400_seed42,decoder.layers.0.norm3.weight,64,64,5.3879608458373696e-05,0.007340273050668735,1.0210247039794922,0.007189123849853655
random_film_zscore_tok512_h2048_lr2e-4_ep400_seed42,decoder.layers.0.norm3.bias,64,64,1.6029326843636227e-06,0.0012660697786313448,0.011242784559726715,0.11261176196212017
random_film_zscore_tok512_h2048_lr2e-4_ep400_seed42,decoder.layers.1.self_attn.in_proj_weight,192x64,12288,3.296843033240293e-06,0.0018157210780404278,0.08710572868585587,0.020845024838593223
random_film_zscore_tok512_h2048_lr2e-4_ep400_seed42,decoder.layers.1.self_attn.in_proj_bias,192,192,3.3781279853428714e-06,0.0018379684397026167,0.015329966321587563,0.11989383415111624
random_film_zscore_tok512_h2048_lr2e-4_ep400_seed42,decoder.layers.1.self_attn.out_proj.weight,64x64,4096,5.6393741942883935e-06,0.0023747366578819626,0.11489184200763702,0.020669323568892825
random_film_zscore_tok512_h2048_lr2e-4_ep400_seed42,decoder.layers.1.self_attn.out_proj.bias,64,64,9.572438557370333e-07,0.0009783883971802984,0.007621807046234608,0.12836698584014278
random_film_zscore_tok512_h2048_lr2e-4_ep400_seed42,decoder.layers.1.multihead_attn.in_proj_weight,192x64,12288,4.101061676919926e-06,0.002025107818591377,0.09907949715852737,0.020439221803388856
random_film_zscore_tok512_h2048_lr2e-4_ep400_seed42,decoder.layers.1.multihead_attn.in_proj_bias,192,192,1.9292192519060336e-06,0.0013889633731333716,0.013955274596810341,0.09952963401027144
random_film_zscore_tok512_h2048_lr2e-4_ep400_seed42,decoder.layers.1.multihead_attn.out_proj.weight,64x64,4096,5.607349976344267e-06,0.0023679843699535405,0.12329886108636856,0.01920524122517897
random_film_zscore_tok512_h2048_lr2e-4_ep400_seed42,decoder.layers.1.multihead_attn.out_proj.bias,64,64,4.605221874953713e-06,0.0021459780695416513,0.018866021186113358,0.11374831228967523
random_film_zscore_tok512_h2048_lr2e-4_ep400_seed42,decoder.layers.1.linear1.weight,2048x64,131072,6.964693284317036e-07,0.0008345473793810053,0.04387927055358887,0.019019171669268965
random_film_zscore_tok512_h2048_lr2e-4_ep400_seed42,decoder.layers.1.linear1.bias,2048,2048,1.3065384791843826e-06,0.0011430391415801922,0.07399309426546097,0.01544791649717166
random_film_zscore_tok512_h2048_lr2e-4_ep400_seed42,decoder.layers.1.linear2.weight,64x2048,131072,8.103147592919413e-07,0.0009001748492887041,0.04613731428980827,0.01951077697401976
random_film_zscore_tok512_h2048_lr2e-4_ep400_seed42,decoder.layers.1.linear2.bias,64,64,1.5177698514889926e-05,0.003895856582946801,0.024829387664794922,0.15690506087150333
random_film_zscore_tok512_h2048_lr2e-4_ep400_seed42,decoder.layers.1.norm1.weight,64,64,3.9869868487585336e-05,0.006314259140040527,1.0403916835784912,0.006069117275449804
random_film_zscore_tok512_h2048_lr2e-4_ep400_seed42,decoder.layers.1.norm1.bias,64,64,4.785294549947139e-06,0.002187531611188085,0.01528709102421999,0.14309665636989308
random_film_zscore_tok512_h2048_lr2e-4_ep400_seed42,decoder.layers.1.norm2.weight,64,64,3.308192754047923e-05,0.005751689103252994,1.0234030485153198,0.005620160220938499
random_film_zscore_tok512_h2048_lr2e-4_ep400_seed42,decoder.layers.1.norm2.bias,64,64,6.014053724356927e-06,0.0024523567693867316,0.023942703381180763,0.10242605984561927
random_film_zscore_tok512_h2048_lr2e-4_ep400_seed42,decoder.layers.1.norm3.weight,64,64,2.7097148631582968e-05,0.005205492160361301,0.9861710667610168,0.005278488018775724
random_film_zscore_tok512_h2048_lr2e-4_ep400_seed42,decoder.layers.1.norm3.bias,64,64,7.629778338014148e-06,0.0027622053395817896,0.0225711390376091,0.12237775572509975
random_film_zscore_tok512_h2048_lr2e-4_ep400_seed42,decoder.norm.weight,64,64,0.000598022947087884,0.024454507704876907,0.5539973378181458,0.044141922777441764
random_film_zscore_tok512_h2048_lr2e-4_ep400_seed42,decoder.norm.bias,64,64,0.0020508579909801483,0.045286399624833815,0.39217275381088257,0.11547563971430884
random_hyper_lora_rms_tok512_h2048_lr2e-4_ep400_seed42,fc_decoder.weight,2048x512,1048576,7.475182428606786e-08,0.0002734077985099691,0.030175231397151947,0.009060669491196492
random_hyper_lora_rms_tok512_h2048_lr2e-4_ep400_seed42,fc_decoder.bias,2048,2048,7.42994217262094e-08,0.00027257920266632486,0.029523661360144615,0.009232567713782695
random_hyper_lora_rms_tok512_h2048_lr2e-4_ep400_seed42,decoder.layers.0.self_attn.in_proj_weight,192x64,12288,8.118806249513e-07,0.0009010441859039433,0.07650445401668549,0.011777669646625112
random_hyper_lora_rms_tok512_h2048_lr2e-4_ep400_seed42,decoder.layers.0.self_attn.in_proj_bias,192,192,1.1139655725855846e-05,0.003337612279138463,0.034529753029346466,0.09665902551639631
random_hyper_lora_rms_tok512_h2048_lr2e-4_ep400_seed42,decoder.layers.0.self_attn.out_proj.weight,64x64,4096,1.6862711618159665e-06,0.0012985650395016671,0.12433558702468872,0.010444033527133445
random_hyper_lora_rms_tok512_h2048_lr2e-4_ep400_seed42,decoder.layers.0.self_attn.out_proj.bias,64,64,2.7827727535623126e-05,0.005275199288711577,0.03740532323718071,0.1410280364445041
random_hyper_lora_rms_tok512_h2048_lr2e-4_ep400_seed42,decoder.layers.0.multihead_attn.in_proj_weight,192x64,12288,8.327431260113372e-07,0.0009125476020522639,0.08083789050579071,0.011288612262672724
random_hyper_lora_rms_tok512_h2048_lr2e-4_ep400_seed42,decoder.layers.0.multihead_attn.in_proj_bias,192,192,8.627997090115969e-07,0.0009288701249429851,0.009713433682918549,0.09562737084172813
random_hyper_lora_rms_tok512_h2048_lr2e-4_ep400_seed42,decoder.layers.0.multihead_attn.out_proj.weight,64x64,4096,1.7504435163573362e-06,0.0013230432783387458,0.12445934861898422,0.01063032462421981
random_hyper_lora_rms_tok512_h2048_lr2e-4_ep400_seed42,decoder.layers.0.multihead_attn.out_proj.bias,64,64,1.6066114767454565e-06,0.0012675217855111825,0.008085403591394424,0.15676666862495892
random_hyper_lora_rms_tok512_h2048_lr2e-4_ep400_seed42,decoder.layers.0.linear1.weight,2048x64,131072,1.7073563185476814e-07,0.0004132016842351543,0.040010739117860794,0.010327269461780602
random_hyper_lora_rms_tok512_h2048_lr2e-4_ep400_seed42,decoder.layers.0.linear1.bias,2048,2048,4.078518998085201e-07,0.000638632836462799,0.0737433061003685,0.008660214333129928
random_hyper_lora_rms_tok512_h2048_lr2e-4_ep400_seed42,decoder.layers.0.linear2.weight,64x2048,131072,1.4733618058926368e-07,0.0003838439534358509,0.039414964616298676,0.009738533503011841
random_hyper_lora_rms_tok512_h2048_lr2e-4_ep400_seed42,decoder.layers.0.linear2.bias,64,64,5.67483539271052e-06,0.002382191300611796,0.013715221546590328,0.1736895968118007
random_hyper_lora_rms_tok512_h2048_lr2e-4_ep400_seed42,decoder.layers.0.norm1.weight,64,64,0.00010175828356295824,0.010087531093531174,0.9690151810646057,0.010410085714496793
random_hyper_lora_rms_tok512_h2048_lr2e-4_ep400_seed42,decoder.layers.0.norm1.bias,64,64,1.3950460697742528e-06,0.0011811206838313571,0.008000286296010017,0.14763480207207302
random_hyper_lora_rms_tok512_h2048_lr2e-4_ep400_seed42,decoder.layers.0.norm2.weight,64,64,5.2523031627060845e-05,0.007247277532084779,0.9987191557884216,0.007256572070417074
random_hyper_lora_rms_tok512_h2048_lr2e-4_ep400_seed42,decoder.layers.0.norm2.bias,64,64,1.1544569815669092e-06,0.0010744565982704509,0.007096283137798309,0.15141117926191025
random_hyper_lora_rms_tok512_h2048_lr2e-4_ep400_seed42,decoder.layers.0.norm3.weight,64,64,7.006215309957042e-05,0.008370313799348888,1.0210247039794922,0.008197954238252212
random_hyper_lora_rms_tok512_h2048_lr2e-4_ep400_seed42,decoder.layers.0.norm3.bias,64,64,2.763605152722448e-06,0.0016624094419614105,0.011242784559726715,0.14786456443507798
random_hyper_lora_rms_tok512_h2048_lr2e-4_ep400_seed42,decoder.layers.1.self_attn.in_proj_weight,192x64,12288,8.645112643534958e-07,0.0009297909788514275,0.08710572868585587,0.010674280473614888
random_hyper_lora_rms_tok512_h2048_lr2e-4_ep400_seed42,decoder.layers.1.self_attn.in_proj_bias,192,192,2.657159711816348e-06,0.0016300796642545873,0.015329966321587563,0.10633289271869563
random_hyper_lora_rms_tok512_h2048_lr2e-4_ep400_seed42,decoder.layers.1.self_attn.out_proj.weight,64x64,4096,1.494366415499826e-06,0.0012224428066375237,0.11489184200763702,0.01063994436224868
random_hyper_lora_rms_tok512_h2048_lr2e-4_ep400_seed42,decoder.layers.1.self_attn.out_proj.bias,64,64,1.5166175444392138e-06,0.001231510269725435,0.007621807046234608,0.16157720370707057
random_hyper_lora_rms_tok512_h2048_lr2e-4_ep400_seed42,decoder.layers.1.multihead_attn.in_proj_weight,192x64,12288,9.65857566370687e-07,0.0009827805280787196,0.09907949715852737,0.009919110979199551
random_hyper_lora_rms_tok512_h2048_lr2e-4_ep400_seed42,decoder.layers.1.multihead_attn.in_proj_bias,192,192,1.4922917443982442e-06,0.0012215939359698231,0.013955274596810341,0.0875363596391743
random_hyper_lora_rms_tok512_h2048_lr2e-4_ep400_seed42,decoder.layers.1.multihead_attn.out_proj.weight,64x64,4096,1.6904845097087673e-06,0.0013001863365336398,0.12329886108636856,0.010544998754067026
random_hyper_lora_rms_tok512_h2048_lr2e-4_ep400_seed42,decoder.layers.1.multihead_attn.out_proj.bias,64,64,5.784164841315942e-06,0.0024050290728629335,0.018866021186113358,0.12747940061856786
random_hyper_lora_rms_tok512_h2048_lr2e-4_ep400_seed42,decoder.layers.1.linear1.weight,2048x64,131072,2.465831130393781e-07,0.0004965713574496399,0.04387927055358887,0.011316764184654968
random_hyper_lora_rms_tok512_h2048_lr2e-4_ep400_seed42,decoder.layers.1.linear1.bias,2048,2048,3.972269269070239e-07,0.000630259412390663,0.07399309426546097,0.008517813975038209
random_hyper_lora_rms_tok512_h2048_lr2e-4_ep400_seed42,decoder.layers.1.linear2.weight,64x2048,131072,2.628942183946492e-07,0.0005127321117256547,0.04613731428980827,0.011113176387012131
random_hyper_lora_rms_tok512_h2048_lr2e-4_ep400_seed42,decoder.layers.1.linear2.bias,64,64,1.7468933947384357e-05,0.004179585379841445,0.024829387664794922,0.16833219716358908
random_hyper_lora_rms_tok512_h2048_lr2e-4_ep400_seed42,decoder.layers.1.norm1.weight,64,64,9.030799265019596e-05,0.009503051754578419,1.0403916835784912,0.0091341096863559
random_hyper_lora_rms_tok512_h2048_lr2e-4_ep400_seed42,decoder.layers.1.norm1.bias,64,64,6.290696546784602e-06,0.002508126102648071,0.01528709102421999,0.1640682389261855
random_hyper_lora_rms_tok512_h2048_lr2e-4_ep400_seed42,decoder.layers.1.norm2.weight,64,64,6.832148210378364e-05,0.008265680982458955,1.0234030485153198,0.008076662459087077
random_hyper_lora_rms_tok512_h2048_lr2e-4_ep400_seed42,decoder.layers.1.norm2.bias,64,64,1.1361802535247989e-05,0.003370727300635278,0.023942703381180763,0.14078307060700204
random_hyper_lora_rms_tok512_h2048_lr2e-4_ep400_seed42,decoder.layers.1.norm3.weight,64,64,4.1001258068718016e-05,0.00640322247534146,0.9861710667610168,0.006493013931520241
random_hyper_lora_rms_tok512_h2048_lr2e-4_ep400_seed42,decoder.layers.1.norm3.bias,64,64,1.2037143278575968e-05,0.003469458643445108,0.0225711390376091,0.15371216479877828
random_hyper_lora_rms_tok512_h2048_lr2e-4_ep400_seed42,decoder.norm.weight,64,64,0.0021741483360528946,0.04662776357550182,0.5539973378181458,0.08416604267294832
random_hyper_lora_rms_tok512_h2048_lr2e-4_ep400_seed42,decoder.norm.bias,64,64,0.0009109328966587782,0.030181664908662316,0.39217275381088257,0.07696012692206766
set_transformer_cross_attention_rms_tok512_h2048_lr2e-4_ep400_seed42,fc_decoder.weight,2048x512,1048576,6.833595875832543e-07,0.0008266556644596674,0.030175231397151947,0.027395172337856218
set_transformer_cross_attention_rms_tok512_h2048_lr2e-4_ep400_seed42,fc_decoder.bias,2048,2048,9.336141033600143e-07,0.0009662370844466768,0.029523661360144615,0.03272754935981775
set_transformer_cross_attention_rms_tok512_h2048_lr2e-4_ep400_seed42,decoder.layers.0.self_attn.in_proj_weight,192x64,12288,9.101559953705873e-06,0.00301687917452885,0.07650445401668549,0.039434033133167304
set_transformer_cross_attention_rms_tok512_h2048_lr2e-4_ep400_seed42,decoder.layers.0.self_attn.in_proj_bias,192,192,3.899534476659028e-06,0.0019747238988423238,0.034529753029346466,0.057189053659434726
set_transformer_cross_attention_rms_tok512_h2048_lr2e-4_ep400_seed42,decoder.layers.0.self_attn.out_proj.weight,64x64,4096,2.0530340407276526e-05,0.0045310418677470335,0.12433558702468872,0.03644203543147567
set_transformer_cross_attention_rms_tok512_h2048_lr2e-4_ep400_seed42,decoder.layers.0.self_attn.out_proj.bias,64,64,1.2445471838873345e-05,0.0035278140312200905,0.03740532323718071,0.09431315454356134
set_transformer_cross_attention_rms_tok512_h2048_lr2e-4_ep400_seed42,decoder.layers.0.multihead_attn.in_proj_weight,192x64,12288,9.611248060537037e-06,0.0031002012935512813,0.08083789050579071,0.03835084357290598
set_transformer_cross_attention_rms_tok512_h2048_lr2e-4_ep400_seed42,decoder.layers.0.multihead_attn.in_proj_bias,192,192,3.421769463329838e-07,0.0005849589270478601,0.009713433682918549,0.060221642123993
set_transformer_cross_attention_rms_tok512_h2048_lr2e-4_ep400_seed42,decoder.layers.0.multihead_attn.out_proj.weight,64x64,4096,2.030577525147237e-05,0.004506192988707027,0.12445934861898422,0.036206143119888394
set_transformer_cross_attention_rms_tok512_h2048_lr2e-4_ep400_seed42,decoder.layers.0.multihead_attn.out_proj.bias,64,64,5.788897965430806e-07,0.0007608480771764364,0.008085403591394424,0.09410143458840242
set_transformer_cross_attention_rms_tok512_h2048_lr2e-4_ep400_seed42,decoder.layers.0.linear1.weight,2048x64,131072,3.003124220413156e-06,0.0017329524576321059,0.040010739117860794,0.04331218307483142
set_transformer_cross_attention_rms_tok512_h2048_lr2e-4_ep400_seed42,decoder.layers.0.linear1.bias,2048,2048,4.062076186528429e-06,0.0020154592991495583,0.0737433061003685,0.027330742351128284
set_transformer_cross_attention_rms_tok512_h2048_lr2e-4_ep400_seed42,decoder.layers.0.linear2.weight,64x2048,131072,2.613303195175831e-06,0.0016165714321290697,0.039414964616298676,0.04101415408757194
set_transformer_cross_attention_rms_tok512_h2048_lr2e-4_ep400_seed42,decoder.layers.0.linear2.bias,64,64,3.6586936857929686e-06,0.001912771205814477,0.013715221546590328,0.13946338375335987
set_transformer_cross_attention_rms_tok512_h2048_lr2e-4_ep400_seed42,decoder.layers.0.norm1.weight,64,64,5.29458156961482e-05,0.007276387544389606,0.9690151810646057,0.007509054230084841
set_transformer_cross_attention_rms_tok512_h2048_lr2e-4_ep400_seed42,decoder.layers.0.norm1.bias,64,64,5.038488666286867e-07,0.0007098231234812562,0.008000286296010017,0.0887247152436615
set_transformer_cross_attention_rms_tok512_h2048_lr2e-4_ep400_seed42,decoder.layers.0.norm2.weight,64,64,2.690306973818224e-05,0.005186816917742735,0.9987191557884216,0.005193468942375589
set_transformer_cross_attention_rms_tok512_h2048_lr2e-4_ep400_seed42,decoder.layers.0.norm2.bias,64,64,3.610625753935892e-07,0.000600884827062216,0.007096283137798309,0.08467599381169089
set_transformer_cross_attention_rms_tok512_h2048_lr2e-4_ep400_seed42,decoder.layers.0.norm3.weight,64,64,3.942603507312015e-05,0.006279015454123373,1.0210247039794922,0.006149719423683494
set_transformer_cross_attention_rms_tok512_h2048_lr2e-4_ep400_seed42,decoder.layers.0.norm3.bias,64,64,1.0896156936723855e-06,0.0010438465853143293,0.011242784559726715,0.09284591195081147
set_transformer_cross_attention_rms_tok512_h2048_lr2e-4_ep400_seed42,decoder.layers.1.self_attn.in_proj_weight,192x64,12288,9.438802408112679e-06,0.0030722634014863828,0.08710572868585587,0.035270509159809754
set_transformer_cross_attention_rms_tok512_h2048_lr2e-4_ep400_seed42,decoder.layers.1.self_attn.in_proj_bias,192,192,8.815954970486928e-07,0.0009389331696391883,0.015329966321587563,0.061248221290413955
set_transformer_cross_attention_rms_tok512_h2048_lr2e-4_ep400_seed42,decoder.layers.1.self_attn.out_proj.weight,64x64,4096,1.872028769867029e-05,0.004326694777618395,0.11489184200763702,0.03765885115960447
set_transformer_cross_attention_rms_tok512_h2048_lr2e-4_ep400_seed42,decoder.layers.1.self_attn.out_proj.bias,64,64,4.490704554882541e-07,0.000670127193514973,0.007621807046234608,0.08792235088738375
set_transformer_cross_attention_rms_tok512_h2048_lr2e-4_ep400_seed42,decoder.layers.1.multihead_attn.in_proj_weight,192x64,12288,1.134059129981324e-05,0.0033675794422423416,0.09907949715852737,0.03398866101282497
set_transformer_cross_attention_rms_tok512_h2048_lr2e-4_ep400_seed42,decoder.layers.1.multihead_attn.in_proj_bias,192,192,7.77652928718453e-07,0.0008818463180840827,0.013955274596810341,0.06319089688752094
set_transformer_cross_attention_rms_tok512_h2048_lr2e-4_ep400_seed42,decoder.layers.1.multihead_attn.out_proj.weight,64x64,4096,1.9483337382553145e-05,0.004413993360048602,0.12329886108636856,0.03579914138020043
set_transformer_cross_attention_rms_tok512_h2048_lr2e-4_ep400_seed42,decoder.layers.1.multihead_attn.out_proj.bias,64,64,2.9453899514919613e-06,0.0017162138420056987,0.018866021186113358,0.09096851026908344
set_transformer_cross_attention_rms_tok512_h2048_lr2e-4_ep400_seed42,decoder.layers.1.linear1.weight,2048x64,131072,3.6090402772970265e-06,0.0018997474246059728,0.04387927055358887,0.043294872513567645
set_transformer_cross_attention_rms_tok512_h2048_lr2e-4_ep400_seed42,decoder.layers.1.linear1.bias,2048,2048,4.594675374391954e-06,0.0021435193897867953,0.07399309426546097,0.028969181665745837
set_transformer_cross_attention_rms_tok512_h2048_lr2e-4_ep400_seed42,decoder.layers.1.linear2.weight,64x2048,131072,3.601614935178077e-06,0.0018977921211708296,0.04613731428980827,0.041133562938882456
set_transformer_cross_attention_rms_tok512_h2048_lr2e-4_ep400_seed42,decoder.layers.1.linear2.bias,64,64,7.694309715589043e-06,0.002773861877525455,0.024829387664794922,0.11171688625484939
set_transformer_cross_attention_rms_tok512_h2048_lr2e-4_ep400_seed42,decoder.layers.1.norm1.weight,64,64,3.409821874811314e-05,0.005839368009306584,1.0403916835784912,0.005612663097442031
set_transformer_cross_attention_rms_tok512_h2048_lr2e-4_ep400_seed42,decoder.layers.1.norm1.bias,64,64,1.317210148954473e-06,0.0011476977602811957,0.01528709102421999,0.07507626915172083
set_transformer_cross_attention_rms_tok512_h2048_lr2e-4_ep400_seed42,decoder.layers.1.norm2.weight,64,64,3.3434658689657226e-05,0.005782271066774475,1.0234030485153198,0.005650042840074574
set_transformer_cross_attention_rms_tok512_h2048_lr2e-4_ep400_seed42,decoder.layers.1.norm2.bias,64,64,4.7916446419549175e-06,0.0021889825586228224,0.023942703381180763,0.09142587300076513
set_transformer_cross_attention_rms_tok512_h2048_lr2e-4_ep400_seed42,decoder.layers.1.norm3.weight,64,64,2.2988915588939562e-05,0.004794675754307017,0.9861710667610168,0.004861910794092412
set_transformer_cross_attention_rms_tok512_h2048_lr2e-4_ep400_seed42,decoder.layers.1.norm3.bias,64,64,5.743973815697245e-06,0.002396658885969642,0.0225711390376091,0.10618245193457962
set_transformer_cross_attention_rms_tok512_h2048_lr2e-4_ep400_seed42,decoder.norm.weight,64,64,0.0016912230057641864,0.041124481829734785,0.5539973378181458,0.0742322733746317
set_transformer_cross_attention_rms_tok512_h2048_lr2e-4_ep400_seed42,decoder.norm.bias,64,64,0.0010176063515245914,0.03189994281381381,0.39217275381088257,0.08134155803489836
set_transformer_cross_attention_zscore_tok512_h2048_lr2e-4_ep400_seed42,fc_decoder.weight,2048x512,1048576,1.28765719864532e-07,0.0003588394067887918,0.030175231397151947,0.01189185269421531
set_transformer_cross_attention_zscore_tok512_h2048_lr2e-4_ep400_seed42,fc_decoder.bias,2048,2048,1.1560045720671042e-07,0.0003400006723621446,0.029523661360144615,0.011516209599298805
set_transformer_cross_attention_zscore_tok512_h2048_lr2e-4_ep400_seed42,decoder.layers.0.self_attn.in_proj_weight,192x64,12288,2.310920535819605e-06,0.0015201712192445972,0.07650445401668549,0.019870362304828037
set_transformer_cross_attention_zscore_tok512_h2048_lr2e-4_ep400_seed42,decoder.layers.0.self_attn.in_proj_bias,192,192,9.269330803363118e-06,0.0030445575710377226,0.034529753029346466,0.08817200541371338
set_transformer_cross_attention_zscore_tok512_h2048_lr2e-4_ep400_seed42,decoder.layers.0.self_attn.out_proj.weight,64x64,4096,4.306113623897545e-06,0.002075117737357942,0.12433558702468872,0.016689652472110787
set_transformer_cross_attention_zscore_tok512_h2048_lr2e-4_ep400_seed42,decoder.layers.0.self_attn.out_proj.bias,64,64,1.62364976858953e-05,0.004029453770164798,0.03740532323718071,0.10772407297792151
set_transformer_cross_attention_zscore_tok512_h2048_lr2e-4_ep400_seed42,decoder.layers.0.multihead_attn.in_proj_weight,192x64,12288,2.2241222268348793e-06,0.0014913491297596547,0.08083789050579071,0.01844863986960204
set_transformer_cross_attention_zscore_tok512_h2048_lr2e-4_ep400_seed42,decoder.layers.0.multihead_attn.in_proj_bias,192,192,8.327801879204344e-07,0.0009125679086623824,0.009713433682918549,0.09394905431507383
set_transformer_cross_attention_zscore_tok512_h2048_lr2e-4_ep400_seed42,decoder.layers.0.multihead_attn.out_proj.weight,64x64,4096,4.685173735197168e-06,0.002164526214948012,0.12445934861898422,0.01739143133051758
set_transformer_cross_attention_zscore_tok512_h2048_lr2e-4_ep400_seed42,decoder.layers.0.multihead_attn.out_proj.bias,64,64,6.038294486643281e-07,0.0007770646360917013,0.008085403591394424,0.09610709314730537
set_transformer_cross_attention_zscore_tok512_h2048_lr2e-4_ep400_seed42,decoder.layers.0.linear1.weight,2048x64,131072,6.005135446685017e-07,0.000774928089998357,0.040010739117860794,0.019368002368454852
set_transformer_cross_attention_zscore_tok512_h2048_lr2e-4_ep400_seed42,decoder.layers.0.linear1.bias,2048,2048,7.834612461010693e-07,0.0008851334623101023,0.0737433061003685,0.01200289909846718
set_transformer_cross_attention_zscore_tok512_h2048_lr2e-4_ep400_seed42,decoder.layers.0.linear2.weight,64x2048,131072,5.718879947380628e-07,0.0007562327649196793,0.039414964616298676,0.01918643774722471
set_transformer_cross_attention_zscore_tok512_h2048_lr2e-4_ep400_seed42,decoder.layers.0.linear2.bias,64,64,3.543413640727522e-06,0.001882395718420418,0.013715221546590328,0.13724865559232552
set_transformer_cross_attention_zscore_tok512_h2048_lr2e-4_ep400_seed42,decoder.layers.0.norm1.weight,64,64,3.774512151721865e-05,0.006143705845596667,0.9690151810646057,0.006340154381118056
set_transformer_cross_attention_zscore_tok512_h2048_lr2e-4_ep400_seed42,decoder.layers.0.norm1.bias,64,64,6.320697707451473e-07,0.0007950281572027165,0.008000286296010017,0.09937496331840286
set_transformer_cross_attention_zscore_tok512_h2048_lr2e-4_ep400_seed42,decoder.layers.0.norm2.weight,64,64,3.798754914896563e-05,0.0061634040228566575,0.9987191557884216,0.006171308507636528
set_transformer_cross_attention_zscore_tok512_h2048_lr2e-4_ep400_seed42,decoder.layers.0.norm2.bias,64,64,4.9766134679885e-07,0.0007054511654245459,0.007096283137798309,0.0994113610922547
set_transformer_cross_attention_zscore_tok512_h2048_lr2e-4_ep400_seed42,decoder.layers.0.norm3.weight,64,64,3.669635407277383e-05,0.00605775156908682,1.0210247039794922,0.005933011753267522
set_transformer_cross_attention_zscore_tok512_h2048_lr2e-4_ep400_seed42,decoder.layers.0.norm3.bias,64,64,1.1749627901735948e-06,0.0010839570056850017,0.011242784559726715,0.09641357084862169
set_transformer_cross_attention_zscore_tok512_h2048_lr2e-4_ep400_seed42,decoder.layers.1.self_attn.in_proj_weight,192x64,12288,2.083802428387571e-06,0.0014435381631212841,0.08710572868585587,0.016572252880489184
set_transformer_cross_attention_zscore_tok512_h2048_lr2e-4_ep400_seed42,decoder.layers.1.self_attn.in_proj_bias,192,192,2.1729063064412912e-06,0.0014740781208746336,0.015329966321587563,0.09615664444081955
set_transformer_cross_attention_zscore_tok512_h2048_lr2e-4_ep400_seed42,decoder.layers.1.self_attn.out_proj.weight,64x64,4096,3.7131874250917463e-06,0.0019269632651121677,0.11489184200763702,0.016771976420954935
set_transformer_cross_attention_zscore_tok512_h2048_lr2e-4_ep400_seed42,decoder.layers.1.self_attn.out_proj.bias,64,64,3.655395914847759e-07,0.0006045987028474142,0.007621807046234608,0.0793248502854849
set_transformer_cross_attention_zscore_tok512_h2048_lr2e-4_ep400_seed42,decoder.layers.1.multihead_attn.in_proj_weight,192x64,12288,2.554927277742536e-06,0.001598413988221617,0.09907949715852737,0.016132641303822443
set_transformer_cross_attention_zscore_tok512_h2048_lr2e-4_ep400_seed42,decoder.layers.1.multihead_attn.in_proj_bias,192,192,1.3223325368016958e-06,0.001149927187608718,0.013955274596810341,0.08240090007770602
set_transformer_cross_attention_zscore_tok512_h2048_lr2e-4_ep400_seed42,decoder.layers.1.multihead_attn.out_proj.weight,64x64,4096,3.949222900700988e-06,0.001987265181273246,0.12329886108636856,0.016117465836778522
set_transformer_cross_attention_zscore_tok512_h2048_lr2e-4_ep400_seed42,decoder.layers.1.multihead_attn.out_proj.bias,64,64,5.457342467707349e-06,0.002336095560482779,0.018866021186113358,0.12382555587302638
set_transformer_cross_attention_zscore_tok512_h2048_lr2e-4_ep400_seed42,decoder.layers.1.linear1.weight,2048x64,131072,5.443295663098979e-07,0.0007377869382890279,0.04387927055358887,0.016814020127977825
set_transformer_cross_attention_zscore_tok512_h2048_lr2e-4_ep400_seed42,decoder.layers.1.linear1.bias,2048,2048,7.208778924905346e-07,0.0008490452829446346,0.07399309426546097,0.011474655727986742
set_transformer_cross_attention_zscore_tok512_h2048_lr2e-4_ep400_seed42,decoder.layers.1.linear2.weight,64x2048,131072,5.890229886063025e-07,0.0007674783310337188,0.04613731428980827,0.016634655546113025
set_transformer_cross_attention_zscore_tok512_h2048_lr2e-4_ep400_seed42,decoder.layers.1.linear2.bias,64,64,9.477500498178415e-06,0.003078554936683511,0.024829387664794922,0.12398835517996003
set_transformer_cross_attention_zscore_tok512_h2048_lr2e-4_ep400_seed42,decoder.layers.1.norm1.weight,64,64,1.3108337043377105e-05,0.0036205437496841693,1.0403916835784912,0.0034799814404812292
set_transformer_cross_attention_zscore_tok512_h2048_lr2e-4_ep400_seed42,decoder.layers.1.norm1.bias,64,64,2.195241677327431e-06,0.001481634798905395,0.01528709102421999,0.0969206500149687
set_transformer_cross_attention_zscore_tok512_h2048_lr2e-4_ep400_seed42,decoder.layers.1.norm2.weight,64,64,2.8131600629421882e-05,0.0053039231357007695,1.0234030485153198,0.005182633707604568
set_transformer_cross_attention_zscore_tok512_h2048_lr2e-4_ep400_seed42,decoder.layers.1.norm2.bias,64,64,7.346047823375557e-06,0.0027103593531809683,0.023942703381180763,0.11320189328792928
set_transformer_cross_attention_zscore_tok512_h2048_lr2e-4_ep400_seed42,decoder.layers.1.norm3.weight,64,64,1.8934124454972334e-05,0.004351335939107935,0.9861710667610168,0.004412354089234716
set_transformer_cross_attention_zscore_tok512_h2048_lr2e-4_ep400_seed42,decoder.layers.1.norm3.bias,64,64,9.261060768039897e-06,0.0030431991009527946,0.0225711390376091,0.13482700611086007
set_transformer_cross_attention_zscore_tok512_h2048_lr2e-4_ep400_seed42,decoder.norm.weight,64,64,0.000753961328882724,0.027458356266949483,0.5539973378181458,0.049564058150696234
set_transformer_cross_attention_zscore_tok512_h2048_lr2e-4_ep400_seed42,decoder.norm.bias,64,64,0.0018357509979978204,0.042845664868196645,0.39217275381088257,0.10925201827982703
set_transformer_film_zscore_tok512_h2048_lr2e-4_ep400_seed42,fc_decoder.weight,2048x512,1048576,1.0057729582513275e-07,0.0003171392372840875,0.030175231397151947,0.010509918983223449
set_transformer_film_zscore_tok512_h2048_lr2e-4_ep400_seed42,fc_decoder.bias,2048,2048,1.2208978716898855e-07,0.00034941349025043175,0.029523661360144615,0.01183503245034918
set_transformer_film_zscore_tok512_h2048_lr2e-4_ep400_seed42,decoder.layers.0.self_attn.in_proj_weight,192x64,12288,1.0683097571018152e-06,0.0010335907106305742,0.07650445401668549,0.01351020308445244
set_transformer_film_zscore_tok512_h2048_lr2e-4_ep400_seed42,decoder.layers.0.self_attn.in_proj_bias,192,192,4.636407993530156e-06,0.002153231987856895,0.034529753029346466,0.06235874279282815
set_transformer_film_zscore_tok512_h2048_lr2e-4_ep400_seed42,decoder.layers.0.self_attn.out_proj.weight,64x64,4096,2.496819888619939e-06,0.0015801328705586561,0.12433558702468872,0.012708613104025452
set_transformer_film_zscore_tok512_h2048_lr2e-4_ep400_seed42,decoder.layers.0.self_attn.out_proj.bias,64,64,7.590297627757536e-06,0.0027550494782775745,0.03740532323718071,0.07365394119998056
set_transformer_film_zscore_tok512_h2048_lr2e-4_ep400_seed42,decoder.layers.0.multihead_attn.in_proj_weight,192x64,12288,1.0767017784019117e-06,0.001037642413551948,0.08083789050579071,0.01283608969827853
set_transformer_film_zscore_tok512_h2048_lr2e-4_ep400_seed42,decoder.layers.0.multihead_attn.in_proj_bias,192,192,3.87653386724196e-07,0.0006226181708914349,0.009713433682918549,0.06409866904082881
set_transformer_film_zscore_tok512_h2048_lr2e-4_ep400_seed42,decoder.layers.0.multihead_attn.out_proj.weight,64x64,4096,2.6160992092627566e-06,0.0016174359985058934,0.12445934861898422,0.012995697120812185
set_transformer_film_zscore_tok512_h2048_lr2e-4_ep400_seed42,decoder.layers.0.multihead_attn.out_proj.bias,64,64,4.3274400240989053e-07,0.0006578328073377691,0.008085403591394424,0.08136054062136408
set_transformer_film_zscore_tok512_h2048_lr2e-4_ep400_seed42,decoder.layers.0.linear1.weight,2048x64,131072,2.2221600204375136e-07,0.00047139792324929833,0.040010739117860794,0.011781784931807628
set_transformer_film_zscore_tok512_h2048_lr2e-4_ep400_seed42,decoder.layers.0.linear1.bias,2048,2048,5.42740110631712e-07,0.0007367089728187869,0.0737433061003685,0.00999018096389776
set_transformer_film_zscore_tok512_h2048_lr2e-4_ep400_seed42,decoder.layers.0.linear2.weight,64x2048,131072,2.102208611631795e-07,0.0004584984854535285,0.039414964616298676,0.011632599189596445
set_transformer_film_zscore_tok512_h2048_lr2e-4_ep400_seed42,decoder.layers.0.linear2.bias,64,64,2.211711944255512e-06,0.0014871825524311103,0.013715221546590328,0.10843299522207363
set_transformer_film_zscore_tok512_h2048_lr2e-4_ep400_seed42,decoder.layers.0.norm1.weight,64,64,2.3249711375683546e-05,0.004821795451456184,0.9690151810646057,0.004975975140202378
set_transformer_film_zscore_tok512_h2048_lr2e-4_ep400_seed42,decoder.layers.0.norm1.bias,64,64,5.18902481871919e-07,0.0007203488612276131,0.008000286296010017,0.09004038537806737
set_transformer_film_zscore_tok512_h2048_lr2e-4_ep400_seed42,decoder.layers.0.norm2.weight,64,64,1.3848947673977818e-05,0.0037214174280746602,0.9987191557884216,0.0037261900970917607
set_transformer_film_zscore_tok512_h2048_lr2e-4_ep400_seed42,decoder.layers.0.norm2.bias,64,64,2.740439697390684e-07,0.0005234920913815876,0.007096283137798309,0.0737698991452596
set_transformer_film_zscore_tok512_h2048_lr2e-4_ep400_seed42,decoder.layers.0.norm3.weight,64,64,3.193851443938911e-05,0.0056514170293289374,1.0210247039794922,0.005535044360143561
set_transformer_film_zscore_tok512_h2048_lr2e-4_ep400_seed42,decoder.layers.0.norm3.bias,64,64,6.516129360534251e-07,0.000807225455528643,0.011242784559726715,0.0717994239985921
set_transformer_film_zscore_tok512_h2048_lr2e-4_ep400_seed42,decoder.layers.1.self_attn.in_proj_weight,192x64,12288,1.1185589983142563e-06,0.0010576194959976183,0.08710572868585587,0.01214179035011452
set_transformer_film_zscore_tok512_h2048_lr2e-4_ep400_seed42,decoder.layers.1.self_attn.in_proj_bias,192,192,1.8737626987785916e-06,0.0013688545206772674,0.015329966321587563,0.08929272850062658
set_transformer_film_zscore_tok512_h2048_lr2e-4_ep400_seed42,decoder.layers.1.self_attn.out_proj.weight,64x64,4096,2.3533038984169252e-06,0.0015340482060277392,0.11489184200763702,0.013352107331743962
set_transformer_film_zscore_tok512_h2048_lr2e-4_ep400_seed42,decoder.layers.1.self_attn.out_proj.bias,64,64,6.116455892879458e-07,0.0007820777386474734,0.007621807046234608,0.10261054024371324
set_transformer_film_zscore_tok512_h2048_lr2e-4_ep400_seed42,decoder.layers.1.multihead_attn.in_proj_weight,192x64,12288,1.3343232012630324e-06,0.0011551290842425502,0.09907949715852737,0.011658608666476594
set_transformer_film_zscore_tok512_h2048_lr2e-4_ep400_seed42,decoder.layers.1.multihead_attn.in_proj_bias,192,192,1.637282366573345e-06,0.0012795633499648796,0.013955274596810341,0.09169030255107559
set_transformer_film_zscore_tok512_h2048_lr2e-4_ep400_seed42,decoder.layers.1.multihead_attn.out_proj.weight,64x64,4096,2.435755732221878e-06,0.0015606907868703135,0.12329886108636856,0.012657787534445096
set_transformer_film_zscore_tok512_h2048_lr2e-4_ep400_seed42,decoder.layers.1.multihead_attn.out_proj.bias,64,64,3.0183568924257997e-06,0.0017373419042968484,0.018866021186113358,0.0920884105428466
set_transformer_film_zscore_tok512_h2048_lr2e-4_ep400_seed42,decoder.layers.1.linear1.weight,2048x64,131072,2.428245693408826e-07,0.0004927723301291202,0.04387927055358887,0.011230185094515354
set_transformer_film_zscore_tok512_h2048_lr2e-4_ep400_seed42,decoder.layers.1.linear1.bias,2048,2048,5.146141575096408e-07,0.00071736612514785,0.07399309426546097,0.009695041574747433
set_transformer_film_zscore_tok512_h2048_lr2e-4_ep400_seed42,decoder.layers.1.linear2.weight,64x2048,131072,2.914372601026116e-07,0.000539849293879886,0.04613731428980827,0.011700925859898582
set_transformer_film_zscore_tok512_h2048_lr2e-4_ep400_seed42,decoder.layers.1.linear2.bias,64,64,8.022498150239699e-06,0.0028324014811180456,0.024829387664794922,0.11407456032973577
set_transformer_film_zscore_tok512_h2048_lr2e-4_ep400_seed42,decoder.layers.1.norm1.weight,64,64,1.618590613361448e-05,0.004023171153905148,1.0403916835784912,0.0038669774253358154
set_transformer_film_zscore_tok512_h2048_lr2e-4_ep400_seed42,decoder.layers.1.norm1.bias,64,64,1.686072437223629e-06,0.001298488520250999,0.01528709102421999,0.08494019681008952
set_transformer_film_zscore_tok512_h2048_lr2e-4_ep400_seed42,decoder.layers.1.norm2.weight,64,64,2.5114501113421284e-05,0.005011437030774834,1.0234030485153198,0.004896836137087015
set_transformer_film_zscore_tok512_h2048_lr2e-4_ep400_seed42,decoder.layers.1.norm2.bias,64,64,4.779965820489451e-06,0.0021863132942214506,0.023942703381180763,0.09131438749476876
set_transformer_film_zscore_tok512_h2048_lr2e-4_ep400_seed42,decoder.layers.1.norm3.weight,64,64,1.305686600971967e-05,0.003613428567125642,0.9861710667610168,0.0036640991496471272
set_transformer_film_zscore_tok512_h2048_lr2e-4_ep400_seed42,decoder.layers.1.norm3.bias,64,64,6.408568879123777e-06,0.0025315151350769716,0.0225711390376091,0.11215717252278856
set_transformer_film_zscore_tok512_h2048_lr2e-4_ep400_seed42,decoder.norm.weight,64,64,0.00026771100237965584,0.01636187649322827,0.5539973378181458,0.029534215015667085
set_transformer_film_zscore_tok512_h2048_lr2e-4_ep400_seed42,decoder.norm.bias,64,64,0.004744702950119972,0.06888180420198045,0.39217275381088257,0.1756414833326165
set_transformer_hyper_lora_rms_tok512_h2048_lr2e-4_ep400_seed42,fc_decoder.weight,2048x512,1048576,1.4430031569645507e-06,0.0012012506636687244,0.030175231397151947,0.039809161621942125
set_transformer_hyper_lora_rms_tok512_h2048_lr2e-4_ep400_seed42,fc_decoder.bias,2048,2048,1.380826574859384e-06,0.001175085773405237,0.029523661360144615,0.03980149206668319
set_transformer_hyper_lora_rms_tok512_h2048_lr2e-4_ep400_seed42,decoder.layers.0.self_attn.in_proj_weight,192x64,12288,1.4047160220798105e-05,0.0037479541380329223,0.07650445401668549,0.0489900122313859
set_transformer_hyper_lora_rms_tok512_h2048_lr2e-4_ep400_seed42,decoder.layers.0.self_attn.in_proj_bias,192,192,4.7853482101345435e-06,0.0021875438761621547,0.034529753029346466,0.06335243331462535
set_transformer_hyper_lora_rms_tok512_h2048_lr2e-4_ep400_seed42,decoder.layers.0.self_attn.out_proj.weight,64x64,4096,2.769971251836978e-05,0.005263051635540903,0.12433558702468872,0.042329406740934473
set_transformer_hyper_lora_rms_tok512_h2048_lr2e-4_ep400_seed42,decoder.layers.0.self_attn.out_proj.bias,64,64,8.917530976759735e-06,0.0029862235309433445,0.03740532323718071,0.07983418595284461
set_transformer_hyper_lora_rms_tok512_h2048_lr2e-4_ep400_seed42,decoder.layers.0.multihead_attn.in_proj_weight,192x64,12288,1.5487534255953506e-05,0.003935420467491816,0.08083789050579071,0.048682869417651466
set_transformer_hyper_lora_rms_tok512_h2048_lr2e-4_ep400_seed42,decoder.layers.0.multihead_attn.in_proj_bias,192,192,4.483575821723207e-07,0.0006695950882229653,0.009713433682918549,0.06893495236401051
set_transformer_hyper_lora_rms_tok512_h2048_lr2e-4_ep400_seed42,decoder.layers.0.multihead_attn.out_proj.weight,64x64,4096,2.9856368200853467e-05,0.005464098114131322,0.12445934861898422,0.043902673240392195
set_transformer_hyper_lora_rms_tok512_h2048_lr2e-4_ep400_seed42,decoder.layers.0.multihead_attn.out_proj.bias,64,64,2.7634408183985215e-07,0.0005256843937571783,0.008085403591394424,0.06501646922321633
set_transformer_hyper_lora_rms_tok512_h2048_lr2e-4_ep400_seed42,decoder.layers.0.linear1.weight,2048x64,131072,2.129231233993778e-06,0.001459188553269857,0.040010739117860794,0.036469922461854126
set_transformer_hyper_lora_rms_tok512_h2048_lr2e-4_ep400_seed42,decoder.layers.0.linear1.bias,2048,2048,5.794833668915089e-06,0.002407246075687961,0.0737433061003685,0.03264358764186099
set_transformer_hyper_lora_rms_tok512_h2048_lr2e-4_ep400_seed42,decoder.layers.0.linear2.weight,64x2048,131072,2.07222115022887e-06,0.0014395211531022633,0.039414964616298676,0.03652219828473472
set_transformer_hyper_lora_rms_tok512_h2048_lr2e-4_ep400_seed42,decoder.layers.0.linear2.bias,64,64,1.9313069969939534e-06,0.0013897147178446206,0.013715221546590328,0.10132645055158518
set_transformer_hyper_lora_rms_tok512_h2048_lr2e-4_ep400_seed42,decoder.layers.0.norm1.weight,64,64,5.373039311962202e-05,0.007330101849198415,0.9690151810646057,0.007564486080749756
set_transformer_hyper_lora_rms_tok512_h2048_lr2e-4_ep400_seed42,decoder.layers.0.norm1.bias,64,64,4.4656937348008796e-07,0.0006682584630815295,0.008000286296010017,0.08352931862136109
set_transformer_hyper_lora_rms_tok512_h2048_lr2e-4_ep400_seed42,decoder.layers.0.norm2.weight,64,64,2.029613096965477e-05,0.004505122747457029,0.9987191557884216,0.004510900508262042
set_transformer_hyper_lora_rms_tok512_h2048_lr2e-4_ep400_seed42,decoder.layers.0.norm2.bias,64,64,3.139218165415514e-07,0.000560287262519461,0.007096283137798309,0.07895503204136461
set_transformer_hyper_lora_rms_tok512_h2048_lr2e-4_ep400_seed42,decoder.layers.0.norm3.weight,64,64,4.5534059609053656e-05,0.006747892975518629,1.0210247039794922,0.006608941927867559
set_transformer_hyper_lora_rms_tok512_h2048_lr2e-4_ep400_seed42,decoder.layers.0.norm3.bias,64,64,1.1305249927318073e-06,0.0010632614884080996,0.011242784559726715,0.09457278868589694
set_transformer_hyper_lora_rms_tok512_h2048_lr2e-4_ep400_seed42,decoder.layers.1.self_attn.in_proj_weight,192x64,12288,1.7237158317584544e-05,0.004151765686739143,0.08710572868585587,0.04766352052127775
set_transformer_hyper_lora_rms_tok512_h2048_lr2e-4_ep400_seed42,decoder.layers.1.self_attn.in_proj_bias,192,192,1.1221367230973556e-06,0.0010593095501775463,0.015329966321587563,0.06910057908514994
set_transformer_hyper_lora_rms_tok512_h2048_lr2e-4_ep400_seed42,decoder.layers.1.self_attn.out_proj.weight,64x64,4096,2.760980169114191e-05,0.00525450299182919,0.11489184200763702,0.04573434370979896
set_transformer_hyper_lora_rms_tok512_h2048_lr2e-4_ep400_seed42,decoder.layers.1.self_attn.out_proj.bias,64,64,2.1285160300976713e-07,0.0004613584322517224,0.007621807046234608,0.060531371294638946
set_transformer_hyper_lora_rms_tok512_h2048_lr2e-4_ep400_seed42,decoder.layers.1.multihead_attn.in_proj_weight,192x64,12288,1.9577428247430362e-05,0.004424638770276096,0.09907949715852737,0.04465746089926825
set_transformer_hyper_lora_rms_tok512_h2048_lr2e-4_ep400_seed42,decoder.layers.1.multihead_attn.in_proj_bias,192,192,9.856616998149548e-07,0.0009928049656478127,0.013955274596810341,0.07114191546433139
set_transformer_hyper_lora_rms_tok512_h2048_lr2e-4_ep400_seed42,decoder.layers.1.multihead_attn.out_proj.weight,64x64,4096,2.761022733466234e-05,0.005254543494411512,0.12329886108636856,0.0426163181728889
set_transformer_hyper_lora_rms_tok512_h2048_lr2e-4_ep400_seed42,decoder.layers.1.multihead_attn.out_proj.bias,64,64,3.1438321457244456e-06,0.0017730854874270575,0.018866021186113358,0.09398301157067321
set_transformer_hyper_lora_rms_tok512_h2048_lr2e-4_ep400_seed42,decoder.layers.1.linear1.weight,2048x64,131072,2.49123922912986e-06,0.0015783659997382928,0.04387927055358887,0.03597065265272963
set_transformer_hyper_lora_rms_tok512_h2048_lr2e-4_ep400_seed42,decoder.layers.1.linear1.bias,2048,2048,5.871903795195976e-06,0.0024232011462517874,0.07399309426546097,0.03274901759829372
set_transformer_hyper_lora_rms_tok512_h2048_lr2e-4_ep400_seed42,decoder.layers.1.linear2.weight,64x2048,131072,3.3839664865809027e-06,0.0018395560569281118,0.04613731428980827,0.0398713294270462
set_transformer_hyper_lora_rms_tok512_h2048_lr2e-4_ep400_seed42,decoder.layers.1.linear2.bias,64,64,5.390648766478989e-06,0.002321777070797063,0.024829387664794922,0.09350923599654706
set_transformer_hyper_lora_rms_tok512_h2048_lr2e-4_ep400_seed42,decoder.layers.1.norm1.weight,64,64,3.6646986700361595e-05,0.006053675470353659,1.0403916835784912,0.0058186503851430935
set_transformer_hyper_lora_rms_tok512_h2048_lr2e-4_ep400_seed42,decoder.layers.1.norm1.bias,64,64,1.326769961451646e-06,0.0011518550088668478,0.01528709102421999,0.0753482141920863
set_transformer_hyper_lora_rms_tok512_h2048_lr2e-4_ep400_seed42,decoder.layers.1.norm2.weight,64,64,2.3828208213672042e-05,0.004881414570969366,1.0234030485153198,0.004769787014071313
set_transformer_hyper_lora_rms_tok512_h2048_lr2e-4_ep400_seed42,decoder.layers.1.norm2.bias,64,64,5.768630217062309e-06,0.00240179728891976,0.023942703381180763,0.10031437347244589
set_transformer_hyper_lora_rms_tok512_h2048_lr2e-4_ep400_seed42,decoder.layers.1.norm3.weight,64,64,2.0308916646172293e-05,0.0045065415393816454,0.9861710667610168,0.004569736115036252
set_transformer_hyper_lora_rms_tok512_h2048_lr2e-4_ep400_seed42,decoder.layers.1.norm3.bias,64,64,4.878225354332244e-06,0.0022086704947393678,0.0225711390376091,0.09785374548706542
set_transformer_hyper_lora_rms_tok512_h2048_lr2e-4_ep400_seed42,decoder.norm.weight,64,64,0.00015873421216383576,0.012598976631609242,0.5539973378181458,0.02274194435884629
set_transformer_hyper_lora_rms_tok512_h2048_lr2e-4_ep400_seed42,decoder.norm.bias,64,64,0.00021381510305218399,0.014622417825113055,0.39217275381088257,0.03728565455662537
svd_cross_attention_rms_tok512_h2048_lr2e-4_ep400_seed42,fc_decoder.weight,2048x512,1048576,5.498469022313657e-07,0.0007415166230310455,0.030175231397151947,0.024573684730750157
svd_cross_attention_rms_tok512_h2048_lr2e-4_ep400_seed42,fc_decoder.bias,2048,2048,4.146539822613704e-07,0.0006439363184829463,0.029523661360144615,0.021810855727813837
svd_cross_attention_rms_tok512_h2048_lr2e-4_ep400_seed42,decoder.layers.0.self_attn.in_proj_weight,192x64,12288,5.06354626850225e-06,0.0022502324920999277,0.07650445401668549,0.02941309131634553
svd_cross_attention_rms_tok512_h2048_lr2e-4_ep400_seed42,decoder.layers.0.self_attn.in_proj_bias,192,192,6.389857389876852e-06,0.002527816723949118,0.034529753029346466,0.07320691583866105
svd_cross_attention_rms_tok512_h2048_lr2e-4_ep400_seed42,decoder.layers.0.self_attn.out_proj.weight,64x64,4096,1.0000120710174087e-05,0.0031622967460651265,0.12433558702468872,0.025433561072400006
svd_cross_attention_rms_tok512_h2048_lr2e-4_ep400_seed42,decoder.layers.0.self_attn.out_proj.bias,64,64,5.45135117135942e-06,0.002334812877161555,0.03740532323718071,0.06241926750256665
svd_cross_attention_rms_tok512_h2048_lr2e-4_ep400_seed42,decoder.layers.0.multihead_attn.in_proj_weight,192x64,12288,4.5781207518302836e-06,0.002139654353354832,0.08083789050579071,0.02646845854051029
svd_cross_attention_rms_tok512_h2048_lr2e-4_ep400_seed42,decoder.layers.0.multihead_attn.in_proj_bias,192,192,4.354853615495813e-07,0.0006599131469743433,0.009713433682918549,0.06793819451661325
svd_cross_attention_rms_tok512_h2048_lr2e-4_ep400_seed42,decoder.layers.0.multihead_attn.out_proj.weight,64x64,4096,9.73660917225061e-06,0.003120354013930248,0.12445934861898422,0.025071270648240315
svd_cross_attention_rms_tok512_h2048_lr2e-4_ep400_seed42,decoder.layers.0.multihead_attn.out_proj.bias,64,64,6.195508035489183e-07,0.000787115495685937,0.008085403591394424,0.097350180085468
svd_cross_attention_rms_tok512_h2048_lr2e-4_ep400_seed42,decoder.layers.0.linear1.weight,2048x64,131072,9.155362477031304e-07,0.0009568365835936303,0.040010739117860794,0.023914494075579284
svd_cross_attention_rms_tok512_h2048_lr2e-4_ep400_seed42,decoder.layers.0.linear1.bias,2048,2048,1.8810042092809454e-06,0.001371497068637387,0.0737433061003685,0.01859825848831225
svd_cross_attention_rms_tok512_h2048_lr2e-4_ep400_seed42,decoder.layers.0.linear2.weight,64x2048,131072,9.742989277583547e-07,0.0009870658173386183,0.039414964616298676,0.025042920295568448
svd_cross_attention_rms_tok512_h2048_lr2e-4_ep400_seed42,decoder.layers.0.linear2.bias,64,64,3.0626508760178695e-06,0.0017500431069027613,0.013715221546590328,0.12759860283393168
svd_cross_attention_rms_tok512_h2048_lr2e-4_ep400_seed42,decoder.layers.0.norm1.weight,64,64,5.100796988699585e-05,0.007141986410446036,0.9690151810646057,0.007370355542417316
svd_cross_attention_rms_tok512_h2048_lr2e-4_ep400_seed42,decoder.layers.0.norm1.bias,64,64,3.925320015696343e-07,0.0006265237438195254,0.008000286296010017,0.07831266540198588
svd_cross_attention_rms_tok512_h2048_lr2e-4_ep400_seed42,decoder.layers.0.norm2.weight,64,64,1.4107088645687327e-05,0.0037559404475693337,0.9987191557884216,0.003760757391905907
svd_cross_attention_rms_tok512_h2048_lr2e-4_ep400_seed42,decoder.layers.0.norm2.bias,64,64,2.5938931003111065e-07,0.00050930276852881,0.007096283137798309,0.07177035620464634
svd_cross_attention_rms_tok512_h2048_lr2e-4_ep400_seed42,decoder.layers.0.norm3.weight,64,64,1.9712921130121686e-05,0.004439923550031204,1.0210247039794922,0.004348497673686436
svd_cross_attention_rms_tok512_h2048_lr2e-4_ep400_seed42,decoder.layers.0.norm3.bias,64,64,9.410649113306135e-07,0.0009700850021161102,0.011242784559726715,0.08628511886557849
svd_cross_attention_rms_tok512_h2048_lr2e-4_ep400_seed42,decoder.layers.1.self_attn.in_proj_weight,192x64,12288,5.638878519675927e-06,0.0023746322914666024,0.08710572868585587,0.027261493902779238
svd_cross_attention_rms_tok512_h2048_lr2e-4_ep400_seed42,decoder.layers.1.self_attn.in_proj_bias,192,192,1.212587335430726e-06,0.0011011754335394184,0.015329966321587563,0.07183156247308581
svd_cross_attention_rms_tok512_h2048_lr2e-4_ep400_seed42,decoder.layers.1.self_attn.out_proj.weight,64x64,4096,9.229144779965281e-06,0.0030379507533805222,0.11489184200763702,0.026441831728823577
svd_cross_attention_rms_tok512_h2048_lr2e-4_ep400_seed42,decoder.layers.1.self_attn.out_proj.bias,64,64,7.2041257226374e-07,0.0008487712131450618,0.007621807046234608,0.11136088961532807
svd_cross_attention_rms_tok512_h2048_lr2e-4_ep400_seed42,decoder.layers.1.multihead_attn.in_proj_weight,192x64,12288,5.928835435042856e-06,0.0024349200058816833,0.09907949715852737,0.024575417474977764
svd_cross_attention_rms_tok512_h2048_lr2e-4_ep400_seed42,decoder.layers.1.multihead_attn.in_proj_bias,192,192,8.944045930547873e-07,0.0009457296617188165,0.013955274596810341,0.06776861717468285
svd_cross_attention_rms_tok512_h2048_lr2e-4_ep400_seed42,decoder.layers.1.multihead_attn.out_proj.weight,64x64,4096,1.0251455933030229e-05,0.003201789489181047,0.12329886108636856,0.02596771341576507
svd_cross_attention_rms_tok512_h2048_lr2e-4_ep400_seed42,decoder.layers.1.multihead_attn.out_proj.bias,64,64,3.935052973247366e-06,0.001983696794685964,0.018866021186113358,0.1051465369998681
svd_cross_attention_rms_tok512_h2048_lr2e-4_ep400_seed42,decoder.layers.1.linear1.weight,2048x64,131072,8.979347967397189e-07,0.0009475942152312449,0.04387927055358887,0.02159548696403162
svd_cross_attention_rms_tok512_h2048_lr2e-4_ep400_seed42,decoder.layers.1.linear1.bias,2048,2048,1.829830921451503e-06,0.0013527124311735672,0.07399309426546097,0.018281603771299452
svd_cross_attention_rms_tok512_h2048_lr2e-4_ep400_seed42,decoder.layers.1.linear2.weight,64x2048,131072,1.016847249957209e-06,0.001008388441999019,0.04613731428980827,0.021856244940156214
svd_cross_attention_rms_tok512_h2048_lr2e-4_ep400_seed42,decoder.layers.1.linear2.bias,64,64,4.579853339237161e-06,0.0021400591905919707,0.024829387664794922,0.08619057463210487
svd_cross_attention_rms_tok512_h2048_lr2e-4_ep400_seed42,decoder.layers.1.norm1.weight,64,64,1.6840018361108378e-05,0.004103659142900197,1.0403916835784912,0.003944340586023726
svd_cross_attention_rms_tok512_h2048_lr2e-4_ep400_seed42,decoder.layers.1.norm1.bias,64,64,2.7559879072214244e-06,0.001660116835412925,0.01528709102421999,0.10859599336346798
svd_cross_attention_rms_tok512_h2048_lr2e-4_ep400_seed42,decoder.layers.1.norm2.weight,64,64,8.79709841683507e-06,0.0029659902927749223,1.0234030485153198,0.0028981644104712893
svd_cross_attention_rms_tok512_h2048_lr2e-4_ep400_seed42,decoder.layers.1.norm2.bias,64,64,5.228644113230985e-06,0.0022866228620459002,0.023942703381180763,0.09550395482254571
svd_cross_attention_rms_tok512_h2048_lr2e-4_ep400_seed42,decoder.layers.1.norm3.weight,64,64,1.066912773239892e-05,0.003266363074184944,0.9861710667610168,0.0033121668078470367
svd_cross_attention_rms_tok512_h2048_lr2e-4_ep400_seed42,decoder.layers.1.norm3.bias,64,64,7.036163879092783e-06,0.0026525768375473655,0.0225711390376091,0.11752073447102145
svd_cross_attention_rms_tok512_h2048_lr2e-4_ep400_seed42,decoder.norm.weight,64,64,0.003923104144632816,0.06263468803013883,0.5539973378181458,0.11305954695886858
svd_cross_attention_rms_tok512_h2048_lr2e-4_ep400_seed42,decoder.norm.bias,64,64,0.0025443988852202892,0.05044203490364251,0.39217275381088257,0.12862197695653066
svd_cross_attention_zscore_tok512_h2048_lr2e-4_ep400_seed42,fc_decoder.weight,2048x512,1048576,5.682995762867904e-08,0.00023839034718016382,0.030175231397151947,0.007900199472957944
svd_cross_attention_zscore_tok512_h2048_lr2e-4_ep400_seed42,fc_decoder.bias,2048,2048,4.2233263997104586e-08,0.0002055073331954473,0.029523661360144615,0.006960767185633396
svd_cross_attention_zscore_tok512_h2048_lr2e-4_ep400_seed42,decoder.layers.0.self_attn.in_proj_weight,192x64,12288,4.1779114212658897e-07,0.0006463676524444807,0.07650445401668549,0.008448758451416556
svd_cross_attention_zscore_tok512_h2048_lr2e-4_ep400_seed42,decoder.layers.0.self_attn.in_proj_bias,192,192,7.202734650491038e-06,0.0026837910966561905,0.034529753029346466,0.0777240165713107
svd_cross_attention_zscore_tok512_h2048_lr2e-4_ep400_seed42,decoder.layers.0.self_attn.out_proj.weight,64x64,4096,9.791101547307335e-07,0.0009894999518598945,0.12433558702468872,0.007958300399252664
svd_cross_attention_zscore_tok512_h2048_lr2e-4_ep400_seed42,decoder.layers.0.self_attn.out_proj.bias,64,64,1.1212436220375821e-05,0.003348497606446184,0.03740532323718071,0.08951928005578076
svd_cross_attention_zscore_tok512_h2048_lr2e-4_ep400_seed42,decoder.layers.0.multihead_attn.in_proj_weight,192x64,12288,4.670834243825084e-07,0.0006834350184051944,0.08083789050579071,0.008454389570646174
svd_cross_attention_zscore_tok512_h2048_lr2e-4_ep400_seed42,decoder.layers.0.multihead_attn.in_proj_bias,192,192,5.560580689234484e-07,0.0007456930125215392,0.009713433682918549,0.07676924935750264
svd_cross_attention_zscore_tok512_h2048_lr2e-4_ep400_seed42,decoder.layers.0.multihead_attn.out_proj.weight,64x64,4096,8.988222930383927e-07,0.000948062388790101,0.12445934861898422,0.007617446172665326
svd_cross_attention_zscore_tok512_h2048_lr2e-4_ep400_seed42,decoder.layers.0.multihead_attn.out_proj.bias,64,64,5.89686806051759e-07,0.0007679106758287444,0.008085403591394424,0.09497493441713391
svd_cross_attention_zscore_tok512_h2048_lr2e-4_ep400_seed42,decoder.layers.0.linear1.weight,2048x64,131072,1.2868427745615918e-07,0.00035872590853764546,0.040010739117860794,0.008965740609813184
svd_cross_attention_zscore_tok512_h2048_lr2e-4_ep400_seed42,decoder.layers.0.linear1.bias,2048,2048,2.3124619019654347e-07,0.00048088064028045825,0.0737433061003685,0.006521007338970598
svd_cross_attention_zscore_tok512_h2048_lr2e-4_ep400_seed42,decoder.layers.0.linear2.weight,64x2048,131072,9.910097986676192e-08,0.0003148030810947725,0.039414964616298676,0.007986892393773625
svd_cross_attention_zscore_tok512_h2048_lr2e-4_ep400_seed42,decoder.layers.0.linear2.bias,64,64,4.684938176069409e-06,0.002164471800710143,0.013715221546590328,0.15781529983729947
svd_cross_attention_zscore_tok512_h2048_lr2e-4_ep400_seed42,decoder.layers.0.norm1.weight,64,64,5.575420073000714e-05,0.00746687355792283,0.9690151810646057,0.007705631143693096
svd_cross_attention_zscore_tok512_h2048_lr2e-4_ep400_seed42,decoder.layers.0.norm1.bias,64,64,7.644958941455116e-07,0.0008743545586005208,0.008000286296010017,0.10929040864907393
svd_cross_attention_zscore_tok512_h2048_lr2e-4_ep400_seed42,decoder.layers.0.norm2.weight,64,64,2.4583720005466603e-05,0.004958197253585884,0.9987191557884216,0.004964556076499525
svd_cross_attention_zscore_tok512_h2048_lr2e-4_ep400_seed42,decoder.layers.0.norm2.bias,64,64,3.3074857697101834e-07,0.0005751074481964378,0.007096283137798309,0.08104347544042197
svd_cross_attention_zscore_tok512_h2048_lr2e-4_ep400_seed42,decoder.layers.0.norm3.weight,64,64,4.020758569822647e-05,0.006340945173885867,1.0210247039794922,0.006210373901015061
svd_cross_attention_zscore_tok512_h2048_lr2e-4_ep400_seed42,decoder.layers.0.norm3.bias,64,64,1.4141273823042866e-06,0.0011891708801952251,0.011242784559726715,0.10577191743538408
svd_cross_attention_zscore_tok512_h2048_lr2e-4_ep400_seed42,decoder.layers.1.self_attn.in_proj_weight,192x64,12288,4.560453987778601e-07,0.0006753113347026392,0.08710572868585587,0.0077527775140729125
svd_cross_attention_zscore_tok512_h2048_lr2e-4_ep400_seed42,decoder.layers.1.self_attn.in_proj_bias,192,192,1.949065563167096e-06,0.0013960893822270463,0.015329966321587563,0.09106930523787791
svd_cross_attention_zscore_tok512_h2048_lr2e-4_ep400_seed42,decoder.layers.1.self_attn.out_proj.weight,64x64,4096,8.617786306786002e-07,0.0009283203276232834,0.11489184200763702,0.008079949902461974
svd_cross_attention_zscore_tok512_h2048_lr2e-4_ep400_seed42,decoder.layers.1.self_attn.out_proj.bias,64,64,7.98386054157163e-07,0.0008935245123426458,0.007621807046234608,0.11723263353722299
svd_cross_attention_zscore_tok512_h2048_lr2e-4_ep400_seed42,decoder.layers.1.multihead_attn.in_proj_weight,192x64,12288,5.536865046451567e-07,0.000744101138720508,0.09907949715852737,0.007510142461966121
svd_cross_attention_zscore_tok512_h2048_lr2e-4_ep400_seed42,decoder.layers.1.multihead_attn.in_proj_bias,192,192,1.2300882872295915e-06,0.0011090934528837466,0.013955274596810341,0.0794748569933009
svd_cross_attention_zscore_tok512_h2048_lr2e-4_ep400_seed42,decoder.layers.1.multihead_attn.out_proj.weight,64x64,4096,9.000077625387348e-07,0.00094868738925883,0.12329886108636856,0.007694210480941037
svd_cross_attention_zscore_tok512_h2048_lr2e-4_ep400_seed42,decoder.layers.1.multihead_attn.out_proj.bias,64,64,2.3812317522242665e-06,0.0015431240236041517,0.018866021186113358,0.08179382437776511
svd_cross_attention_zscore_tok512_h2048_lr2e-4_ep400_seed42,decoder.layers.1.linear1.weight,2048x64,131072,1.50033002910277e-07,0.00038734093885139096,0.04387927055358887,0.008827424293171402
svd_cross_attention_zscore_tok512_h2048_lr2e-4_ep400_seed42,decoder.layers.1.linear1.bias,2048,2048,2.2408819688735093e-07,0.00047337954844643525,0.07399309426546097,0.006397617955374557
svd_cross_attention_zscore_tok512_h2048_lr2e-4_ep400_seed42,decoder.layers.1.linear2.weight,64x2048,131072,1.4658982649962127e-07,0.0003828705087880513,0.04613731428980827,0.00829850013338612
svd_cross_attention_zscore_tok512_h2048_lr2e-4_ep400_seed42,decoder.layers.1.linear2.bias,64,64,8.68094775796635e-06,0.002946344813148378,0.024829387664794922,0.11866361156082555
svd_cross_attention_zscore_tok512_h2048_lr2e-4_ep400_seed42,decoder.layers.1.norm1.weight,64,64,2.7992227842332795e-05,0.0052907681712897605,1.0403916835784912,0.005085361844773536
svd_cross_attention_zscore_tok512_h2048_lr2e-4_ep400_seed42,decoder.layers.1.norm1.bias,64,64,2.036580099229468e-06,0.0014270879787978974,0.01528709102421999,0.09335248783021577
svd_cross_attention_zscore_tok512_h2048_lr2e-4_ep400_seed42,decoder.layers.1.norm2.weight,64,64,2.730992309807334e-05,0.005225889694403561,1.0234030485153198,0.005106384724947721
svd_cross_attention_zscore_tok512_h2048_lr2e-4_ep400_seed42,decoder.layers.1.norm2.bias,64,64,3.0484868602798088e-06,0.0017459916552721004,0.023942703381180763,0.07292374747642197
svd_cross_attention_zscore_tok512_h2048_lr2e-4_ep400_seed42,decoder.layers.1.norm3.weight,64,64,2.8667431251960807e-05,0.005354197535762087,0.9861710667610168,0.0054292786679976624
svd_cross_attention_zscore_tok512_h2048_lr2e-4_ep400_seed42,decoder.layers.1.norm3.bias,64,64,5.926638550590724e-06,0.002434468843627029,0.0225711390376091,0.10785759812876974
svd_cross_attention_zscore_tok512_h2048_lr2e-4_ep400_seed42,decoder.norm.weight,64,64,0.0002911403717007488,0.0170628359805968,0.5539973378181458,0.03079949092859688
svd_cross_attention_zscore_tok512_h2048_lr2e-4_ep400_seed42,decoder.norm.bias,64,64,0.002091557253152132,0.04573354625602668,0.39217275381088257,0.11661581742132132
svd_film_rms_tok512_h2048_lr2e-4_ep400_seed42,fc_decoder.weight,2048x512,1048576,6.288843223956064e-08,0.00025077566117859333,0.030175231397151947,0.008310645836580477
svd_film_rms_tok512_h2048_lr2e-4_ep400_seed42,fc_decoder.bias,2048,2048,7.740132446087955e-08,0.00027821093519284887,0.029523661360144615,0.009423320901804508
svd_film_rms_tok512_h2048_lr2e-4_ep400_seed42,decoder.layers.0.self_attn.in_proj_weight,192x64,12288,1.1768689773816732e-06,0.0010848359218709866,0.07650445401668549,0.014180036127496392
svd_film_rms_tok512_h2048_lr2e-4_ep400_seed42,decoder.layers.0.self_attn.in_proj_bias,192,192,1.3150951417628676e-05,0.0036264240537516672,0.034529753029346466,0.10502316801019713
svd_film_rms_tok512_h2048_lr2e-4_ep400_seed42,decoder.layers.0.self_attn.out_proj.weight,64x64,4096,2.251355681437417e-06,0.001500451825763632,0.12433558702468872,0.012067758408264035
svd_film_rms_tok512_h2048_lr2e-4_ep400_seed42,decoder.layers.0.self_attn.out_proj.bias,64,64,4.1937808418879285e-05,0.006475940736208083,0.03740532323718071,0.1731288537501804
svd_film_rms_tok512_h2048_lr2e-4_ep400_seed42,decoder.layers.0.multihead_attn.in_proj_weight,192x64,12288,1.2393996939863428e-06,0.0011132832945779537,0.08083789050579071,0.013771800421959367
svd_film_rms_tok512_h2048_lr2e-4_ep400_seed42,decoder.layers.0.multihead_attn.in_proj_bias,192,192,1.0302575219611754e-06,0.0010150160205440973,0.009713433682918549,0.10449610855212225
svd_film_rms_tok512_h2048_lr2e-4_ep400_seed42,decoder.layers.0.multihead_attn.out_proj.weight,64x64,4096,2.264768454551813e-06,0.001504914766540555,0.12445934861898422,0.012091616927448751
svd_film_rms_tok512_h2048_lr2e-4_ep400_seed42,decoder.layers.0.multihead_attn.out_proj.bias,64,64,1.890553107841697e-06,0.001374973857148454,0.008085403591394424,0.17005630474796415
svd_film_rms_tok512_h2048_lr2e-4_ep400_seed42,decoder.layers.0.linear1.weight,2048x64,131072,2.2106394226284465e-07,0.0004701743743153647,0.040010739117860794,0.011751204418652662
svd_film_rms_tok512_h2048_lr2e-4_ep400_seed42,decoder.layers.0.linear1.bias,2048,2048,4.029716933473537e-07,0.0006348005146086081,0.0737433061003685,0.008608245930072778
svd_film_rms_tok512_h2048_lr2e-4_ep400_seed42,decoder.layers.0.linear2.weight,64x2048,131072,2.67550262833538e-07,0.0005172526102723291,0.039414964616298676,0.013123254462048596
svd_film_rms_tok512_h2048_lr2e-4_ep400_seed42,decoder.layers.0.linear2.bias,64,64,1.1722409908543341e-05,0.0034238005065341266,0.013715221546590328,0.24963508572599763
svd_film_rms_tok512_h2048_lr2e-4_ep400_seed42,decoder.layers.0.norm1.weight,64,64,0.0001315908448304981,0.011471305280154396,0.9690151810646057,0.01183810687831689
svd_film_rms_tok512_h2048_lr2e-4_ep400_seed42,decoder.layers.0.norm1.bias,64,64,1.916908786370186e-06,0.0013845247510861575,0.008000286296010017,0.1730594006087834
svd_film_rms_tok512_h2048_lr2e-4_ep400_seed42,decoder.layers.0.norm2.weight,64,64,7.271284994203597e-05,0.008527183001556608,0.9987191557884216,0.008538119001857905
svd_film_rms_tok512_h2048_lr2e-4_ep400_seed42,decoder.layers.0.norm2.bias,64,64,1.6620999758742983e-06,0.0012892245637879764,0.007096283137798309,0.1816760321922514
svd_film_rms_tok512_h2048_lr2e-4_ep400_seed42,decoder.layers.0.norm3.weight,64,64,0.00012909367796964943,0.011361939885849133,1.0210247039794922,0.011127977453988561
svd_film_rms_tok512_h2048_lr2e-4_ep400_seed42,decoder.layers.0.norm3.bias,64,64,5.140180746820988e-06,0.002267196671403032,0.011242784559726715,0.20165793085855788
svd_film_rms_tok512_h2048_lr2e-4_ep400_seed42,decoder.layers.1.self_attn.in_proj_weight,192x64,12288,1.5936503814373282e-06,0.0012623986618486762,0.08710572868585587,0.014492716849904077
svd_film_rms_tok512_h2048_lr2e-4_ep400_seed42,decoder.layers.1.self_attn.in_proj_bias,192,192,3.446131813689135e-06,0.001856375989310661,0.015329966321587563,0.12109459018814177
svd_film_rms_tok512_h2048_lr2e-4_ep400_seed42,decoder.layers.1.self_attn.out_proj.weight,64x64,4096,2.3900731775938766e-06,0.0015459861505181334,0.11489184200763702,0.013456013268682466
svd_film_rms_tok512_h2048_lr2e-4_ep400_seed42,decoder.layers.1.self_attn.out_proj.bias,64,64,2.4390758426307e-06,0.0015617540916004352,0.007621807046234608,0.20490601272463158
svd_film_rms_tok512_h2048_lr2e-4_ep400_seed42,decoder.layers.1.multihead_attn.in_proj_weight,192x64,12288,1.8570518705018912e-06,0.0013627369043589784,0.09907949715852737,0.013753974772183158
svd_film_rms_tok512_h2048_lr2e-4_ep400_seed42,decoder.layers.1.multihead_attn.in_proj_bias,192,192,2.0968582248315215e-06,0.0014480532534515164,0.013955274596810341,0.10376386673053985
svd_film_rms_tok512_h2048_lr2e-4_ep400_seed42,decoder.layers.1.multihead_attn.out_proj.weight,64x64,4096,2.250704255857272e-06,0.0015002347335858052,0.12329886108636856,0.012167466271524752
svd_film_rms_tok512_h2048_lr2e-4_ep400_seed42,decoder.layers.1.multihead_attn.out_proj.bias,64,64,7.402129995170981e-06,0.002720685574477687,0.018866021186113358,0.14421088302817617
svd_film_rms_tok512_h2048_lr2e-4_ep400_seed42,decoder.layers.1.linear1.weight,2048x64,131072,2.712846196573082e-07,0.0005208499012741657,0.04387927055358887,0.011870067453333398
svd_film_rms_tok512_h2048_lr2e-4_ep400_seed42,decoder.layers.1.linear1.bias,2048,2048,4.396810595608258e-07,0.0006630845040873944,0.07399309426546097,0.008961437694556772
svd_film_rms_tok512_h2048_lr2e-4_ep400_seed42,decoder.layers.1.linear2.weight,64x2048,131072,3.011067235547671e-07,0.0005487319232145758,0.04613731428980827,0.011893451789754277
svd_film_rms_tok512_h2048_lr2e-4_ep400_seed42,decoder.layers.1.linear2.bias,64,64,2.0904826669720933e-05,0.004572179641015971,0.024829387664794922,0.1841438742969393
svd_film_rms_tok512_h2048_lr2e-4_ep400_seed42,decoder.layers.1.norm1.weight,64,64,8.251989493146539e-05,0.00908404617620724,1.0403916835784912,0.008731371385978504
svd_film_rms_tok512_h2048_lr2e-4_ep400_seed42,decoder.layers.1.norm1.bias,64,64,6.1843270486861e-06,0.0024868307237699352,0.01528709102421999,0.1626752087646985
svd_film_rms_tok512_h2048_lr2e-4_ep400_seed42,decoder.layers.1.norm2.weight,64,64,8.897254156181589e-05,0.009432525725478615,1.0234030485153198,0.009216823947478612
svd_film_rms_tok512_h2048_lr2e-4_ep400_seed42,decoder.layers.1.norm2.bias,64,64,1.3419845345197245e-05,0.0036633107082524744,0.023942703381180763,0.15300321980899945
svd_film_rms_tok512_h2048_lr2e-4_ep400_seed42,decoder.layers.1.norm3.weight,64,64,5.81436361244414e-05,0.007625197448226597,0.9861710667610168,0.007732124481476442
svd_film_rms_tok512_h2048_lr2e-4_ep400_seed42,decoder.layers.1.norm3.bias,64,64,1.1917655683646444e-05,0.003452195777131773,0.0225711390376091,0.15294734445521604
svd_film_rms_tok512_h2048_lr2e-4_ep400_seed42,decoder.norm.weight,64,64,0.0029467674903571606,0.05428413663637988,0.5539973378181458,0.09798627706438384
svd_film_rms_tok512_h2048_lr2e-4_ep400_seed42,decoder.norm.bias,64,64,0.003063179086893797,0.05534599431660612,0.39217275381088257,0.14112656674587754
svd_film_zscore_tok512_h2048_lr2e-4_ep400_seed42,fc_decoder.weight,2048x512,1048576,9.358529240444113e-08,0.00030591713323127416,0.030175231397151947,0.010138021120863643
svd_film_zscore_tok512_h2048_lr2e-4_ep400_seed42,fc_decoder.bias,2048,2048,1.2052463205236563e-07,0.0003471665768076841,0.029523661360144615,0.011758926935679485
svd_film_zscore_tok512_h2048_lr2e-4_ep400_seed42,decoder.layers.0.self_attn.in_proj_weight,192x64,12288,9.102851095121878e-07,0.0009540886277029969,0.07650445401668549,0.012471020674102344
svd_film_zscore_tok512_h2048_lr2e-4_ep400_seed42,decoder.layers.0.self_attn.in_proj_bias,192,192,3.902625394403003e-06,0.001975506364050241,0.034529753029346466,0.05721171426772961
svd_film_zscore_tok512_h2048_lr2e-4_ep400_seed42,decoder.layers.0.self_attn.out_proj.weight,64x64,4096,2.1688629203708842e-06,0.0014727059857184272,0.12433558702468872,0.011844605562734015
svd_film_zscore_tok512_h2048_lr2e-4_ep400_seed42,decoder.layers.0.self_attn.out_proj.bias,64,64,5.90726085647475e-06,0.002430485724392297,0.03740532323718071,0.06497700097339103
svd_film_zscore_tok512_h2048_lr2e-4_ep400_seed42,decoder.layers.0.multihead_attn.in_proj_weight,192x64,12288,9.182183475786587e-07,0.0009582371040502756,0.08083789050579071,0.011853811350775335
svd_film_zscore_tok512_h2048_lr2e-4_ep400_seed42,decoder.layers.0.multihead_attn.in_proj_bias,192,192,2.9517283905988734e-07,0.0005432981125127229,0.009713433682918549,0.05593265267957033
svd_film_zscore_tok512_h2048_lr2e-4_ep400_seed42,decoder.layers.0.multihead_attn.out_proj.weight,64x64,4096,2.1681378257198958e-06,0.0014724597874712557,0.12445934861898422,0.011830849219523041
svd_film_zscore_tok512_h2048_lr2e-4_ep400_seed42,decoder.layers.0.multihead_attn.out_proj.bias,64,64,4.0770828491076827e-07,0.0006385203872318943,0.008085403591394424,0.07897198699041984
svd_film_zscore_tok512_h2048_lr2e-4_ep400_seed42,decoder.layers.0.linear1.weight,2048x64,131072,1.5054391155899793e-07,0.0003879998860296198,0.040010739117860794,0.009697393614416301
svd_film_zscore_tok512_h2048_lr2e-4_ep400_seed42,decoder.layers.0.linear1.bias,2048,2048,6.09868607170938e-07,0.0007809408474211975,0.0737433061003685,0.010589989637273601
svd_film_zscore_tok512_h2048_lr2e-4_ep400_seed42,decoder.layers.0.linear2.weight,64x2048,131072,1.5516275198024232e-07,0.000393907034692505,0.039414964616298676,0.009993844686330597
svd_film_zscore_tok512_h2048_lr2e-4_ep400_seed42,decoder.layers.0.linear2.bias,64,64,2.3346137822954915e-06,0.0015279442994741307,0.013715221546590328,0.11140500314076116
svd_film_zscore_tok512_h2048_lr2e-4_ep400_seed42,decoder.layers.0.norm1.weight,64,64,2.4510867660865188e-05,0.004950845146120528,0.9690151810646057,0.005109151273235262
svd_film_zscore_tok512_h2048_lr2e-4_ep400_seed42,decoder.layers.0.norm1.bias,64,64,2.8357243309073965e-07,0.0005325151951735646,0.008000286296010017,0.06656201734169762
svd_film_zscore_tok512_h2048_lr2e-4_ep400_seed42,decoder.layers.0.norm2.weight,64,64,1.339800928690238e-05,0.0036603291227569113,0.9987191557884216,0.003665023446824075
svd_film_zscore_tok512_h2048_lr2e-4_ep400_seed42,decoder.layers.0.norm2.bias,64,64,3.280283635831438e-07,0.0005727376044779527,0.007096283137798309,0.08070951980865439
svd_film_zscore_tok512_h2048_lr2e-4_ep400_seed42,decoder.layers.0.norm3.weight,64,64,2.1278463464113884e-05,0.004612858491663698,1.0210247039794922,0.0045178715790958465
svd_film_zscore_tok512_h2048_lr2e-4_ep400_seed42,decoder.layers.0.norm3.bias,64,64,7.225162335089408e-07,0.0008500095490692682,0.011242784559726715,0.07560489526003422
svd_film_zscore_tok512_h2048_lr2e-4_ep400_seed42,decoder.layers.1.self_attn.in_proj_weight,192x64,12288,1.0062327646664926e-06,0.0010031115414880305,0.08710572868585587,0.011516022615524191
svd_film_zscore_tok512_h2048_lr2e-4_ep400_seed42,decoder.layers.1.self_attn.in_proj_bias,192,192,1.0327942163712578e-06,0.0010162648357447273,0.015329966321587563,0.06629269852430332
svd_film_zscore_tok512_h2048_lr2e-4_ep400_seed42,decoder.layers.1.self_attn.out_proj.weight,64x64,4096,1.9753047126869205e-06,0.0014054553399830676,0.11489184200763702,0.01223285583574894
svd_film_zscore_tok512_h2048_lr2e-4_ep400_seed42,decoder.layers.1.self_attn.out_proj.bias,64,64,6.32068235972838e-07,0.0007950271919707136,0.007621807046234608,0.10430954065722249
svd_film_zscore_tok512_h2048_lr2e-4_ep400_seed42,decoder.layers.1.multihead_attn.in_proj_weight,192x64,12288,1.0570125823505805e-06,0.0010281111721747705,0.09907949715852737,0.010376628885487689
svd_film_zscore_tok512_h2048_lr2e-4_ep400_seed42,decoder.layers.1.multihead_attn.in_proj_bias,192,192,5.519174237633706e-07,0.0007429114508226203,0.013955274596810341,0.053235172526982906
svd_film_zscore_tok512_h2048_lr2e-4_ep400_seed42,decoder.layers.1.multihead_attn.out_proj.weight,64x64,4096,2.1573987396550365e-06,0.0014688086123300873,0.12329886108636856,0.011912588643468605
svd_film_zscore_tok512_h2048_lr2e-4_ep400_seed42,decoder.layers.1.multihead_attn.out_proj.bias,64,64,2.7027360829379177e-06,0.0016440000252244274,0.018866021186113358,0.0871407918504046
svd_film_zscore_tok512_h2048_lr2e-4_ep400_seed42,decoder.layers.1.linear1.weight,2048x64,131072,1.860778269247021e-07,0.0004313673920507925,0.04387927055358887,0.009830778556903588
svd_film_zscore_tok512_h2048_lr2e-4_ep400_seed42,decoder.layers.1.linear1.bias,2048,2048,5.819325679112808e-07,0.000762845048428107,0.07399309426546097,0.01030967897749065
svd_film_zscore_tok512_h2048_lr2e-4_ep400_seed42,decoder.layers.1.linear2.weight,64x2048,131072,2.1071093669888796e-07,0.00045903260962472804,0.04613731428980827,0.00994927027484407
svd_film_zscore_tok512_h2048_lr2e-4_ep400_seed42,decoder.layers.1.linear2.bias,64,64,4.772074134962168e-06,0.0021845077557569276,0.024829387664794922,0.08798073417067373
svd_film_zscore_tok512_h2048_lr2e-4_ep400_seed42,decoder.layers.1.norm1.weight,64,64,1.1104536497441586e-05,0.003332346995353513,1.0403916835784912,0.003202973503105773
svd_film_zscore_tok512_h2048_lr2e-4_ep400_seed42,decoder.layers.1.norm1.bias,64,64,1.381184347337694e-06,0.0011752379960406718,0.01528709102421999,0.07687780455932997
svd_film_zscore_tok512_h2048_lr2e-4_ep400_seed42,decoder.layers.1.norm2.weight,64,64,1.368486846331507e-05,0.003699306484101455,1.0234030485153198,0.0036147112220040237
svd_film_zscore_tok512_h2048_lr2e-4_ep400_seed42,decoder.layers.1.norm2.bias,64,64,3.342235459058429e-06,0.001828178180336487,0.023942703381180763,0.0763563809495905
svd_film_zscore_tok512_h2048_lr2e-4_ep400_seed42,decoder.layers.1.norm3.weight,64,64,1.0278620720782783e-05,0.0032060288084767396,0.9861710667610168,0.0032509864835181487
svd_film_zscore_tok512_h2048_lr2e-4_ep400_seed42,decoder.layers.1.norm3.bias,64,64,4.830174930248177e-06,0.002197765895232742,0.0225711390376091,0.09737062412183632
svd_film_zscore_tok512_h2048_lr2e-4_ep400_seed42,decoder.norm.weight,64,64,6.405976455425844e-05,0.008003734413026112,0.5539973378181458,0.014447243455262604
svd_film_zscore_tok512_h2048_lr2e-4_ep400_seed42,decoder.norm.bias,64,64,0.0002295772428624332,0.01515180658741502,0.39217275381088257,0.03863554120009488
svd_hyper_lora_zscore_tok512_h2048_lr2e-4_ep400_seed42,fc_decoder.weight,2048x512,1048576,2.410494062132784e-07,0.0004909678260469605,0.030175231397151947,0.016270557119681273
svd_hyper_lora_zscore_tok512_h2048_lr2e-4_ep400_seed42,fc_decoder.bias,2048,2048,1.9624110336735612e-07,0.0004429910872324139,0.029523661360144615,0.015004612125460445
svd_hyper_lora_zscore_tok512_h2048_lr2e-4_ep400_seed42,decoder.layers.0.self_attn.in_proj_weight,192x64,12288,2.1664852738467744e-06,0.0014718985270210628,0.07650445401668549,0.01923938345733497
svd_hyper_lora_zscore_tok512_h2048_lr2e-4_ep400_seed42,decoder.layers.0.self_attn.in_proj_bias,192,192,1.1920345968974289e-05,0.0034525854035742966,0.034529753029346466,0.09998870830729607
svd_hyper_lora_zscore_tok512_h2048_lr2e-4_ep400_seed42,decoder.layers.0.self_attn.out_proj.weight,64x64,4096,4.1544581108610146e-06,0.002038248785320628,0.12433558702468872,0.016393124720727802
svd_hyper_lora_zscore_tok512_h2048_lr2e-4_ep400_seed42,decoder.layers.0.self_attn.out_proj.bias,64,64,3.4686047001741827e-05,0.005889486140720753,0.03740532323718071,0.15745048113543988
svd_hyper_lora_zscore_tok512_h2048_lr2e-4_ep400_seed42,decoder.layers.0.multihead_attn.in_proj_weight,192x64,12288,2.1384905721788527e-06,0.0014623578810191618,0.08083789050579071,0.018090005464880456
svd_hyper_lora_zscore_tok512_h2048_lr2e-4_ep400_seed42,decoder.layers.0.multihead_attn.in_proj_bias,192,192,9.069686370821728e-07,0.0009523490101229553,0.009713433682918549,0.0980445269109829
svd_hyper_lora_zscore_tok512_h2048_lr2e-4_ep400_seed42,decoder.layers.0.multihead_attn.out_proj.weight,64x64,4096,4.146602805121802e-06,0.0020363208993480868,0.12445934861898422,0.016361333414832605
svd_hyper_lora_zscore_tok512_h2048_lr2e-4_ep400_seed42,decoder.layers.0.multihead_attn.out_proj.bias,64,64,1.8068363942802534e-06,0.0013441861456956969,0.008085403591394424,0.1662484909382088
svd_hyper_lora_zscore_tok512_h2048_lr2e-4_ep400_seed42,decoder.layers.0.linear1.weight,2048x64,131072,4.874646606367605e-07,0.0006981866946861423,0.040010739117860794,0.017449982431703488
svd_hyper_lora_zscore_tok512_h2048_lr2e-4_ep400_seed42,decoder.layers.0.linear1.bias,2048,2048,9.365638788949582e-07,0.0009677623049566242,0.0737433061003685,0.013123391886437111
svd_hyper_lora_zscore_tok512_h2048_lr2e-4_ep400_seed42,decoder.layers.0.linear2.weight,64x2048,131072,4.990685624761682e-07,0.0007064478483767702,0.039414964616298676,0.017923340925305398
svd_hyper_lora_zscore_tok512_h2048_lr2e-4_ep400_seed42,decoder.layers.0.linear2.bias,64,64,8.947357855504379e-06,0.0029912134419837677,0.013715221546590328,0.21809443119986627
svd_hyper_lora_zscore_tok512_h2048_lr2e-4_ep400_seed42,decoder.layers.0.norm1.weight,64,64,0.00013453522115014493,0.011598931896952621,0.9690151810646057,0.011969814429748654
svd_hyper_lora_zscore_tok512_h2048_lr2e-4_ep400_seed42,decoder.layers.0.norm1.bias,64,64,1.8722130334936082e-06,0.0013682883590433736,0.008000286296010017,0.17102992423230903
svd_hyper_lora_zscore_tok512_h2048_lr2e-4_ep400_seed42,decoder.layers.0.norm2.weight,64,64,6.599733023904264e-05,0.00812387409054588,0.9987191557884216,0.008134292852461238
svd_hyper_lora_zscore_tok512_h2048_lr2e-4_ep400_seed42,decoder.layers.0.norm2.bias,64,64,1.1690324299706845e-06,0.0010812180307276994,0.007096283137798309,0.152363992491872
svd_hyper_lora_zscore_tok512_h2048_lr2e-4_ep400_seed42,decoder.layers.0.norm3.weight,64,64,0.00011356362665537745,0.010656623604846774,1.0210247039794922,0.010437184882316831
svd_hyper_lora_zscore_tok512_h2048_lr2e-4_ep400_seed42,decoder.layers.0.norm3.bias,64,64,3.52260576619301e-06,0.0018768606144818026,0.011242784559726715,0.166939124779193
svd_hyper_lora_zscore_tok512_h2048_lr2e-4_ep400_seed42,decoder.layers.1.self_attn.in_proj_weight,192x64,12288,2.161123802579823e-06,0.0014700761213555654,0.08710572868585587,0.01687691663377675
svd_hyper_lora_zscore_tok512_h2048_lr2e-4_ep400_seed42,decoder.layers.1.self_attn.in_proj_bias,192,192,2.8283286610530922e-06,0.0016817635568215563,0.015329966321587563,0.10970432168877679
svd_hyper_lora_zscore_tok512_h2048_lr2e-4_ep400_seed42,decoder.layers.1.self_attn.out_proj.weight,64x64,4096,3.3230376175197307e-06,0.0018229200798498355,0.11489184200763702,0.015866401373638553
svd_hyper_lora_zscore_tok512_h2048_lr2e-4_ep400_seed42,decoder.layers.1.self_attn.out_proj.bias,64,64,1.909543698275229e-06,0.0013818624020774388,0.007621807046234608,0.1813037766103143
svd_hyper_lora_zscore_tok512_h2048_lr2e-4_ep400_seed42,decoder.layers.1.multihead_attn.in_proj_weight,192x64,12288,2.6113502826774493e-06,0.001615967290101334,0.09907949715852737,0.016309805120586992
svd_hyper_lora_zscore_tok512_h2048_lr2e-4_ep400_seed42,decoder.layers.1.multihead_attn.in_proj_bias,192,192,2.455263711453881e-06,0.0015669281130459946,0.013955274596810341,0.11228214122021908
svd_hyper_lora_zscore_tok512_h2048_lr2e-4_ep400_seed42,decoder.layers.1.multihead_attn.out_proj.weight,64x64,4096,3.358014510013163e-06,0.0018324886111551043,0.12329886108636856,0.014862169812513355
svd_hyper_lora_zscore_tok512_h2048_lr2e-4_ep400_seed42,decoder.layers.1.multihead_attn.out_proj.bias,64,64,8.686596629559062e-06,0.0029473032808923928,0.018866021186113358,0.15622283319928654
svd_hyper_lora_zscore_tok512_h2048_lr2e-4_ep400_seed42,decoder.layers.1.linear1.weight,2048x64,131072,5.970682650513481e-07,0.0007727019250987719,0.04387927055358887,0.017609725853466197
svd_hyper_lora_zscore_tok512_h2048_lr2e-4_ep400_seed42,decoder.layers.1.linear1.bias,2048,2048,9.108817380365508e-07,0.0009544012458272206,0.07399309426546097,0.012898517831990747
svd_hyper_lora_zscore_tok512_h2048_lr2e-4_ep400_seed42,decoder.layers.1.linear2.weight,64x2048,131072,7.59186775667331e-07,0.000871313247728583,0.04613731428980827,0.018885218204412385
svd_hyper_lora_zscore_tok512_h2048_lr2e-4_ep400_seed42,decoder.layers.1.linear2.bias,64,64,2.7166592190042138e-05,0.005212158112532863,0.024829387664794922,0.20991891475129187
svd_hyper_lora_zscore_tok512_h2048_lr2e-4_ep400_seed42,decoder.layers.1.norm1.weight,64,64,9.078949369722977e-05,0.009528352097673016,1.0403916835784912,0.009158427780679351
svd_hyper_lora_zscore_tok512_h2048_lr2e-4_ep400_seed42,decoder.layers.1.norm1.bias,64,64,7.674916560063139e-06,0.002770363976098292,0.01528709102421999,0.18122244262882234
svd_hyper_lora_zscore_tok512_h2048_lr2e-4_ep400_seed42,decoder.layers.1.norm2.weight,64,64,0.00010437778837513179,0.010216544835468192,1.0234030485153198,0.009982914209889863
svd_hyper_lora_zscore_tok512_h2048_lr2e-4_ep400_seed42,decoder.layers.1.norm2.bias,64,64,1.5043052371765953e-05,0.003878537401104436,0.023942703381180763,0.16199245922049932
svd_hyper_lora_zscore_tok512_h2048_lr2e-4_ep400_seed42,decoder.layers.1.norm3.weight,64,64,7.286385516636074e-05,0.008536032753355667,0.9861710667610168,0.008655732297431355
svd_hyper_lora_zscore_tok512_h2048_lr2e-4_ep400_seed42,decoder.layers.1.norm3.bias,64,64,2.3923013941384852e-05,0.004891115817621257,0.0225711390376091,0.2166977842576508
svd_hyper_lora_zscore_tok512_h2048_lr2e-4_ep400_seed42,decoder.norm.weight,64,64,0.0006278710789047182,0.02505735578437434,0.5539973378181458,0.04523010143525207
svd_hyper_lora_zscore_tok512_h2048_lr2e-4_ep400_seed42,decoder.norm.bias,64,64,0.002339770784601569,0.048371177209176636,0.39217275381088257,0.12334150381212526
