left,right,centroid_l2,centroid_cosine,std_profile_l2,std_profile_cosine
attention_cnn_cnn_residual,attention_cnn_hybrid,151.77481079101562,0.10635805875062943,4.945536136627197,0.9540858268737793
attention_cnn_cnn_residual,attention_cnn_transnet,152.6202850341797,-0.0034084971994161606,7.245337963104248,0.9559308886528015
attention_cnn_cnn_residual,cbam_cnn_cnn_residual,396.7092590332031,-0.014519747346639633,7.481068134307861,0.9115543961524963
attention_cnn_cnn_residual,cbam_cnn_hybrid,157.5281982421875,-0.05303208529949188,20.028730392456055,0.9548078179359436
attention_cnn_cnn_residual,cbam_cnn_transnet,152.72093200683594,0.001070680096745491,21.91817855834961,0.9521027207374573
attention_cnn_cnn_residual,clnet_cnn_residual,269.6472473144531,0.005972864106297493,3.8384110927581787,0.9422643184661865
attention_cnn_cnn_residual,clnet_hybrid,153.22569274902344,0.032972294837236404,10.780747413635254,0.9538780450820923
attention_cnn_cnn_residual,clnet_transnet,152.62994384765625,-0.003191299270838499,7.353209972381592,0.9564692974090576
attention_cnn_cnn_residual,cnn_cnn_residual,383.9458312988281,-0.05545980855822563,7.651298999786377,0.9188014268875122
attention_cnn_cnn_residual,cnn_hybrid,156.42491149902344,-0.007307387422770262,21.227333068847656,0.9544362425804138
attention_cnn_cnn_residual,cnn_transnet,152.70289611816406,-0.006507830694317818,18.1875,0.9542216658592224
attention_cnn_cnn_residual,convnext_cnn_residual,695.3228149414062,0.012625111266970634,46.15933609008789,0.6967825293540955
attention_cnn_cnn_residual,convnext_hybrid,154.37806701660156,0.06090792268514633,39.96625900268555,0.9491791725158691
attention_cnn_cnn_residual,convnext_transnet,153.12046813964844,0.012560902163386345,22.062894821166992,0.9555950164794922
attention_cnn_cnn_residual,crnet_cnn_residual,281.0210266113281,-0.019063986837863922,5.112493515014648,0.9435085654258728
attention_cnn_cnn_residual,crnet_hybrid,154.47482299804688,-0.10736699402332306,9.301487922668457,0.955071747303009
attention_cnn_cnn_residual,crnet_transnet,152.76138305664062,-0.039721205830574036,6.937744617462158,0.9560891389846802
attention_cnn_cnn_residual,csinet_cnn_residual,265.3310852050781,-0.012931975536048412,4.439414024353027,0.9370293617248535
attention_cnn_cnn_residual,csinet_hybrid,155.30474853515625,-0.0806446298956871,13.161545753479004,0.9533273577690125
attention_cnn_cnn_residual,csinet_transnet,152.79237365722656,-0.04260711744427681,17.29977798461914,0.9553519487380981
attention_cnn_cnn_residual,dscnn_cnn_residual,319.6490478515625,-0.006089428905397654,6.098973751068115,0.9170834422111511
attention_cnn_cnn_residual,dscnn_hybrid,154.303955078125,-0.008291317149996758,19.364349365234375,0.9518303275108337
attention_cnn_cnn_residual,dscnn_transnet,152.90928649902344,-0.030022140592336655,22.88028335571289,0.9558734893798828
attention_cnn_cnn_residual,mlp_ae_cnn_residual,321.2572937011719,-0.005222578998655081,3.5649101734161377,0.9138550758361816
attention_cnn_cnn_residual,mlp_ae_hybrid,152.45909118652344,0.04769474267959595,3.746168375015259,0.954623281955719
attention_cnn_cnn_residual,mlp_ae_transnet,152.61672973632812,-0.002848748117685318,2.0337979793548584,0.9552244544029236
attention_cnn_cnn_residual,mlp_mixer_cnn_residual,309.8446044921875,0.004898779559880495,7.903079032897949,0.8820978999137878
attention_cnn_cnn_residual,mlp_mixer_hybrid,152.64773559570312,0.04125569388270378,3.792983293533325,0.9559820890426636
attention_cnn_cnn_residual,mlp_mixer_transnet,152.65771484375,-0.003780936123803258,2.1980068683624268,0.9562626481056213
attention_cnn_cnn_residual,resnet_cnn_residual,513.8502197265625,0.00028536911122500896,11.501859664916992,0.8974727988243103
attention_cnn_cnn_residual,resnet_hybrid,157.38278198242188,0.007845314219594002,27.181058883666992,0.956620454788208
attention_cnn_cnn_residual,resnet_transnet,153.00750732421875,-0.06791241466999054,16.438526153564453,0.9528456926345825
attention_cnn_cnn_residual,sparse_resnet_cnn_residual,500.8836975097656,-0.039749614894390106,10.919987678527832,0.9010144472122192
attention_cnn_cnn_residual,sparse_resnet_hybrid,157.95401000976562,-0.010391967371106148,25.852161407470703,0.9544061422348022
attention_cnn_cnn_residual,sparse_resnet_transnet,152.2630615234375,0.080656036734581,18.570659637451172,0.9450806379318237
attention_cnn_cnn_residual,swin_cnn_residual,210.41470336914062,0.08200600743293762,3.3721253871917725,0.9046112895011902
attention_cnn_cnn_residual,swin_hybrid,153.0474090576172,-0.015126591548323631,3.5530261993408203,0.9543749690055847
attention_cnn_cnn_residual,swin_transnet,152.5777130126953,0.019636912271380424,2.229536771774292,0.9556653499603271
attention_cnn_cnn_residual,transnet_cnn_residual,326.986083984375,-0.048285000026226044,10.572062492370605,0.8860396146774292
attention_cnn_cnn_residual,transnet_hybrid,154.9461212158203,-0.03339073434472084,9.821371078491211,0.9531930088996887
attention_cnn_cnn_residual,transnet_transnet,152.88235473632812,-0.01910291612148285,10.690235137939453,0.949647843837738
attention_cnn_hybrid,attention_cnn_transnet,12.890958786010742,-0.025737447664141655,2.7675328254699707,0.9943782091140747
attention_cnn_hybrid,cbam_cnn_cnn_residual,364.144775390625,0.004116891883313656,4.570580005645752,0.9421155452728271
attention_cnn_hybrid,cbam_cnn_hybrid,33.233924865722656,0.08608537167310715,15.535309791564941,0.9926831722259521
attention_cnn_hybrid,cbam_cnn_transnet,13.85899829864502,0.048495031893253326,17.422136306762695,0.991655707359314
attention_cnn_hybrid,clnet_cnn_residual,223.68765258789062,-0.008058701641857624,2.4870107173919678,0.9800645112991333
attention_cnn_hybrid,clnet_hybrid,23.54705047607422,-0.006742707919329405,6.268035888671875,0.9929865002632141
attention_cnn_hybrid,clnet_transnet,12.792888641357422,0.055168382823467255,2.827009916305542,0.9953410625457764
attention_cnn_hybrid,cnn_cnn_residual,344.174072265625,0.0012401370331645012,4.284210205078125,0.9564831852912903
attention_cnn_hybrid,cnn_hybrid,35.36013412475586,0.02160995826125145,16.725444793701172,0.9930660724639893
attention_cnn_hybrid,cnn_transnet,13.50241756439209,0.004090685397386551,13.654967308044434,0.9943267107009888
attention_cnn_hybrid,convnext_cnn_residual,680.3855590820312,0.0025945412926375866,43.452064514160156,0.7134535908699036
attention_cnn_hybrid,convnext_hybrid,38.10725784301758,-0.12057041376829147,35.489871978759766,0.9896274209022522
attention_cnn_hybrid,convnext_transnet,19.0559024810791,0.03529541194438934,17.548545837402344,0.9944096803665161
attention_cnn_hybrid,crnet_cnn_residual,232.78114318847656,0.05144014209508896,1.9337964057922363,0.9840247631072998
attention_cnn_hybrid,crnet_hybrid,17.925168991088867,-0.0007446503732353449,4.774464130401611,0.9941133260726929
attention_cnn_hybrid,crnet_transnet,13.350739479064941,-0.09047167748212814,2.4523911476135254,0.9948965907096863
attention_cnn_hybrid,csinet_cnn_residual,215.55996704101562,-0.007415648549795151,2.308300733566284,0.9786006212234497
attention_cnn_hybrid,csinet_hybrid,22.761829376220703,0.012531306594610214,8.649139404296875,0.9926165342330933
attention_cnn_hybrid,csinet_transnet,13.206598281860352,-0.01455860398709774,12.765034675598145,0.9948402047157288
attention_cnn_hybrid,dscnn_cnn_residual,280.14508056640625,0.006774806417524815,3.6649281978607178,0.9482588171958923
attention_cnn_hybrid,dscnn_hybrid,24.952651977539062,0.011572851799428463,14.86910629272461,0.991344690322876
attention_cnn_hybrid,dscnn_transnet,14.213376998901367,-0.021771248430013657,18.376522064208984,0.9940085411071777
attention_cnn_hybrid,mlp_ae_cnn_residual,282.1590270996094,0.0024180500768125057,3.7560296058654785,0.9548853635787964
attention_cnn_hybrid,mlp_ae_hybrid,13.070806503295898,0.056953683495521545,7.750295639038086,0.9945815205574036
attention_cnn_hybrid,mlp_ae_transnet,12.82242488861084,-0.004190757870674133,5.18044900894165,0.9952073097229004
attention_cnn_hybrid,mlp_mixer_cnn_residual,271.3394470214844,-0.05009989067912102,5.139641761779785,0.9246014356613159
attention_cnn_hybrid,mlp_mixer_hybrid,19.17534637451172,-0.05748267471790314,1.654333233833313,0.9944125413894653
attention_cnn_hybrid,mlp_mixer_transnet,13.097763061523438,0.027487333863973618,3.567934989929199,0.9951215982437134
attention_cnn_hybrid,resnet_cnn_residual,490.91656494140625,-0.003235097508877516,7.90205717086792,0.9355303049087524
attention_cnn_hybrid,resnet_hybrid,41.807334899902344,-0.009288061410188675,22.700220108032227,0.9933074712753296
attention_cnn_hybrid,resnet_transnet,13.419158935546875,0.03306841105222702,12.000529289245605,0.9888825416564941
attention_cnn_hybrid,sparse_resnet_cnn_residual,471.61810302734375,-0.03181532770395279,7.368841648101807,0.9373029470443726
attention_cnn_hybrid,sparse_resnet_hybrid,41.06034469604492,0.013243349269032478,21.356945037841797,0.9929970502853394
attention_cnn_hybrid,sparse_resnet_transnet,13.379292488098145,0.06951598078012466,14.099102973937988,0.9869450330734253
attention_cnn_hybrid,swin_cnn_residual,158.7295379638672,-0.023528071120381355,4.277843952178955,0.9445009231567383
attention_cnn_hybrid,swin_hybrid,15.908188819885254,0.00010577915236353874,1.9860044717788696,0.9926409721374512
attention_cnn_hybrid,swin_transnet,12.779274940490723,-0.0321471244096756,3.5333988666534424,0.9950610399246216
attention_cnn_hybrid,transnet_cnn_residual,282.0016784667969,0.016033951193094254,7.446420192718506,0.9157740473747253
attention_cnn_hybrid,transnet_hybrid,26.326515197753906,-0.06657472252845764,5.274775981903076,0.9939970374107361
attention_cnn_hybrid,transnet_transnet,14.452888488769531,-0.009924516081809998,6.197116374969482,0.9908519387245178
attention_cnn_transnet,cbam_cnn_cnn_residual,364.0350646972656,-0.02471495047211647,4.403352737426758,0.9439144134521484
attention_cnn_transnet,cbam_cnn_hybrid,31.852556228637695,0.02565273456275463,13.104246139526367,0.9939336180686951
attention_cnn_transnet,cbam_cnn_transnet,6.566564083099365,0.030332308262586594,14.981905937194824,0.9934097528457642
attention_cnn_transnet,clnet_cnn_residual,223.34707641601562,-0.05210374668240547,4.498326301574707,0.9806376099586487
attention_cnn_transnet,clnet_hybrid,19.869470596313477,0.005164950154721737,3.915480375289917,0.9947280883789062
attention_cnn_transnet,clnet_transnet,3.413085699081421,-0.013084294274449348,1.0959149599075317,0.996658205986023
attention_cnn_transnet,cnn_cnn_residual,343.88092041015625,0.038942351937294006,3.903646469116211,0.9566217660903931
attention_cnn_transnet,cnn_hybrid,33.40117645263672,-0.020900877192616463,14.296703338623047,0.9939948320388794
attention_cnn_transnet,cnn_transnet,5.177241325378418,0.007076762616634369,11.20136547088623,0.9960252642631531
attention_cnn_transnet,convnext_cnn_residual,680.3515625,-0.022528935223817825,42.08317565917969,0.7127841114997864
attention_cnn_transnet,convnext_hybrid,34.437957763671875,0.03534472733736038,33.062843322753906,0.9904088377952576
attention_cnn_transnet,convnext_transnet,14.807609558105469,0.018283352255821228,15.102287292480469,0.995570957660675
attention_cnn_transnet,crnet_cnn_residual,233.17730712890625,-0.03735842928290367,3.173811674118042,0.985661506652832
attention_cnn_transnet,crnet_hybrid,12.861961364746094,-0.004069222137331963,2.497652292251587,0.9955796599388123
attention_cnn_transnet,crnet_transnet,3.842015027999878,0.014558680355548859,1.1851590871810913,0.9962060451507568
attention_cnn_transnet,csinet_cnn_residual,215.05511474609375,0.023246046155691147,4.037086486816406,0.9797409772872925
attention_cnn_transnet,csinet_hybrid,19.196727752685547,-0.0027409903705120087,6.271437644958496,0.9937315583229065
attention_cnn_transnet,csinet_transnet,4.023256778717041,0.06947320699691772,10.308480262756348,0.9965271949768066
attention_cnn_transnet,dscnn_cnn_residual,280.0108642578125,-0.027577616274356842,4.297730922698975,0.9494580626487732
attention_cnn_transnet,dscnn_hybrid,21.76629638671875,-0.007134183309972286,12.450573921203613,0.9926340579986572
attention_cnn_transnet,dscnn_transnet,6.455406665802002,0.04113141447305679,15.92792797088623,0.9953427910804749
attention_cnn_transnet,mlp_ae_cnn_residual,282.0851745605469,-0.08132295310497284,5.781779766082764,0.9574684500694275
attention_cnn_transnet,mlp_ae_hybrid,4.508669376373291,0.028591163456439972,10.202720642089844,0.9958350658416748
attention_cnn_transnet,mlp_ae_transnet,2.937067747116089,-0.03381337970495224,7.613260269165039,0.996884286403656
attention_cnn_transnet,mlp_mixer_cnn_residual,270.26153564453125,0.07422176748514175,5.074172019958496,0.9258733987808228
attention_cnn_transnet,mlp_mixer_hybrid,13.634549140930176,0.10370009392499924,3.8660173416137695,0.9955506920814514
attention_cnn_transnet,mlp_mixer_transnet,4.195441246032715,0.04300016537308693,5.971505165100098,0.9966559410095215
attention_cnn_transnet,resnet_cnn_residual,490.7875061035156,-0.03344935551285744,6.506483554840088,0.9376468658447266
attention_cnn_transnet,resnet_hybrid,39.80335998535156,-0.009877434931695461,20.256025314331055,0.9944613575935364
attention_cnn_transnet,resnet_transnet,5.304627418518066,0.0078608188778162,9.614579200744629,0.9904799461364746
attention_cnn_transnet,sparse_resnet_cnn_residual,470.8307800292969,0.10374234616756439,6.10290002822876,0.9381350874900818
attention_cnn_transnet,sparse_resnet_hybrid,39.37015151977539,-0.040769074112176895,18.918548583984375,0.9940356016159058
attention_cnn_transnet,sparse_resnet_transnet,5.747800827026367,-0.02587827853858471,11.732412338256836,0.987937331199646
attention_cnn_transnet,swin_cnn_residual,158.00250244140625,-0.029474440962076187,6.408163070678711,0.9449901580810547
attention_cnn_transnet,swin_hybrid,9.805455207824707,0.026731841266155243,4.210180759429932,0.9940160512924194
attention_cnn_transnet,swin_transnet,2.519845962524414,-0.0022522988729178905,5.938979625701904,0.9963842630386353
attention_cnn_transnet,transnet_cnn_residual,281.95709228515625,-0.01361908670514822,6.562567234039307,0.9152054786682129
attention_cnn_transnet,transnet_hybrid,22.439556121826172,-0.04068649560213089,2.991570472717285,0.9950107336044312
attention_cnn_transnet,transnet_transnet,7.139193534851074,0.011652329005300999,3.9699463844299316,0.9915459752082825
cbam_cnn_cnn_residual,cbam_cnn_hybrid,365.443603515625,-0.0024352138862013817,14.688316345214844,0.9405697584152222
cbam_cnn_cnn_residual,cbam_cnn_transnet,364.37615966796875,-0.05499999597668648,16.50461769104004,0.9397481083869934
cbam_cnn_cnn_residual,clnet_cnn_residual,427.3113708496094,-0.0017580732237547636,5.5035176277160645,0.9293328523635864
cbam_cnn_cnn_residual,clnet_hybrid,364.5258483886719,-0.0006466449704021215,6.342360973358154,0.9428448677062988
cbam_cnn_cnn_residual,clnet_transnet,364.011962890625,-0.009659979492425919,4.440404415130615,0.943712055683136
cbam_cnn_cnn_residual,cnn_cnn_residual,502.6091003417969,-0.007311216555535793,5.483920574188232,0.9126215577125549
cbam_cnn_cnn_residual,cnn_hybrid,365.26104736328125,0.007082507014274597,15.811213493347168,0.9417629241943359
cbam_cnn_cnn_residual,cnn_transnet,364.1578063964844,-0.031697921454906464,12.88413143157959,0.9424257278442383
cbam_cnn_cnn_residual,convnext_cnn_residual,774.8363037109375,-0.010264720767736435,42.767906188964844,0.6788897514343262
cbam_cnn_cnn_residual,convnext_hybrid,366.65496826171875,-0.030713722109794617,34.27580261230469,0.9384880065917969
cbam_cnn_cnn_residual,convnext_transnet,364.11688232421875,0.01064478512853384,16.590665817260742,0.9434889554977417
cbam_cnn_cnn_residual,crnet_cnn_residual,408.4166259765625,0.117901511490345,4.846469402313232,0.932673990726471
cbam_cnn_cnn_residual,crnet_hybrid,364.2223205566406,-0.0019625599961727858,5.349222183227539,0.9427497386932373
cbam_cnn_cnn_residual,crnet_transnet,364.021728515625,-0.009454276412725449,4.360054969787598,0.9434020519256592
cbam_cnn_cnn_residual,csinet_cnn_residual,414.0682678222656,0.04657015949487686,5.27232551574707,0.92742919921875
cbam_cnn_cnn_residual,csinet_hybrid,364.42694091796875,0.0025825686752796173,8.33849811553955,0.9405695199966431
cbam_cnn_cnn_residual,csinet_transnet,364.0356140136719,-0.011578485369682312,12.0454683303833,0.9428523778915405
cbam_cnn_cnn_residual,dscnn_cnn_residual,449.3497009277344,0.04383441433310509,5.757880687713623,0.8960482478141785
cbam_cnn_cnn_residual,dscnn_hybrid,364.53790283203125,0.003794318065047264,13.953556060791016,0.9437238574028015
cbam_cnn_cnn_residual,dscnn_transnet,364.2310791015625,-0.03263028711080551,17.426198959350586,0.9416642785072327
cbam_cnn_cnn_residual,mlp_ae_cnn_residual,454.8447570800781,0.024686142802238464,6.40576696395874,0.9083538055419922
cbam_cnn_cnn_residual,mlp_ae_hybrid,364.0396728515625,-0.010026635602116585,10.111681938171387,0.9436383247375488
cbam_cnn_cnn_residual,mlp_ae_transnet,363.95733642578125,0.012551646679639816,7.815496921539307,0.9454493522644043
cbam_cnn_cnn_residual,mlp_mixer_cnn_residual,467.4380187988281,-0.06552114337682724,6.404196262359619,0.8790397644042969
cbam_cnn_cnn_residual,mlp_mixer_hybrid,364.3177185058594,-0.006114582065492868,5.05349063873291,0.9440577626228333
cbam_cnn_cnn_residual,mlp_mixer_transnet,363.7554016113281,0.06464122235774994,6.519035816192627,0.9425845742225647
cbam_cnn_cnn_residual,resnet_cnn_residual,606.0960083007812,0.01658717729151249,7.990728855133057,0.8927984833717346
cbam_cnn_cnn_residual,resnet_hybrid,366.15057373046875,-0.0003125376533716917,21.653831481933594,0.9407418966293335
cbam_cnn_cnn_residual,resnet_transnet,363.8460998535156,0.03345290571451187,11.344761848449707,0.938022792339325
cbam_cnn_cnn_residual,sparse_resnet_cnn_residual,578.52294921875,0.057375334203243256,7.841625690460205,0.8846222162246704
cbam_cnn_cnn_residual,sparse_resnet_hybrid,365.609130859375,0.012179187498986721,20.317617416381836,0.941510796546936
cbam_cnn_cnn_residual,sparse_resnet_transnet,363.9753112792969,0.007527296431362629,13.3836088180542,0.933626651763916
cbam_cnn_cnn_residual,swin_cnn_residual,420.1176452636719,-0.1659594178199768,6.833940029144287,0.9002938270568848
cbam_cnn_cnn_residual,swin_hybrid,364.7601013183594,-0.06819432228803635,5.330357074737549,0.9395490288734436
cbam_cnn_cnn_residual,swin_transnet,363.892578125,0.06342814862728119,6.476845741271973,0.9435389637947083
cbam_cnn_cnn_residual,transnet_cnn_residual,467.1211242675781,-0.030425412580370903,7.9193854331970215,0.8698413372039795
cbam_cnn_cnn_residual,transnet_hybrid,364.6778869628906,-0.000968712498433888,5.705416679382324,0.941628634929657
cbam_cnn_cnn_residual,transnet_transnet,364.1190490722656,-0.011404411867260933,6.397294998168945,0.9383557438850403
cbam_cnn_hybrid,cbam_cnn_transnet,32.475948333740234,-0.004154935944825411,4.10294246673584,0.9909529089927673
cbam_cnn_hybrid,clnet_cnn_residual,223.79190063476562,0.053542256355285645,17.169511795043945,0.9792591333389282
cbam_cnn_hybrid,clnet_hybrid,37.52073669433594,-0.002763249445706606,9.669708251953125,0.9929272532463074
cbam_cnn_hybrid,clnet_transnet,31.85552406311035,0.03451425954699516,12.969952583312988,0.9946252107620239
cbam_cnn_hybrid,cnn_cnn_residual,346.5376281738281,-0.035088617354631424,14.13893985748291,0.954410195350647
cbam_cnn_hybrid,cnn_hybrid,47.063636779785156,-0.043963681906461716,3.6958820819854736,0.9914971590042114
cbam_cnn_hybrid,cnn_transnet,31.981630325317383,0.043797627091407776,3.4212257862091064,0.9935301542282104
cbam_cnn_hybrid,convnext_cnn_residual,681.7218017578125,-0.021289490163326263,36.72713851928711,0.713290810585022
cbam_cnn_hybrid,convnext_hybrid,47.306758880615234,-0.01719171553850174,20.68505859375,0.9875296354293823
cbam_cnn_hybrid,convnext_transnet,35.06212615966797,0.000158737413585186,3.7040207386016846,0.9935745000839233
cbam_cnn_hybrid,crnet_cnn_residual,235.3582305908203,-0.0033397022634744644,15.697579383850098,0.9827319383621216
cbam_cnn_hybrid,crnet_hybrid,34.2131462097168,0.004673227202147245,11.089666366577148,0.9931069016456604
cbam_cnn_hybrid,crnet_transnet,32.12321853637695,-0.038018036633729935,13.406024932861328,0.9942604303359985
cbam_cnn_hybrid,csinet_cnn_residual,215.61424255371094,0.057641759514808655,16.59502601623535,0.9783210158348083
cbam_cnn_hybrid,csinet_hybrid,37.286319732666016,-0.010602078400552273,7.488302230834961,0.9920605421066284
cbam_cnn_hybrid,csinet_transnet,32.05293655395508,-0.004634722135961056,3.8114030361175537,0.9942914843559265
cbam_cnn_hybrid,dscnn_cnn_residual,281.8658447265625,-0.003692339174449444,15.711104393005371,0.9478928446769714
cbam_cnn_hybrid,dscnn_hybrid,38.61832809448242,-0.0066427206620574,3.579460620880127,0.9907807111740112
cbam_cnn_hybrid,dscnn_transnet,32.14476013183594,0.047119613736867905,4.273915767669678,0.9934303164482117
cbam_cnn_hybrid,mlp_ae_cnn_residual,283.189697265625,0.01603313721716404,18.38105010986328,0.955289363861084
cbam_cnn_hybrid,mlp_ae_hybrid,32.17710494995117,-0.02116629108786583,23.15007972717285,0.9937553405761719
cbam_cnn_hybrid,mlp_ae_transnet,31.87783432006836,0.00996137410402298,20.56475830078125,0.9944621324539185
cbam_cnn_hybrid,mlp_mixer_cnn_residual,272.31597900390625,-0.0012050170917063951,14.986651420593262,0.9241909384727478
cbam_cnn_hybrid,mlp_mixer_hybrid,36.46072769165039,-0.14727160334587097,16.754037857055664,0.9936965703964233
cbam_cnn_hybrid,mlp_mixer_transnet,32.33721923828125,-0.07742194086313248,18.91590690612793,0.9944114089012146
cbam_cnn_hybrid,resnet_cnn_residual,495.94183349609375,-0.13269884884357452,11.97881031036377,0.933658242225647
cbam_cnn_hybrid,resnet_hybrid,50.844581604003906,0.0026000647339969873,8.0316162109375,0.9927018284797668
cbam_cnn_hybrid,resnet_transnet,32.245304107666016,-0.007586026564240456,5.259706497192383,0.9877548813819885
cbam_cnn_hybrid,sparse_resnet_cnn_residual,472.03271484375,0.0027479480486363173,12.187084197998047,0.9379580020904541
cbam_cnn_hybrid,sparse_resnet_hybrid,50.668739318847656,-0.005995099898427725,6.913443565368652,0.991864025592804
cbam_cnn_hybrid,sparse_resnet_transnet,32.166378021240234,0.02043139934539795,4.742312431335449,0.9844629168510437
cbam_cnn_hybrid,swin_cnn_residual,160.17124938964844,0.029772350564599037,19.000564575195312,0.9440622329711914
cbam_cnn_hybrid,swin_hybrid,33.321388244628906,-0.006488513667136431,17.08832359313965,0.9919933676719666
cbam_cnn_hybrid,swin_transnet,31.743528366088867,0.08947008848190308,18.882959365844727,0.9939936399459839
cbam_cnn_hybrid,transnet_cnn_residual,277.3818054199219,0.19787439703941345,13.317113876342773,0.9138307571411133
cbam_cnn_hybrid,transnet_hybrid,38.817325592041016,0.0014260505558922887,10.606721878051758,0.9929347634315491
cbam_cnn_hybrid,transnet_transnet,32.634979248046875,-0.010639592073857784,9.964651107788086,0.9891951084136963
cbam_cnn_transnet,clnet_cnn_residual,223.10011291503906,0.03426147252321243,19.05739974975586,0.9775630235671997
cbam_cnn_transnet,clnet_hybrid,20.51490592956543,0.037663888186216354,11.567215919494629,0.991544246673584
cbam_cnn_transnet,clnet_transnet,6.800015449523926,0.007484331727027893,14.849654197692871,0.9940624237060547
cbam_cnn_transnet,cnn_cnn_residual,343.6775817871094,0.053561024367809296,15.938623428344727,0.9547984600067139
cbam_cnn_transnet,cnn_hybrid,33.95040512084961,-0.011826302856206894,3.718953847885132,0.9913121461868286
cbam_cnn_transnet,cnn_transnet,7.761431694030762,0.02842518500983715,4.845178604125977,0.9930145740509033
cbam_cnn_transnet,convnext_cnn_residual,680.5524291992188,-0.035482656210660934,36.363189697265625,0.710939884185791
cbam_cnn_transnet,convnext_hybrid,35.114009857177734,-0.015911148861050606,18.969074249267578,0.9871213436126709
cbam_cnn_transnet,convnext_transnet,15.929960250854492,0.008801148273050785,3.4655439853668213,0.9924530982971191
cbam_cnn_transnet,crnet_cnn_residual,232.84970092773438,0.05151529982686043,17.572494506835938,0.9819355607032776
cbam_cnn_transnet,crnet_hybrid,14.144413948059082,0.0008449072483927011,12.980440139770508,0.9919878244400024
cbam_cnn_transnet,crnet_transnet,6.974157333374023,0.03216201439499855,15.294578552246094,0.9933134317398071
cbam_cnn_transnet,csinet_cnn_residual,215.3299102783203,-0.022996675223112106,18.492753982543945,0.9759457111358643
cbam_cnn_transnet,csinet_hybrid,20.009096145629883,0.012170677073299885,9.353601455688477,0.9908286333084106
cbam_cnn_transnet,csinet_transnet,7.061002254486084,0.05269787460565567,5.453300476074219,0.9935911893844604
cbam_cnn_transnet,dscnn_cnn_residual,280.03826904296875,-0.0036988952197134495,17.60523223876953,0.9443221092224121
cbam_cnn_transnet,dscnn_hybrid,22.533674240112305,0.0012477869167923927,4.712996482849121,0.9891047477722168
cbam_cnn_transnet,dscnn_transnet,8.85583782196045,-0.008883604779839516,3.724534749984741,0.9921170473098755
cbam_cnn_transnet,mlp_ae_cnn_residual,282.7075500488281,-0.11674726009368896,20.272281646728516,0.9525406360626221
cbam_cnn_transnet,mlp_ae_hybrid,7.432521343231201,0.011056870222091675,25.026487350463867,0.993243932723999
cbam_cnn_transnet,mlp_ae_transnet,6.629560470581055,-0.02502903901040554,22.443721771240234,0.9937793016433716
cbam_cnn_transnet,mlp_mixer_cnn_residual,270.2456359863281,0.037810299545526505,16.86345672607422,0.9197292327880859
cbam_cnn_transnet,mlp_mixer_hybrid,14.65919303894043,0.0697629451751709,18.63857078552246,0.9927831292152405
cbam_cnn_transnet,mlp_mixer_transnet,7.054383277893066,0.07497666776180267,20.799489974975586,0.9933853149414062
cbam_cnn_transnet,resnet_cnn_residual,490.761474609375,-0.0014337575994431973,13.593680381774902,0.9345740079879761
cbam_cnn_transnet,resnet_hybrid,39.58616638183594,0.10132910311222076,6.742447853088379,0.9908398389816284
cbam_cnn_transnet,resnet_transnet,8.095065116882324,-0.0365503765642643,6.7701239585876465,0.98774653673172
cbam_cnn_transnet,sparse_resnet_cnn_residual,471.26080322265625,-0.02763696387410164,13.880492210388184,0.9376826286315918
cbam_cnn_transnet,sparse_resnet_hybrid,39.85158920288086,-0.02011885493993759,5.72273063659668,0.9905499219894409
cbam_cnn_transnet,sparse_resnet_transnet,8.225922584533691,-0.0033149709925055504,5.632109642028809,0.9855724573135376
cbam_cnn_transnet,swin_cnn_residual,158.06272888183594,-0.0018826648592948914,20.878538131713867,0.9422622323036194
cbam_cnn_transnet,swin_hybrid,11.463010787963867,0.006793775130063295,18.978473663330078,0.9905847311019897
cbam_cnn_transnet,swin_transnet,6.332756996154785,0.07105842977762222,20.765182495117188,0.9930973649024963
cbam_cnn_transnet,transnet_cnn_residual,281.9052429199219,0.01354884635657072,14.953453063964844,0.914820671081543
cbam_cnn_transnet,transnet_hybrid,23.481334686279297,-0.059663932770490646,12.48486614227295,0.9921325445175171
cbam_cnn_transnet,transnet_transnet,9.290502548217773,-0.000244886614382267,11.773442268371582,0.9896306395530701
clnet_cnn_residual,clnet_hybrid,224.27685546875,-0.008959508500993252,7.976962089538574,0.9780269265174866
clnet_cnn_residual,clnet_transnet,223.29376220703125,-0.01925322785973549,4.599384307861328,0.9809131622314453
clnet_cnn_residual,cnn_cnn_residual,402.594482421875,0.03942549228668213,5.466993808746338,0.9406099915504456
clnet_cnn_residual,cnn_hybrid,226.51646423339844,-0.024975717067718506,18.362152099609375,0.9793579578399658
clnet_cnn_residual,cnn_transnet,222.86178588867188,0.08758235722780228,15.311694145202637,0.9802252054214478
clnet_cnn_residual,convnext_cnn_residual,702.2684326171875,0.06406562775373459,44.41981506347656,0.7041925191879272
clnet_cnn_residual,convnext_hybrid,225.97474670410156,-0.003098347457125783,37.09208679199219,0.9761326909065247
clnet_cnn_residual,convnext_transnet,223.7710418701172,-0.0041559659875929356,19.188762664794922,0.9806599617004395
clnet_cnn_residual,crnet_cnn_residual,320.7925720214844,0.01203868817538023,2.8839128017425537,0.9698378443717957
clnet_cnn_residual,crnet_hybrid,223.22654724121094,0.028431672602891922,6.477670192718506,0.9807068705558777
clnet_cnn_residual,crnet_transnet,223.3764190673828,-0.03890519216656685,4.196222305297852,0.9811199903488159
clnet_cnn_residual,csinet_cnn_residual,312.53192138671875,-0.01645912602543831,2.705077886581421,0.9627345204353333
clnet_cnn_residual,csinet_hybrid,222.64752197265625,0.0730629488825798,10.308510780334473,0.9792394638061523
clnet_cnn_residual,csinet_transnet,223.2394256591797,0.004513521678745747,14.423229217529297,0.981030285358429
clnet_cnn_residual,dscnn_cnn_residual,369.0202941894531,-0.06382282078266144,4.303534507751465,0.9364476799964905
clnet_cnn_residual,dscnn_hybrid,223.68882751464844,0.027132509276270866,16.516822814941406,0.9767301678657532
clnet_cnn_residual,dscnn_transnet,223.28518676757812,0.0044462112709879875,20.025487899780273,0.9793676137924194
clnet_cnn_residual,mlp_ae_cnn_residual,366.00494384765625,-0.03701547905802727,3.178783893585205,0.9413628578186035
clnet_cnn_residual,mlp_ae_hybrid,223.37208557128906,-0.02684350311756134,6.342348575592041,0.9813258647918701
clnet_cnn_residual,mlp_ae_transnet,223.21592712402344,0.010017527267336845,3.916830539703369,0.9812163710594177
clnet_cnn_residual,mlp_mixer_cnn_residual,351.9627990722656,-0.007668912876397371,5.988656997680664,0.9101133346557617
clnet_cnn_residual,mlp_mixer_hybrid,223.3067169189453,0.024840136989951134,1.8546068668365479,0.9809684753417969
clnet_cnn_residual,mlp_mixer_transnet,223.4862823486328,-0.06150415539741516,2.5568959712982178,0.9811583757400513
clnet_cnn_residual,resnet_cnn_residual,547.1156616210938,-0.03974229469895363,9.17475700378418,0.9213513135910034
clnet_cnn_residual,resnet_hybrid,223.25843811035156,0.08818978071212769,24.325092315673828,0.9797073602676392
clnet_cnn_residual,resnet_transnet,223.36068725585938,-0.016463836655020714,13.621935844421387,0.9758113026618958
clnet_cnn_residual,sparse_resnet_cnn_residual,508.8092041015625,0.06099504977464676,8.601783752441406,0.924496054649353
clnet_cnn_residual,sparse_resnet_hybrid,225.7134246826172,0.024125322699546814,22.987041473388672,0.9790781736373901
clnet_cnn_residual,sparse_resnet_transnet,222.96209716796875,0.06188400089740753,15.695243835449219,0.9747335910797119
clnet_cnn_residual,swin_cnn_residual,272.010498046875,0.011079790070652962,3.5595366954803467,0.9290084838867188
clnet_cnn_residual,swin_hybrid,223.48214721679688,-0.004935696255415678,1.8876434564590454,0.9794049263000488
clnet_cnn_residual,swin_transnet,223.27423095703125,-0.03151308372616768,2.5248448848724365,0.9813606142997742
clnet_cnn_residual,transnet_cnn_residual,354.4959411621094,0.02893596515059471,8.507940292358398,0.9036369919776917
clnet_cnn_residual,transnet_hybrid,224.85116577148438,-0.02340407483279705,6.981346607208252,0.980130672454834
clnet_cnn_residual,transnet_transnet,223.46417236328125,-0.01935007981956005,7.864115238189697,0.9770508408546448
clnet_hybrid,clnet_transnet,19.88372802734375,0.023167861625552177,3.79091477394104,0.9950408935546875
clnet_hybrid,cnn_cnn_residual,344.388916015625,0.006860293447971344,5.743307590484619,0.9556695222854614
clnet_hybrid,cnn_hybrid,38.88951873779297,-0.010187751613557339,10.886703491210938,0.9920029044151306
clnet_hybrid,cnn_transnet,20.427215576171875,-0.021533388644456863,7.793255805969238,0.9942602515220642
clnet_hybrid,convnext_cnn_residual,679.7900390625,0.04034433886408806,40.14631652832031,0.7177937626838684
clnet_hybrid,convnext_hybrid,39.99536895751953,-0.01631489396095276,29.580047607421875,0.988777756690979
clnet_hybrid,convnext_transnet,24.575937271118164,0.004671396221965551,11.658940315246582,0.993507444858551
clnet_hybrid,crnet_cnn_residual,232.4584503173828,0.07424639165401459,6.518003463745117,0.9836177825927734
clnet_hybrid,crnet_hybrid,23.58551597595215,-0.00952694658190012,2.338580846786499,0.9937683939933777
clnet_hybrid,crnet_transnet,19.628549575805664,0.12470987439155579,4.200540065765381,0.9947712421417236
clnet_hybrid,csinet_cnn_residual,216.1374969482422,-0.006971079856157303,7.444084167480469,0.9771735072135925
clnet_hybrid,csinet_hybrid,27.49051856994629,-0.001519806683063507,3.1687912940979004,0.9934827089309692
clnet_hybrid,csinet_transnet,19.98224639892578,0.029982004314661026,6.898039817810059,0.9949443340301514
clnet_hybrid,dscnn_cnn_residual,282.25714111328125,-0.08216451853513718,7.0344672203063965,0.9459437131881714
clnet_hybrid,dscnn_hybrid,29.31629753112793,-4.366808570921421e-05,9.047205924987793,0.991776168346405
clnet_hybrid,dscnn_transnet,20.74356460571289,-0.00514262355864048,12.46468734741211,0.9936736822128296
clnet_hybrid,mlp_ae_cnn_residual,282.6039123535156,-0.00031951977871358395,9.197555541992188,0.956208348274231
clnet_hybrid,mlp_ae_hybrid,20.16663360595703,0.0025843617040663958,13.807502746582031,0.9947080016136169
clnet_hybrid,mlp_ae_transnet,19.866424560546875,-0.0005213958211243153,11.22757625579834,0.9948940277099609
clnet_hybrid,mlp_mixer_cnn_residual,271.4684143066406,-0.01708555780351162,6.927547931671143,0.923902153968811
clnet_hybrid,mlp_mixer_hybrid,24.372684478759766,-0.029255041852593422,7.451523780822754,0.9939194917678833
clnet_hybrid,mlp_mixer_transnet,19.766555786132812,0.09427434206008911,9.583574295043945,0.9949635863304138
clnet_hybrid,resnet_cnn_residual,491.0924072265625,0.0009038548450917006,6.168764114379883,0.933815598487854
clnet_hybrid,resnet_hybrid,44.33444595336914,0.0021614248398691416,16.780075073242188,0.9926943778991699
clnet_hybrid,resnet_transnet,20.04056739807129,0.06718163192272186,6.390048027038574,0.9892238974571228
clnet_hybrid,sparse_resnet_cnn_residual,471.4132995605469,0.0023634079843759537,5.844932556152344,0.9387925267219543
clnet_hybrid,sparse_resnet_hybrid,43.911277770996094,0.0008617353159934282,15.456686019897461,0.9922299981117249
clnet_hybrid,sparse_resnet_transnet,20.604881286621094,-0.027793938294053078,8.48782730102539,0.986337423324585
clnet_hybrid,swin_cnn_residual,159.17355346679688,-0.0007725234027020633,9.826394081115723,0.9442193508148193
clnet_hybrid,swin_hybrid,21.986865997314453,0.0002695161383599043,7.7896809577941895,0.9922845363616943
clnet_hybrid,swin_transnet,19.772808074951172,0.030762873589992523,9.546228408813477,0.9949862957000732
clnet_hybrid,transnet_cnn_residual,282.6606750488281,-0.002441134536638856,6.812821865081787,0.9153143167495728
clnet_hybrid,transnet_hybrid,28.43012809753418,0.0883398950099945,2.114741325378418,0.99346524477005
clnet_hybrid,transnet_transnet,20.916797637939453,0.00030400417745113373,2.3797788619995117,0.9900010228157043
clnet_transnet,cnn_cnn_residual,343.8992919921875,0.02552800439298153,3.8306267261505127,0.9586589336395264
clnet_transnet,cnn_hybrid,33.26533508300781,0.04914932698011398,14.167282104492188,0.9945183396339417
clnet_transnet,cnn_transnet,5.58141565322876,-0.06530918180942535,11.070723533630371,0.9965139031410217
clnet_transnet,convnext_cnn_residual,680.24169921875,0.02415919303894043,41.97269058227539,0.7156785726547241
clnet_transnet,convnext_hybrid,34.52909469604492,0.007808084599673748,32.931175231933594,0.9912285208702087
clnet_transnet,convnext_transnet,14.857488632202148,0.028489407151937485,14.975565910339355,0.9959691762924194
clnet_transnet,crnet_cnn_residual,232.89590454101562,0.07837766408920288,3.289475917816162,0.9852533340454102
clnet_transnet,crnet_hybrid,13.122077941894531,-0.06562045216560364,2.371476650238037,0.9959326386451721
clnet_transnet,crnet_transnet,3.986882209777832,0.09484594315290451,1.1384230852127075,0.9968104362487793
clnet_transnet,csinet_cnn_residual,215.30148315429688,-0.07215210795402527,4.1309733390808105,0.980038046836853
clnet_transnet,csinet_hybrid,19.38680076599121,-0.04932740330696106,6.123946666717529,0.9945958852767944
clnet_transnet,csinet_transnet,4.306613445281982,0.06613856554031372,10.172977447509766,0.9971477389335632
clnet_transnet,dscnn_cnn_residual,280.1291198730469,-0.06487168371677399,4.352745532989502,0.9497394561767578
clnet_transnet,dscnn_hybrid,21.658536911010742,0.057398438453674316,12.312694549560547,0.9934673309326172
clnet_transnet,dscnn_transnet,6.746908187866211,-0.006347626447677612,15.799432754516602,0.995823085308075
clnet_transnet,mlp_ae_cnn_residual,281.7913513183594,0.04769236594438553,5.894983768463135,0.9571894407272339
clnet_transnet,mlp_ae_hybrid,4.819183826446533,0.007300851866602898,10.317927360534668,0.9966546297073364
clnet_transnet,mlp_ae_transnet,3.4233219623565674,-0.07756869494915009,7.727572441101074,0.9972917437553406
clnet_transnet,mlp_mixer_cnn_residual,270.2320861816406,0.07204600423574448,5.110619068145752,0.9256429672241211
clnet_transnet,mlp_mixer_hybrid,14.062328338623047,-0.04518613964319229,3.9525833129882812,0.9964444041252136
clnet_transnet,mlp_mixer_transnet,4.586713790893555,-0.009964583441615105,6.079720973968506,0.9972569942474365
clnet_transnet,resnet_cnn_residual,490.87841796875,-0.05996372178196907,6.4559831619262695,0.9377092123031616
clnet_transnet,resnet_hybrid,39.90803527832031,-0.03530372306704521,20.122928619384766,0.9951984882354736
clnet_transnet,resnet_transnet,5.6374030113220215,-0.03532738238573074,9.472092628479004,0.9914340972900391
clnet_transnet,sparse_resnet_cnn_residual,471.36285400390625,-0.11694569140672684,6.015807628631592,0.9393901228904724
clnet_transnet,sparse_resnet_hybrid,39.1457633972168,0.06450250744819641,18.788673400878906,0.994622528553009
clnet_transnet,sparse_resnet_transnet,5.874453067779541,0.01829543709754944,11.613654136657715,0.9881747364997864
clnet_transnet,swin_cnn_residual,157.8774871826172,0.026707200333476067,6.5102081298828125,0.945412814617157
clnet_transnet,swin_hybrid,10.082921028137207,-0.036516688764095306,4.308138370513916,0.9946169257164001
clnet_transnet,swin_transnet,3.0594112873077393,-0.0633450374007225,6.0440568923950195,0.9971671104431152
clnet_transnet,transnet_cnn_residual,281.78826904296875,0.05450480431318283,6.4394450187683105,0.9182504415512085
clnet_transnet,transnet_hybrid,22.389434814453125,0.00832741241902113,2.824579954147339,0.9959131479263306
clnet_transnet,transnet_transnet,7.367201328277588,-0.011189321056008339,3.812011241912842,0.9925619959831238
cnn_cnn_residual,cnn_hybrid,345.6239318847656,-0.001808192115277052,15.242603302001953,0.9566415548324585
cnn_cnn_residual,cnn_transnet,343.8761901855469,0.023889105767011642,12.310193061828613,0.9566088914871216
cnn_cnn_residual,convnext_cnn_residual,761.257568359375,0.0034233424812555313,42.62074661254883,0.6797391176223755
cnn_cnn_residual,convnext_hybrid,343.9477233886719,0.05033818259835243,33.81311798095703,0.9509276151657104
cnn_cnn_residual,convnext_transnet,344.3406982421875,-0.004780471324920654,16.068920135498047,0.9564834833145142
cnn_cnn_residual,crnet_cnn_residual,423.0255126953125,-0.03937751427292824,4.625576496124268,0.9456280469894409
cnn_cnn_residual,crnet_hybrid,343.9105529785156,0.022074082866311073,4.664524555206299,0.9577512741088867
cnn_cnn_residual,crnet_transnet,343.63934326171875,0.10266388207674026,3.7783899307250977,0.9586033821105957
cnn_cnn_residual,csinet_cnn_residual,400.3354797363281,0.029081959277391434,5.101548671722412,0.942060649394989
cnn_cnn_residual,csinet_hybrid,344.6791076660156,-0.01018202118575573,7.702195167541504,0.9552493691444397
cnn_cnn_residual,csinet_transnet,344.0459899902344,-0.01977698504924774,11.397170066833496,0.9594705104827881
cnn_cnn_residual,dscnn_cnn_residual,438.3149719238281,0.023653952404856682,5.445310592651367,0.9124016761779785
cnn_cnn_residual,dscnn_hybrid,344.61737060546875,0.0009255703771486878,13.475716590881348,0.9543560147285461
cnn_cnn_residual,dscnn_transnet,343.8106994628906,0.03260066360235214,16.849409103393555,0.9573295712471008
cnn_cnn_residual,mlp_ae_cnn_residual,442.74871826171875,0.009026458486914635,6.450873374938965,0.9191291928291321
cnn_cnn_residual,mlp_ae_hybrid,344.0008850097656,-0.005031876731663942,10.320924758911133,0.9586706161499023
cnn_cnn_residual,mlp_ae_transnet,344.06915283203125,-0.05423072725534439,7.959503650665283,0.9580631256103516
cnn_cnn_residual,mlp_mixer_cnn_residual,422.0852355957031,0.07134763896465302,6.150805473327637,0.8907506465911865
cnn_cnn_residual,mlp_mixer_hybrid,343.5853271484375,0.04701992869377136,4.9640069007873535,0.9563255310058594
cnn_cnn_residual,mlp_mixer_transnet,344.126708984375,-0.04033874720335007,6.551973342895508,0.9574919939041138
cnn_cnn_residual,resnet_cnn_residual,580.4635620117188,0.06566646695137024,7.880374431610107,0.8941676616668701
cnn_cnn_residual,resnet_hybrid,346.1076965332031,0.0034354147501289845,21.103792190551758,0.9561566114425659
cnn_cnn_residual,resnet_transnet,343.5292663574219,0.09461195766925812,10.835331916809082,0.9496304988861084
cnn_cnn_residual,sparse_resnet_cnn_residual,574.0160522460938,0.0330071784555912,7.2174296379089355,0.904376745223999
cnn_cnn_residual,sparse_resnet_hybrid,342.6354064941406,0.09064308553934097,19.794174194335938,0.9553951025009155
cnn_cnn_residual,sparse_resnet_transnet,343.97149658203125,0.0049088941887021065,12.864882469177246,0.9462831616401672
cnn_cnn_residual,swin_cnn_residual,380.2825622558594,-0.012591361068189144,6.911356449127197,0.9109461307525635
cnn_cnn_residual,swin_hybrid,344.0099182128906,0.008482106029987335,5.180346965789795,0.9557656049728394
cnn_cnn_residual,swin_transnet,343.9244689941406,0.02562379464507103,6.511981964111328,0.9581210017204285
cnn_cnn_residual,transnet_cnn_residual,444.45819091796875,0.0012493242975324392,7.880645751953125,0.8703079223632812
cnn_cnn_residual,transnet_hybrid,344.83563232421875,-0.007192610763013363,5.033819675445557,0.9563994407653809
cnn_cnn_residual,transnet_transnet,343.7391052246094,0.04174406826496124,5.678725242614746,0.9547780752182007
cnn_hybrid,cnn_transnet,33.6319580078125,-0.0012814109213650227,4.222286701202393,0.9936466217041016
cnn_hybrid,convnext_cnn_residual,683.410400390625,-0.06916210055351257,36.46223068237305,0.7123045325279236
cnn_hybrid,convnext_hybrid,47.89285659790039,0.0005030492320656776,19.544546127319336,0.9878501296043396
cnn_hybrid,convnext_transnet,35.770423889160156,0.0456235371530056,3.358753204345703,0.9931833744049072
cnn_hybrid,crnet_cnn_residual,234.46031188964844,0.03008946217596531,16.863632202148438,0.9841920137405396
cnn_hybrid,crnet_hybrid,35.67094421386719,-0.004082030151039362,12.263092041015625,0.9934860467910767
cnn_hybrid,crnet_transnet,33.40371322631836,0.013498304411768913,14.604207992553711,0.9941274523735046
cnn_hybrid,csinet_cnn_residual,219.69044494628906,-0.06216689944267273,17.809255599975586,0.976883053779602
cnn_hybrid,csinet_hybrid,38.2211799621582,0.008813897147774696,8.624260902404785,0.9922071695327759
cnn_hybrid,csinet_transnet,33.40249252319336,0.02214568294584751,4.767391681671143,0.9944013357162476
cnn_hybrid,dscnn_cnn_residual,281.8951416015625,0.00066092744236812,16.8990535736084,0.9469272494316101
cnn_hybrid,dscnn_hybrid,39.281620025634766,0.023472195491194725,4.0980224609375,0.9905602335929871
cnn_hybrid,dscnn_transnet,34.24941635131836,-0.06436880677938461,3.69838809967041,0.9931734800338745
cnn_hybrid,mlp_ae_cnn_residual,284.1305847167969,-0.008062534965574741,19.56593894958496,0.9557754993438721
cnn_hybrid,mlp_ae_hybrid,33.42511749267578,0.027254663407802582,24.350509643554688,0.9938408136367798
cnn_hybrid,mlp_ae_transnet,33.340171813964844,0.00409441813826561,21.763219833374023,0.9947293996810913
cnn_hybrid,mlp_mixer_cnn_residual,266.8036804199219,0.1691690981388092,16.20696449279785,0.9204427003860474
cnn_hybrid,mlp_mixer_hybrid,36.065277099609375,-0.005531453061848879,17.960956573486328,0.9931235313415527
cnn_hybrid,mlp_mixer_transnet,33.26703643798828,0.06200356036424637,20.11431312561035,0.9945613145828247
cnn_hybrid,resnet_cnn_residual,492.0501403808594,-0.006323791109025478,12.98742961883545,0.9347520470619202
cnn_hybrid,resnet_hybrid,52.095550537109375,-0.010411904193460941,7.093142986297607,0.9921272397041321
cnn_hybrid,resnet_transnet,33.73515701293945,-0.01846258156001568,6.216159820556641,0.9876304864883423
cnn_hybrid,sparse_resnet_cnn_residual,472.1861572265625,0.0010267812758684158,13.34143352508545,0.9355570077896118
cnn_hybrid,sparse_resnet_hybrid,51.124141693115234,0.012760749086737633,5.936072826385498,0.9922035932540894
cnn_hybrid,sparse_resnet_transnet,33.14390563964844,0.10702461749315262,5.212254047393799,0.9855057001113892
cnn_hybrid,swin_cnn_residual,162.3482666015625,-0.029301108792424202,20.193668365478516,0.9438068866729736
cnn_hybrid,swin_hybrid,34.65119552612305,0.00045018072705715895,18.298765182495117,0.9911117553710938
cnn_hybrid,swin_transnet,33.24699783325195,0.05201223865151405,20.08251953125,0.9940193295478821
cnn_hybrid,transnet_cnn_residual,283.77349853515625,0.003193466691300273,14.382063865661621,0.9137057065963745
cnn_hybrid,transnet_hybrid,39.4542121887207,0.031605642288923264,11.774046897888184,0.9933772087097168
cnn_hybrid,transnet_transnet,34.03779983520508,-0.007698391564190388,11.125344276428223,0.9893680810928345
cnn_transnet,convnext_cnn_residual,680.3510131835938,-0.007155200932174921,37.1673698425293,0.7162719964981079
cnn_transnet,convnext_hybrid,34.95820617675781,-0.039640873670578,22.300792694091797,0.9901485443115234
cnn_transnet,convnext_transnet,15.737997055053711,-0.06657332926988602,4.634665012359619,0.9954776763916016
cnn_transnet,crnet_cnn_residual,233.3988494873047,-0.055279966443777084,13.815978050231934,0.9849705696105957
cnn_transnet,crnet_hybrid,13.474942207336426,0.013686148449778557,9.17891788482666,0.995180070400238
cnn_transnet,crnet_transnet,5.702330112457275,0.014696570113301277,11.511465072631836,0.9960872530937195
cnn_transnet,csinet_cnn_residual,215.1333770751953,0.00268569216132164,14.712705612182617,0.9808949828147888
cnn_transnet,csinet_hybrid,19.611175537109375,0.00941288098692894,5.600338459014893,0.9940357804298401
cnn_transnet,csinet_transnet,5.765973091125488,0.05894884094595909,2.2598001956939697,0.9962151646614075
cnn_transnet,dscnn_cnn_residual,279.6796569824219,0.06431937217712402,13.880833625793457,0.9494954347610474
cnn_transnet,dscnn_hybrid,22.133155822753906,0.006087943445891142,3.3094518184661865,0.9922748804092407
cnn_transnet,dscnn_transnet,7.752884387969971,0.011053962633013725,5.385646820068359,0.9953083992004395
cnn_transnet,mlp_ae_cnn_residual,282.2196960449219,-0.05792851746082306,16.520296096801758,0.9571871757507324
cnn_transnet,mlp_ae_hybrid,6.150671482086182,0.025916803628206253,21.287137985229492,0.995746374130249
cnn_transnet,mlp_ae_transnet,5.07914924621582,0.029711565002799034,18.6940975189209,0.9965389966964722
cnn_transnet,mlp_mixer_cnn_residual,270.36810302734375,0.017645934596657753,13.282732963562012,0.9228652715682983
cnn_transnet,mlp_mixer_hybrid,14.550628662109375,-0.013940900564193726,14.87619686126709,0.9953584671020508
cnn_transnet,mlp_mixer_transnet,5.97724723815918,0.01581699401140213,17.038415908813477,0.9966094493865967
cnn_transnet,resnet_cnn_residual,490.82037353515625,-0.01797647401690483,10.322653770446777,0.9361995458602905
cnn_transnet,resnet_hybrid,40.37857437133789,-0.07904127240180969,9.58926773071289,0.9938036203384399
cnn_transnet,resnet_transnet,6.909675598144531,-0.030996903777122498,3.7234578132629395,0.9902524948120117
cnn_transnet,sparse_resnet_cnn_residual,471.204345703125,-0.028499014675617218,10.450898170471191,0.9414220452308655
cnn_transnet,sparse_resnet_hybrid,38.22358322143555,0.26942571997642517,8.317924499511719,0.9936389923095703
cnn_transnet,sparse_resnet_transnet,7.107837200164795,-0.0011067427694797516,3.770235061645508,0.9882423877716064
cnn_transnet,swin_cnn_residual,158.01162719726562,-0.003045879304409027,17.18012809753418,0.9425594806671143
cnn_transnet,swin_hybrid,10.858692169189453,-0.029216382652521133,15.209815979003906,0.9938355684280396
cnn_transnet,swin_transnet,4.790760040283203,0.10748103260993958,17.008033752441406,0.9959481954574585
cnn_transnet,transnet_cnn_residual,281.92706298828125,0.006997617427259684,11.570170402526855,0.9186259508132935
cnn_transnet,transnet_hybrid,22.722179412841797,0.006708358880132437,8.694123268127441,0.9950175881385803
cnn_transnet,transnet_transnet,8.273720741271973,0.01322624459862709,8.06503677368164,0.991454541683197
convnext_cnn_residual,convnext_hybrid,681.2943725585938,-0.003551915055140853,36.88655090332031,0.7121520638465881
convnext_cnn_residual,convnext_transnet,680.5709228515625,-0.0076034339144825935,36.15438461303711,0.7152982950210571
convnext_cnn_residual,crnet_cnn_residual,711.312744140625,0.035231731832027435,43.533912658691406,0.706063449382782
convnext_cnn_residual,crnet_hybrid,680.5528564453125,-0.01058515440672636,40.948543548583984,0.7146663069725037
convnext_cnn_residual,crnet_transnet,680.4441528320312,-0.04194674268364906,42.206626892089844,0.7159441709518433
convnext_cnn_residual,csinet_cnn_residual,717.8218383789062,-0.021164435893297195,44.027103424072266,0.7067400217056274
convnext_cnn_residual,csinet_hybrid,681.1947021484375,-0.03288732469081879,39.154571533203125,0.7132184505462646
convnext_cnn_residual,csinet_transnet,680.5049438476562,-0.05458008125424385,37.53825378417969,0.7137168049812317
convnext_cnn_residual,dscnn_cnn_residual,744.9825439453125,-0.03628620132803917,43.44089126586914,0.6832581758499146
convnext_cnn_residual,dscnn_hybrid,681.9732055664062,-0.06144625321030617,36.83100128173828,0.7157935500144958
convnext_cnn_residual,dscnn_transnet,679.8903198242188,0.07084109634160995,35.99014663696289,0.7151581645011902
convnext_cnn_residual,mlp_ae_cnn_residual,732.3460693359375,0.015509342774748802,45.19871139526367,0.682792603969574
convnext_cnn_residual,mlp_ae_hybrid,680.2589111328125,0.013279380276799202,48.34553909301758,0.7142245769500732
convnext_cnn_residual,mlp_ae_transnet,680.3446044921875,-0.020923160016536713,46.588993072509766,0.7173029184341431
convnext_cnn_residual,mlp_mixer_cnn_residual,736.8403930664062,-0.01903451234102249,43.188865661621094,0.6481982469558716
convnext_cnn_residual,mlp_mixer_hybrid,679.8624877929688,0.042051952332258224,44.19613265991211,0.7132821083068848
convnext_cnn_residual,mlp_mixer_transnet,680.3109130859375,-5.79876359552145e-05,45.51634216308594,0.7170872092247009
convnext_cnn_residual,resnet_cnn_residual,873.3648071289062,-0.08860565721988678,41.05588912963867,0.6712393760681152
convnext_cnn_residual,resnet_hybrid,682.624267578125,-0.029394790530204773,35.41902160644531,0.7147701978683472
convnext_cnn_residual,resnet_transnet,680.6995849609375,-0.07816740870475769,37.99552917480469,0.7087286114692688
convnext_cnn_residual,sparse_resnet_cnn_residual,831.8323364257812,-0.011315889656543732,41.34867858886719,0.6684049963951111
convnext_cnn_residual,sparse_resnet_hybrid,679.9862670898438,0.0368405282497406,35.830238342285156,0.7085293531417847
convnext_cnn_residual,sparse_resnet_transnet,680.4056396484375,-0.015970470383763313,37.25027847290039,0.7109378576278687
convnext_cnn_residual,swin_cnn_residual,700.2698364257812,-0.012231684289872646,45.66769790649414,0.665427565574646
convnext_cnn_residual,swin_hybrid,680.2998657226562,0.007152114063501358,44.37274932861328,0.7144917845726013
convnext_cnn_residual,swin_transnet,680.246826171875,0.04034790024161339,45.543128967285156,0.7109090089797974
convnext_cnn_residual,transnet_cnn_residual,739.5713500976562,-0.012195151299238205,41.9958610534668,0.6461657881736755
convnext_cnn_residual,transnet_hybrid,680.55078125,0.005112308077514172,40.727439880371094,0.7128980755805969
convnext_cnn_residual,transnet_transnet,680.7952270507812,-0.06727414578199387,40.285457611083984,0.7143121361732483
convnext_hybrid,convnext_transnet,37.33072280883789,0.008890965953469276,18.61838722229004,0.9898440837860107
convnext_hybrid,crnet_cnn_residual,234.44760131835938,0.03433231636881828,35.62666702270508,0.9785630106925964
convnext_hybrid,crnet_hybrid,36.61859130859375,0.007411094382405281,30.999980926513672,0.9903700351715088
convnext_hybrid,crnet_transnet,34.68525314331055,-0.026544786989688873,33.35983657836914,0.9912320971488953
convnext_hybrid,csinet_cnn_residual,218.3675994873047,-0.015681443735957146,36.53759002685547,0.9727309942245483
convnext_hybrid,csinet_hybrid,39.241458892822266,0.008053772151470184,27.297042846679688,0.9871331453323364
convnext_hybrid,csinet_transnet,34.868682861328125,-0.06664490699768066,23.12514877319336,0.9906238913536072
convnext_hybrid,dscnn_cnn_residual,281.49566650390625,0.016374574974179268,35.4580078125,0.9446254372596741
convnext_hybrid,dscnn_hybrid,38.935855865478516,0.0933978334069252,21.381933212280273,0.9866940975189209
convnext_hybrid,dscnn_transnet,35.12767791748047,-0.021167956292629242,17.85421371459961,0.9897977709770203
convnext_hybrid,mlp_ae_cnn_residual,283.9169616699219,0.0024946988560259342,38.276920318603516,0.9512689709663391
convnext_hybrid,mlp_ae_hybrid,34.628665924072266,0.013839210383594036,43.10344696044922,0.9900944828987122
convnext_hybrid,mlp_ae_transnet,34.432411193847656,0.03639645129442215,40.524497985839844,0.991135835647583
convnext_hybrid,mlp_mixer_cnn_residual,271.9906311035156,0.01768261194229126,34.54387283325195,0.9180835485458374
convnext_hybrid,mlp_mixer_hybrid,37.64603805541992,-0.04573443904519081,36.72507858276367,0.9897677898406982
convnext_hybrid,mlp_mixer_transnet,34.603271484375,0.012005123309791088,38.8802375793457,0.9909708499908447
convnext_hybrid,resnet_cnn_residual,491.20538330078125,0.02077808976173401,30.877836227416992,0.9329891204833984
convnext_hybrid,resnet_hybrid,52.70954895019531,-0.004919961094856262,14.107292175292969,0.9881787896156311
convnext_hybrid,resnet_transnet,35.45549392700195,-0.13857638835906982,24.22574806213379,0.984997570514679
convnext_hybrid,sparse_resnet_cnn_residual,468.9107971191406,0.09839029610157013,31.259593963623047,0.9369807243347168
convnext_hybrid,sparse_resnet_hybrid,52.47827911376953,-0.010560193099081516,15.265177726745605,0.9884418249130249
convnext_hybrid,sparse_resnet_transnet,34.90505599975586,-0.010211102664470673,22.405241012573242,0.9824186563491821
convnext_hybrid,swin_cnn_residual,162.23130798339844,-0.017619570717215538,38.93497848510742,0.9352129697799683
convnext_hybrid,swin_hybrid,35.84783172607422,-0.008512870408594608,37.05754470825195,0.9878038167953491
convnext_hybrid,swin_transnet,34.440345764160156,0.025300322100520134,38.842777252197266,0.9910047650337219
convnext_hybrid,transnet_cnn_residual,285.45379638671875,-0.04212086647748947,32.245567321777344,0.9134106636047363
convnext_hybrid,transnet_hybrid,41.00486755371094,0.0003188210539519787,30.520246505737305,0.9895479679107666
convnext_hybrid,transnet_transnet,35.246768951416016,-0.018762972205877304,29.762107849121094,0.9868779182434082
convnext_transnet,crnet_cnn_residual,233.65809631347656,-0.007270507980138063,17.69260597229004,0.9850361347198486
convnext_transnet,crnet_hybrid,19.36161231994629,0.004838626831769943,13.049187660217285,0.9951283931732178
convnext_transnet,crnet_transnet,15.166895866394043,-0.037936531007289886,15.411755561828613,0.9957111477851868
convnext_transnet,csinet_cnn_residual,215.1356201171875,0.03131689131259918,18.63222312927246,0.9782094359397888
convnext_transnet,csinet_hybrid,24.225727081298828,-0.012718340381979942,9.40167236328125,0.9929122924804688
convnext_transnet,csinet_transnet,14.98399829864502,0.03979578614234924,5.315626621246338,0.9959878921508789
convnext_transnet,dscnn_cnn_residual,281.42303466796875,-0.07463101297616959,17.67721939086914,0.9496932029724121
convnext_transnet,dscnn_hybrid,26.368776321411133,-0.016865920275449753,4.259939670562744,0.9926350116729736
convnext_transnet,dscnn_transnet,16.38361930847168,-0.07815881073474884,3.0280163288116455,0.9948337078094482
convnext_transnet,mlp_ae_cnn_residual,282.4071044921875,-0.008110548369586468,20.388647079467773,0.957468569278717
convnext_transnet,mlp_ae_hybrid,15.13241195678711,0.027687227353453636,25.192420959472656,0.9958133697509766
convnext_transnet,mlp_ae_transnet,14.873254776000977,-0.024296309798955917,22.602954864501953,0.9959650635719299
convnext_transnet,mlp_mixer_cnn_residual,270.0038146972656,0.05480647087097168,16.924484252929688,0.9245831966400146
convnext_transnet,mlp_mixer_hybrid,19.88028907775879,0.02023247443139553,18.77897071838379,0.9951585531234741
convnext_transnet,mlp_mixer_transnet,15.137557029724121,0.005445379763841629,20.94780921936035,0.9960461854934692
convnext_transnet,resnet_cnn_residual,490.613037109375,0.021724825724959373,13.764595985412598,0.9341683983802795
convnext_transnet,resnet_hybrid,42.01481246948242,0.024724846705794334,6.137915134429932,0.994052529335022
convnext_transnet,resnet_transnet,15.104203224182129,0.08104248344898224,6.757883548736572,0.9894840121269226
convnext_transnet,sparse_resnet_cnn_residual,470.84857177734375,0.028987353667616844,13.955962181091309,0.9402100443840027
convnext_transnet,sparse_resnet_hybrid,41.89849090576172,-0.0006707243155688047,5.155217170715332,0.9932674169540405
convnext_transnet,sparse_resnet_transnet,15.473695755004883,0.028852635994553566,5.640279293060303,0.986477255821228
convnext_transnet,swin_cnn_residual,158.06756591796875,0.03688931465148926,21.03264808654785,0.9441041946411133
convnext_transnet,swin_hybrid,17.65216636657715,-0.010246641933918,19.107999801635742,0.9938777685165405
convnext_transnet,swin_transnet,14.681329727172852,0.05622653663158417,20.91693115234375,0.995396077632904
convnext_transnet,transnet_cnn_residual,282.0533142089844,0.017013154923915863,15.08375072479248,0.9157477617263794
convnext_transnet,transnet_hybrid,27.172401428222656,-0.04154404625296593,12.568392753601074,0.9946362972259521
convnext_transnet,transnet_transnet,16.400056838989258,-0.030793584883213043,11.873384475708008,0.9914255142211914
crnet_cnn_residual,crnet_hybrid,234.0564727783203,-0.049288902431726456,5.052977561950684,0.9853801131248474
crnet_cnn_residual,crnet_transnet,232.86122131347656,0.07716093957424164,2.932506561279297,0.9853964447975159
crnet_cnn_residual,csinet_cnn_residual,308.6341247558594,0.05326243117451668,2.7544901371002197,0.9683164358139038
crnet_cnn_residual,csinet_hybrid,234.8516845703125,-0.05185772851109505,8.84769058227539,0.9835346341133118
crnet_cnn_residual,csinet_transnet,233.27037048339844,-0.04318627342581749,12.935317039489746,0.9852890372276306
crnet_cnn_residual,dscnn_cnn_residual,372.9529724121094,-0.04899920895695686,3.9695932865142822,0.938929557800293
crnet_cnn_residual,dscnn_hybrid,234.06097412109375,0.0014344740193337202,15.023799896240234,0.9819762706756592
crnet_cnn_residual,dscnn_transnet,233.76715087890625,-0.09653685986995697,18.53276252746582,0.983755886554718
crnet_cnn_residual,mlp_ae_cnn_residual,362.4945373535156,0.018252627924084663,3.9936211109161377,0.9453224539756775
crnet_cnn_residual,mlp_ae_hybrid,233.17977905273438,-0.013845564797520638,7.814783573150635,0.9839739203453064
crnet_cnn_residual,mlp_ae_transnet,233.12184143066406,-0.012580710463225842,5.315104961395264,0.9853277206420898
crnet_cnn_residual,mlp_mixer_cnn_residual,359.9252624511719,-0.01661248691380024,5.280086040496826,0.9192603230476379
crnet_cnn_residual,mlp_mixer_hybrid,234.9525909423828,-0.10731429606676102,2.172353744506836,0.9850714206695557
crnet_cnn_residual,mlp_mixer_transnet,232.94284057617188,0.04722414165735245,3.7873141765594482,0.9858250617980957
crnet_cnn_residual,resnet_cnn_residual,550.6798706054688,-0.03549323230981827,8.150298118591309,0.9241960644721985
crnet_cnn_residual,resnet_hybrid,236.2808380126953,0.0043151406571269035,22.836727142333984,0.9835340976715088
crnet_cnn_residual,resnet_transnet,233.06121826171875,0.016109874472022057,12.14090633392334,0.9810539484024048
crnet_cnn_residual,sparse_resnet_cnn_residual,524.78564453125,0.003707362338900566,7.603305816650391,0.926963210105896
crnet_cnn_residual,sparse_resnet_hybrid,236.5632781982422,-0.005087818019092083,21.493642807006836,0.9834027886390686
crnet_cnn_residual,sparse_resnet_transnet,232.94984436035156,0.03759681433439255,14.257889747619629,0.977546751499176
crnet_cnn_residual,swin_cnn_residual,269.4037780761719,0.09090566635131836,4.454554080963135,0.9361647367477417
crnet_cnn_residual,swin_hybrid,233.3614044189453,-0.007662590127438307,2.4880683422088623,0.9817243814468384
crnet_cnn_residual,swin_transnet,233.09471130371094,-0.0014156531542539597,3.7613000869750977,0.9854977130889893
crnet_cnn_residual,transnet_cnn_residual,378.386474609375,-0.0712716206908226,7.533609390258789,0.9115737676620483
crnet_cnn_residual,transnet_hybrid,233.58538818359375,0.02539626695215702,5.563528537750244,0.9843474626541138
crnet_cnn_residual,transnet_transnet,233.26467895507812,-0.011035248637199402,6.449707984924316,0.9814292788505554
crnet_hybrid,crnet_transnet,12.982319831848145,0.03279485926032066,2.7649171352386475,0.9955523610115051
crnet_hybrid,csinet_cnn_residual,215.5855712890625,-0.009353674948215485,6.019478797912598,0.9773980975151062
crnet_hybrid,csinet_hybrid,22.985286712646484,-0.007766564376652241,4.379727840423584,0.9933569431304932
crnet_hybrid,csinet_transnet,12.912484169006348,0.07480570673942566,8.25953197479248,0.9963180422782898
crnet_hybrid,dscnn_cnn_residual,279.276611328125,0.07526727765798569,5.6696600914001465,0.9508975744247437
crnet_hybrid,dscnn_hybrid,25.053285598754883,0.003142985515296459,10.455589294433594,0.9917850494384766
crnet_hybrid,dscnn_transnet,13.92036247253418,0.03343513607978821,13.866931915283203,0.995121955871582
crnet_hybrid,mlp_ae_cnn_residual,281.90924072265625,0.022182095795869827,7.756511211395264,0.9567939043045044
crnet_hybrid,mlp_ae_hybrid,13.148444175720215,0.04105366766452789,12.30916976928711,0.9955341815948486
crnet_hybrid,mlp_ae_transnet,12.808588027954102,0.011191333644092083,9.721546173095703,0.996306300163269
crnet_hybrid,mlp_mixer_cnn_residual,270.77081298828125,-0.005015925038605928,5.929540634155273,0.9257155060768127
crnet_hybrid,mlp_mixer_hybrid,18.733234405517578,-0.007941155694425106,5.95322847366333,0.994788646697998
crnet_hybrid,mlp_mixer_transnet,13.16067886352539,0.014301320537924767,8.077409744262695,0.9960950016975403
crnet_hybrid,resnet_cnn_residual,490.9166564941406,-0.003206216264516115,5.996150493621826,0.936578631401062
crnet_hybrid,resnet_hybrid,42.73012924194336,-0.08630877733230591,18.19141960144043,0.9942554831504822
crnet_hybrid,resnet_transnet,13.393990516662598,0.041813697665929794,7.663449287414551,0.9902291893959045
crnet_hybrid,sparse_resnet_cnn_residual,471.25689697265625,-0.0032289454247802496,5.7115888595581055,0.9379075765609741
crnet_hybrid,sparse_resnet_hybrid,41.19239807128906,0.002721510361880064,16.848541259765625,0.9941998720169067
crnet_hybrid,sparse_resnet_transnet,13.456857681274414,0.05698854848742485,9.823115348815918,0.9864411950111389
crnet_hybrid,swin_cnn_residual,158.525634765625,-0.00724087655544281,8.404539108276367,0.9433633089065552
crnet_hybrid,swin_hybrid,15.943551063537598,-0.002815388608723879,6.300074100494385,0.9929103851318359
crnet_hybrid,swin_transnet,12.872694969177246,-0.08934557437896729,8.043252944946289,0.9958863258361816
crnet_hybrid,transnet_cnn_residual,282.3069763183594,-0.008028118871152401,6.4379658699035645,0.9161472320556641
crnet_hybrid,transnet_hybrid,25.50855827331543,0.009379302151501179,1.6422761678695679,0.9950116276741028
crnet_hybrid,transnet_transnet,14.232463836669922,0.028904452919960022,2.564560890197754,0.9908068776130676
crnet_transnet,csinet_cnn_residual,215.13894653320312,-0.006387867033481598,3.710515022277832,0.9812963008880615
crnet_transnet,csinet_hybrid,19.460006713867188,-0.03541729971766472,6.551990985870361,0.9942218065261841
crnet_transnet,csinet_transnet,4.64142370223999,0.07411772757768631,10.619523048400879,0.9965626001358032
crnet_transnet,dscnn_cnn_residual,280.003662109375,-0.012451626360416412,4.088852882385254,0.9507368803024292
crnet_transnet,dscnn_hybrid,21.854183197021484,0.01094991434365511,12.744540214538574,0.993173360824585
crnet_transnet,dscnn_transnet,6.880909442901611,0.035518232733011246,16.239294052124023,0.9954038858413696
crnet_transnet,mlp_ae_cnn_residual,282.140380859375,-0.06683924049139023,5.509758472442627,0.9567080736160278
crnet_transnet,mlp_ae_hybrid,5.059487819671631,0.04736917465925217,9.88400936126709,0.9961299300193787
crnet_transnet,mlp_ae_transnet,3.7980451583862305,-0.0045461226254701614,7.2975969314575195,0.9967448711395264
crnet_transnet,mlp_mixer_cnn_residual,270.1559753417969,0.08444227278232574,5.069164276123047,0.9241321086883545
crnet_transnet,mlp_mixer_hybrid,13.989913940429688,0.02489752322435379,3.5485963821411133,0.9958170652389526
crnet_transnet,mlp_mixer_transnet,4.937056064605713,-0.003113815560936928,5.653297424316406,0.9967904686927795
crnet_transnet,resnet_cnn_residual,490.6181640625,0.032349854707717896,6.701279163360596,0.9359323978424072
crnet_transnet,resnet_hybrid,39.90879821777344,-0.015704842284321785,20.55651092529297,0.99505215883255
crnet_transnet,resnet_transnet,5.830127716064453,0.010535805486142635,9.922270774841309,0.9902570247650146
crnet_transnet,sparse_resnet_cnn_residual,470.9877624511719,0.021224243566393852,6.141241550445557,0.9405155181884766
crnet_transnet,sparse_resnet_hybrid,39.41265869140625,-0.01608746126294136,19.22203254699707,0.9944424629211426
crnet_transnet,sparse_resnet_transnet,6.357638835906982,-0.05657524615526199,12.042305946350098,0.9875943660736084
crnet_transnet,swin_cnn_residual,158.12176513671875,-0.050203587859869,6.119430065155029,0.9449192881584167
crnet_transnet,swin_hybrid,10.092212677001953,0.022518930956721306,3.8925154209136963,0.9943424463272095
crnet_transnet,swin_transnet,3.4281013011932373,0.06856518238782883,5.621283531188965,0.9964975714683533
crnet_transnet,transnet_cnn_residual,282.0303955078125,-0.02822647988796234,6.593062400817871,0.9165210723876953
crnet_transnet,transnet_hybrid,22.428600311279297,0.018629498779773712,3.2532403469085693,0.9952021241188049
crnet_transnet,transnet_transnet,7.4942145347595215,0.026260949671268463,4.20867919921875,0.9921455383300781
csinet_cnn_residual,csinet_hybrid,215.95965576171875,-0.001141753513365984,9.783285140991211,0.9768809080123901
csinet_cnn_residual,csinet_transnet,215.1796875,-0.01571623980998993,13.855857849121094,0.9798253774642944
csinet_cnn_residual,dscnn_cnn_residual,357.3084411621094,-0.02520151063799858,4.1414923667907715,0.9361697435379028
csinet_cnn_residual,dscnn_hybrid,216.26730346679688,-0.004028185270726681,15.933672904968262,0.9766513705253601
csinet_cnn_residual,dscnn_transnet,215.15780639648438,0.004048941656947136,19.44479751586914,0.9785677194595337
csinet_cnn_residual,mlp_ae_cnn_residual,358.2753601074219,-0.02164728380739689,3.504570245742798,0.9414801001548767
csinet_cnn_residual,mlp_ae_hybrid,215.1584930419922,-0.006588062271475792,6.9705071449279785,0.9790940880775452
csinet_cnn_residual,mlp_ae_transnet,215.0106201171875,0.046862758696079254,4.526132583618164,0.9804186820983887
csinet_cnn_residual,mlp_mixer_cnn_residual,350.3235778808594,-0.02870834618806839,5.901145935058594,0.9033985733985901
csinet_cnn_residual,mlp_mixer_hybrid,216.30873107910156,-0.05716134235262871,2.0089080333709717,0.9796655178070068
csinet_cnn_residual,mlp_mixer_transnet,215.20126342773438,-0.020270224660634995,3.105205774307251,0.9806165099143982
csinet_cnn_residual,resnet_cnn_residual,527.708251953125,0.04068184643983841,8.821981430053711,0.9179535508155823
csinet_cnn_residual,resnet_hybrid,217.9018096923828,0.021203145384788513,23.75942611694336,0.9775274991989136
csinet_cnn_residual,resnet_transnet,215.04429626464844,0.021504810079932213,13.081828117370605,0.973688006401062
csinet_cnn_residual,sparse_resnet_cnn_residual,509.0201110839844,0.044649388641119,8.197430610656738,0.9241137504577637
csinet_cnn_residual,sparse_resnet_hybrid,219.0851287841797,-0.011504878289997578,22.42664909362793,0.9766771793365479
csinet_cnn_residual,sparse_resnet_transnet,214.7989959716797,0.06799965351819992,15.169461250305176,0.9714063405990601
csinet_cnn_residual,swin_cnn_residual,264.5013427734375,0.018326418474316597,4.044857501983643,0.9243003129959106
csinet_cnn_residual,swin_hybrid,215.1119384765625,0.020513296127319336,2.1723074913024902,0.9771983027458191
csinet_cnn_residual,swin_transnet,215.02651977539062,0.05246222764253616,3.101155996322632,0.9795613884925842
csinet_cnn_residual,transnet_cnn_residual,341.8241271972656,0.0733909159898758,8.183297157287598,0.9020822048187256
csinet_cnn_residual,transnet_hybrid,216.56494140625,-0.014599149115383625,6.4590229988098145,0.9790892004966736
csinet_cnn_residual,transnet_transnet,215.15528869628906,0.0069328295066952705,7.3497772216796875,0.9755709767341614
csinet_hybrid,csinet_transnet,19.159536361694336,0.06972001492977142,4.750640392303467,0.9944859147071838
csinet_hybrid,dscnn_cnn_residual,280.559326171875,0.0018038017442449927,9.186121940612793,0.9450433850288391
csinet_hybrid,dscnn_hybrid,28.70331382751465,0.010405592620372772,6.966567039489746,0.9902250170707703
csinet_hybrid,dscnn_transnet,20.437400817871094,-0.06602729111909866,10.192329406738281,0.9930810928344727
csinet_hybrid,mlp_ae_cnn_residual,282.3134765625,0.012420056387782097,11.544795036315918,0.9556642770767212
csinet_hybrid,mlp_ae_hybrid,19.478872299194336,0.00483263935893774,16.219886779785156,0.9935835599899292
csinet_hybrid,mlp_ae_transnet,19.182846069335938,-0.0037481221370399,13.637619972229004,0.9944170713424683
csinet_hybrid,mlp_mixer_cnn_residual,273.32568359375,-0.11840347945690155,8.747249603271484,0.9246448278427124
csinet_hybrid,mlp_mixer_hybrid,23.467294692993164,0.0010429930407553911,9.840849876403809,0.9939859509468079
csinet_hybrid,mlp_mixer_transnet,19.554582595825195,-0.03350326791405678,11.9924955368042,0.994471549987793
csinet_hybrid,resnet_cnn_residual,490.8955993652344,0.009821231476962566,6.9520263671875,0.9340894818305969
csinet_hybrid,resnet_hybrid,44.045982360839844,0.001289860694669187,14.449334144592285,0.992784857749939
csinet_hybrid,resnet_transnet,19.479875564575195,0.04398117959499359,4.591751575469971,0.9883127212524414
csinet_hybrid,sparse_resnet_cnn_residual,473.10601806640625,-0.0880228579044342,6.980079174041748,0.9357210993766785
csinet_hybrid,sparse_resnet_hybrid,43.57172393798828,0.002744590863585472,13.141158103942871,0.9922934174537659
csinet_hybrid,sparse_resnet_transnet,19.565860748291016,0.044546738266944885,6.561122894287109,0.9851735830307007
csinet_hybrid,swin_cnn_residual,159.19061279296875,-0.006172426510602236,12.17003059387207,0.9440022110939026
csinet_hybrid,swin_hybrid,21.34221839904785,0.0029946649447083473,10.196080207824707,0.9912775754928589
csinet_hybrid,swin_transnet,19.169336318969727,-0.03398628532886505,11.959193229675293,0.9941526651382446
csinet_hybrid,transnet_cnn_residual,279.2877197265625,0.17120817303657532,7.970887660980225,0.9147074222564697
csinet_hybrid,transnet_hybrid,29.40934944152832,-0.006889993790537119,3.95635724067688,0.9932481646537781
csinet_hybrid,transnet_transnet,20.394136428833008,-0.020149294286966324,3.601972818374634,0.9899312853813171
csinet_transnet,dscnn_cnn_residual,279.9618225097656,0.0015569701790809631,13.01925277709961,0.9500288367271423
csinet_transnet,dscnn_hybrid,21.92346954345703,0.0050301142036914825,3.4959781169891357,0.9932897090911865
csinet_transnet,dscnn_transnet,7.071021556854248,0.023676514625549316,6.070974349975586,0.9960693120956421
csinet_transnet,mlp_ae_cnn_residual,281.8598937988281,0.019056301563978195,15.640881538391113,0.957697868347168
csinet_transnet,mlp_ae_hybrid,5.400987148284912,-0.0019331378862261772,20.401655197143555,0.9964461326599121
csinet_transnet,mlp_ae_transnet,4.057981014251709,0.0124845951795578,17.805158615112305,0.9973599314689636
csinet_transnet,mlp_mixer_cnn_residual,270.29827880859375,0.03793063759803772,12.4264497756958,0.924632728099823
csinet_transnet,mlp_mixer_hybrid,14.00696086883545,0.0409519225358963,13.98183822631836,0.9961740970611572
csinet_transnet,mlp_mixer_transnet,5.125205993652344,0.011580422520637512,16.151630401611328,0.9970109462738037
csinet_transnet,resnet_cnn_residual,490.78375244140625,-0.0163747426122427,9.53965950012207,0.938048779964447
csinet_transnet,resnet_hybrid,39.94258117675781,-0.01572251319885254,10.329424858093262,0.9948574304580688
csinet_transnet,resnet_transnet,6.168930530548096,-0.04174765199422836,3.2546982765197754,0.9907534122467041
csinet_transnet,sparse_resnet_cnn_residual,471.1224670410156,-0.01778458058834076,9.767992973327637,0.9400629997253418
csinet_transnet,sparse_resnet_hybrid,39.288387298583984,0.028422972187399864,9.042451858520508,0.9945945143699646
csinet_transnet,sparse_resnet_transnet,6.562727451324463,-0.06118166819214821,3.998541831970215,0.9874067306518555
csinet_transnet,swin_cnn_residual,158.05099487304688,-0.023664265871047974,16.27504539489746,0.9454723000526428
csinet_transnet,swin_hybrid,10.473132133483887,-0.06033830717206001,14.322978973388672,0.9942241907119751
csinet_transnet,swin_transnet,3.7990293502807617,0.02067696675658226,16.11529541015625,0.9969118237495422
csinet_transnet,transnet_cnn_residual,281.92974853515625,0.003709234297275543,10.904464721679688,0.9167599678039551
csinet_transnet,transnet_hybrid,22.522932052612305,0.0045332713052630424,7.7988505363464355,0.9956173300743103
csinet_transnet,transnet_transnet,7.579477787017822,0.04405766725540161,7.176723003387451,0.9922270178794861
dscnn_cnn_residual,dscnn_hybrid,280.7081298828125,0.0033457577228546143,15.058845520019531,0.9468070268630981
dscnn_cnn_residual,dscnn_transnet,279.9405212402344,0.011709639802575111,18.48450469970703,0.949631929397583
dscnn_cnn_residual,mlp_ae_cnn_residual,416.12225341796875,-0.09705100953578949,5.107194423675537,0.9168184995651245
dscnn_cnn_residual,mlp_ae_hybrid,279.6441955566406,0.08147132396697998,8.656749725341797,0.9512500166893005
dscnn_cnn_residual,mlp_ae_transnet,279.9553527832031,-0.001966712763532996,6.389976501464844,0.9496570825576782
dscnn_cnn_residual,mlp_mixer_cnn_residual,402.58447265625,-0.06990499049425125,6.067756175994873,0.8857068419456482
dscnn_cnn_residual,mlp_mixer_hybrid,279.83172607421875,0.03269432857632637,3.8890576362609863,0.9492492079734802
dscnn_cnn_residual,mlp_mixer_transnet,280.0331726074219,-0.017200622707605362,5.106754779815674,0.9494911432266235
dscnn_cnn_residual,resnet_cnn_residual,550.2485961914062,0.059669893234968185,8.473016738891602,0.8941152095794678
dscnn_cnn_residual,resnet_hybrid,281.021240234375,0.043799616396427155,22.71112823486328,0.9511325359344482
dscnn_cnn_residual,resnet_transnet,280.15771484375,-0.03495880961418152,12.360058784484863,0.9409226179122925
dscnn_cnn_residual,sparse_resnet_cnn_residual,560.1132202148438,-0.05109003931283951,7.788740158081055,0.9042378664016724
dscnn_cnn_residual,sparse_resnet_hybrid,283.00897216796875,-0.00848345272243023,21.459810256958008,0.9464170336723328
dscnn_cnn_residual,sparse_resnet_transnet,280.06396484375,-0.013121137395501137,14.375298500061035,0.9394667744636536
dscnn_cnn_residual,swin_cnn_residual,320.5810852050781,0.006077561993151903,5.675474643707275,0.897914707660675
dscnn_cnn_residual,swin_hybrid,280.09405517578125,0.0016779161524027586,4.046876430511475,0.9479755163192749
dscnn_cnn_residual,swin_transnet,280.0645446777344,-0.08535954356193542,5.056154251098633,0.950925350189209
dscnn_cnn_residual,transnet_cnn_residual,389.34771728515625,0.039636556059122086,8.016273498535156,0.8782585263252258
dscnn_cnn_residual,transnet_hybrid,281.0793762207031,-0.011348789557814598,6.066335201263428,0.9511792659759521
dscnn_cnn_residual,transnet_transnet,279.97900390625,0.007191077806055546,6.86782169342041,0.9477816820144653
dscnn_hybrid,dscnn_transnet,22.061416625976562,0.07549215108156204,4.9256672859191895,0.9922208189964294
dscnn_hybrid,mlp_ae_cnn_residual,282.6766357421875,0.002720948774367571,17.698549270629883,0.9549121856689453
dscnn_hybrid,mlp_ae_hybrid,21.77404022216797,0.06219906732439995,22.4586124420166,0.9931637048721313
dscnn_hybrid,mlp_ae_transnet,21.74251365661621,-0.0024828012101352215,19.877653121948242,0.9936116337776184
dscnn_hybrid,mlp_mixer_cnn_residual,271.109375,0.007691678591072559,14.422921180725098,0.9203788638114929
dscnn_hybrid,mlp_mixer_hybrid,25.65729522705078,-0.0037327012978494167,16.06996726989746,0.9931649565696716
dscnn_hybrid,mlp_mixer_transnet,21.858783721923828,0.028911050409078598,18.23356819152832,0.9933745861053467
dscnn_hybrid,resnet_cnn_residual,491.8527526855469,-0.030685028061270714,11.366588592529297,0.9342013597488403
dscnn_hybrid,resnet_hybrid,45.402767181396484,-0.008478148840367794,8.816366195678711,0.990882396697998
dscnn_hybrid,resnet_transnet,22.15574836730957,0.007591938599944115,4.773569583892822,0.9877033233642578
dscnn_hybrid,sparse_resnet_cnn_residual,471.39111328125,0.007002981845289469,11.58862590789795,0.9376880526542664
dscnn_hybrid,sparse_resnet_hybrid,44.62443542480469,0.009472197853028774,7.552457809448242,0.9912399053573608
dscnn_hybrid,sparse_resnet_transnet,22.282812118530273,0.0005027046427130699,4.620376110076904,0.9836200475692749
dscnn_hybrid,swin_cnn_residual,159.294921875,0.005033290944993496,18.33751106262207,0.9418684244155884
dscnn_hybrid,swin_hybrid,23.715852737426758,-0.0024595381692051888,16.41739845275879,0.9905310869216919
dscnn_hybrid,swin_transnet,21.58540916442871,0.07752905040979385,18.2015438079834,0.9928797483444214
dscnn_hybrid,transnet_cnn_residual,282.73388671875,0.0007621358381584287,12.6972017288208,0.9144026637077332
dscnn_hybrid,transnet_hybrid,31.049345016479492,-0.000182323157787323,9.954381942749023,0.9922120571136475
dscnn_hybrid,transnet_transnet,22.64325523376465,0.009344261139631271,9.347630500793457,0.9880231618881226
dscnn_transnet,mlp_ae_cnn_residual,282.2876281738281,-0.05085012689232826,21.214689254760742,0.956699013710022
dscnn_transnet,mlp_ae_hybrid,7.168306350708008,0.06480537354946136,26.018089294433594,0.9949601292610168
dscnn_transnet,mlp_ae_transnet,6.450068950653076,0.02264087274670601,23.42528533935547,0.9959993958473206
dscnn_transnet,mlp_mixer_cnn_residual,270.1947937011719,0.04624968767166138,17.735851287841797,0.9234943985939026
dscnn_transnet,mlp_mixer_hybrid,15.055676460266113,-0.005665385164320469,19.599346160888672,0.9952584505081177
dscnn_transnet,mlp_mixer_transnet,7.116270542144775,0.03144842013716698,21.771713256835938,0.9958922266960144
dscnn_transnet,resnet_cnn_residual,490.8556213378906,-0.01687222719192505,14.43794059753418,0.9361979961395264
dscnn_transnet,resnet_hybrid,40.23707962036133,-0.005216711200773716,5.568807601928711,0.9936426281929016
dscnn_transnet,resnet_transnet,7.719448566436768,0.041740693151950836,7.48823356628418,0.9894899129867554
dscnn_transnet,sparse_resnet_cnn_residual,470.81341552734375,0.04405156895518303,14.720470428466797,0.9399839043617249
dscnn_transnet,sparse_resnet_hybrid,38.930599212646484,0.1266292780637741,4.634334564208984,0.9932089447975159
dscnn_transnet,sparse_resnet_transnet,8.307656288146973,-0.041988786309957504,6.231413841247559,0.9865701794624329
dscnn_transnet,swin_cnn_residual,158.47802734375,-0.06978189200162888,21.852907180786133,0.9437721967697144
dscnn_transnet,swin_hybrid,11.668739318847656,-0.04290878400206566,19.940629959106445,0.9930629730224609
dscnn_transnet,swin_transnet,6.33437442779541,0.0013209572061896324,21.73680877685547,0.9956434369087219
dscnn_transnet,transnet_cnn_residual,282.1500549316406,-0.026168618351221085,15.86622428894043,0.9145942330360413
dscnn_transnet,transnet_hybrid,23.1822509765625,-0.014167478308081627,13.380404472351074,0.9947561025619507
dscnn_transnet,transnet_transnet,8.986897468566895,0.051378507167100906,12.708332061767578,0.9907644391059875
mlp_ae_cnn_residual,mlp_ae_hybrid,281.94647216796875,-0.002993892878293991,5.492967128753662,0.9573442339897156
mlp_ae_cnn_residual,mlp_ae_transnet,281.9353942871094,-0.011758757755160332,3.3518502712249756,0.957713782787323
mlp_ae_cnn_residual,mlp_mixer_cnn_residual,380.76318359375,0.049926046282052994,6.812263011932373,0.8888360261917114
mlp_ae_cnn_residual,mlp_mixer_hybrid,282.3724060058594,-0.009858112782239914,2.907247304916382,0.9558419585227966
mlp_ae_cnn_residual,mlp_mixer_transnet,281.9789733886719,-0.01321884524077177,2.5283408164978027,0.9565009474754333
mlp_ae_cnn_residual,resnet_cnn_residual,565.8590698242188,0.00026265718042850494,10.350561141967773,0.8872562050819397
mlp_ae_cnn_residual,resnet_hybrid,283.88702392578125,0.020402880385518074,25.510204315185547,0.9567453265190125
mlp_ae_cnn_residual,resnet_transnet,282.22149658203125,-0.05613083392381668,14.85295581817627,0.9505963921546936
mlp_ae_cnn_residual,sparse_resnet_cnn_residual,555.1707153320312,-0.02583082765340805,9.625502586364746,0.9015234112739563
mlp_ae_cnn_residual,sparse_resnet_hybrid,286.4615478515625,-0.04751156270503998,24.152828216552734,0.9579524397850037
mlp_ae_cnn_residual,sparse_resnet_transnet,282.3712158203125,-0.07874250411987305,16.921031951904297,0.9490931034088135
mlp_ae_cnn_residual,swin_cnn_residual,317.330078125,0.0416991263628006,3.51409649848938,0.9079973697662354
mlp_ae_cnn_residual,swin_hybrid,282.264892578125,-0.020268067717552185,2.764935255050659,0.9553921818733215
mlp_ae_cnn_residual,swin_transnet,281.9161071777344,-0.005428910721093416,2.489274024963379,0.9576983451843262
mlp_ae_cnn_residual,transnet_cnn_residual,399.9898376464844,-0.006556414067745209,9.504834175109863,0.8766786456108093
mlp_ae_cnn_residual,transnet_hybrid,283.4654541015625,-0.030828053131699562,8.235995292663574,0.957222580909729
mlp_ae_cnn_residual,transnet_transnet,281.75494384765625,0.03411325067281723,9.134716987609863,0.9517497420310974
mlp_ae_hybrid,mlp_ae_transnet,4.515793800354004,-0.01060397457331419,2.626424551010132,0.996606707572937
mlp_ae_hybrid,mlp_mixer_cnn_residual,270.46624755859375,-0.0063917492516338825,10.289375305175781,0.9241895079612732
mlp_ae_hybrid,mlp_mixer_hybrid,14.413207054138184,-0.03575389087200165,6.48966121673584,0.9953820705413818
mlp_ae_hybrid,mlp_mixer_transnet,5.277303695678711,0.07674301415681839,4.286782741546631,0.9967138767242432
mlp_ae_hybrid,resnet_cnn_residual,490.7860412597656,-0.014122902415692806,14.18065357208252,0.937802255153656
mlp_ae_hybrid,resnet_hybrid,39.97776412963867,-0.011501345783472061,30.34006690979004,0.9942355751991272
mlp_ae_hybrid,resnet_transnet,6.348728179931641,-0.0032009517308324575,19.536338806152344,0.9895901679992676
mlp_ae_hybrid,sparse_resnet_cnn_residual,471.1740417480469,-0.027530157938599586,13.61098861694336,0.9392269849777222
mlp_ae_hybrid,sparse_resnet_hybrid,39.40773010253906,0.006798621267080307,28.99152374267578,0.9936910271644592
mlp_ae_hybrid,sparse_resnet_transnet,6.565470218658447,0.028788691386580467,21.62234115600586,0.9871373176574707
mlp_ae_hybrid,swin_cnn_residual,157.98513793945312,-0.0018183041829615831,5.023155212402344,0.9429105520248413
mlp_ae_hybrid,swin_hybrid,10.425076484680176,0.005546510685235262,6.182131290435791,0.9938494563102722
mlp_ae_hybrid,swin_transnet,4.3393635749816895,-0.05563465878367424,4.327541351318359,0.9961097240447998
mlp_ae_hybrid,transnet_cnn_residual,282.0343933105469,-0.02103477530181408,13.178985595703125,0.9171348214149475
mlp_ae_hybrid,transnet_hybrid,23.1602725982666,-0.1378900706768036,12.820073127746582,0.9954276084899902
mlp_ae_hybrid,transnet_transnet,8.106941223144531,-0.04587168246507645,13.683072090148926,0.9915255308151245
mlp_ae_transnet,mlp_mixer_cnn_residual,270.43896484375,-0.010964682325720787,8.10217571258545,0.9252150654792786
mlp_ae_transnet,mlp_mixer_hybrid,13.95982551574707,-0.06616070121526718,3.9120728969573975,0.9966285228729248
mlp_ae_transnet,mlp_mixer_transnet,4.147913455963135,0.0327267199754715,1.7330563068389893,0.9972609281539917
mlp_ae_transnet,resnet_cnn_residual,490.5145568847656,0.10241413116455078,11.865269660949707,0.9376260638237
mlp_ae_transnet,resnet_hybrid,39.79521942138672,-0.010257041081786156,27.75141716003418,0.9949465394020081
mlp_ae_transnet,resnet_transnet,5.3453593254089355,-0.04499209672212601,16.96347427368164,0.9910407662391663
mlp_ae_transnet,sparse_resnet_cnn_residual,470.9779052734375,0.036353107541799545,11.291802406311035,0.9395253658294678
mlp_ae_transnet,sparse_resnet_hybrid,39.229251861572266,0.0240837000310421,26.402751922607422,0.9947265982627869
mlp_ae_transnet,sparse_resnet_transnet,5.548052787780762,0.05204664170742035,19.064964294433594,0.9875780344009399
mlp_ae_transnet,swin_cnn_residual,157.95480346679688,-0.008373481221497059,3.0754716396331787,0.9450340867042542
mlp_ae_transnet,swin_hybrid,9.821179389953613,0.004922974854707718,3.632997989654541,0.9943270683288574
mlp_ae_transnet,swin_transnet,2.3883590698242188,0.007259223610162735,1.7750338315963745,0.997031569480896
mlp_ae_transnet,transnet_cnn_residual,281.9274597167969,-0.00010036327876150608,10.971586227416992,0.9169766306877136
mlp_ae_transnet,transnet_hybrid,22.354351043701172,-0.006902717519551516,10.233709335327148,0.9960635900497437
mlp_ae_transnet,transnet_transnet,7.102922439575195,0.009665318764746189,11.11607837677002,0.992000937461853
mlp_mixer_cnn_residual,mlp_mixer_hybrid,269.40496826171875,0.09860286116600037,5.5901198387146,0.9244428873062134
mlp_mixer_cnn_residual,mlp_mixer_transnet,270.1514892578125,0.07647250592708588,6.845461368560791,0.9263336658477783
mlp_mixer_cnn_residual,resnet_cnn_residual,551.4111328125,0.03717568516731262,8.841139793395996,0.8596446514129639
mlp_mixer_cnn_residual,resnet_hybrid,271.3812255859375,0.04896967485547066,21.938827514648438,0.9222216606140137
mlp_mixer_cnn_residual,resnet_transnet,270.77130126953125,-0.06498941779136658,11.695096969604492,0.9215327501296997
mlp_mixer_cnn_residual,sparse_resnet_cnn_residual,531.6463623046875,0.04850846156477928,8.255338668823242,0.8684171438217163
mlp_mixer_cnn_residual,sparse_resnet_hybrid,272.2041931152344,0.026648543775081635,20.60777473449707,0.9231683015823364
mlp_mixer_cnn_residual,sparse_resnet_transnet,270.4866638183594,-0.004671248607337475,13.628490447998047,0.9202049970626831
mlp_mixer_cnn_residual,swin_cnn_residual,302.6581726074219,0.07563968002796173,7.213704586029053,0.880155086517334
mlp_mixer_cnn_residual,swin_hybrid,270.5760803222656,0.0005811945302411914,5.799174785614014,0.9215972423553467
mlp_mixer_cnn_residual,swin_transnet,270.4809875488281,-0.049265917390584946,6.829849720001221,0.9255926012992859
mlp_mixer_cnn_residual,transnet_cnn_residual,404.2079772949219,-0.07072485983371735,8.426091194152832,0.8495569229125977
mlp_mixer_cnn_residual,transnet_hybrid,271.41790771484375,-0.004218322690576315,6.189639091491699,0.9268062710762024
mlp_mixer_cnn_residual,transnet_transnet,270.8507385253906,-0.051762375980615616,6.971428394317627,0.9195590019226074
mlp_mixer_hybrid,mlp_mixer_transnet,14.211392402648926,-0.007085958495736122,2.3189074993133545,0.9961512684822083
mlp_mixer_hybrid,resnet_cnn_residual,491.18695068359375,-0.02073812112212181,8.773006439208984,0.9353896379470825
mlp_mixer_hybrid,resnet_hybrid,41.90157699584961,0.009075048379600048,23.927642822265625,0.9943215847015381
mlp_mixer_hybrid,resnet_transnet,14.847295761108398,-0.06864209473133087,13.192597389221191,0.9901469945907593
mlp_mixer_hybrid,sparse_resnet_cnn_residual,470.45745849609375,0.05744610354304314,8.164962768554688,0.9400103092193604
mlp_mixer_hybrid,sparse_resnet_hybrid,40.420875549316406,0.08599387109279633,22.590333938598633,0.9934449791908264
mlp_mixer_hybrid,sparse_resnet_transnet,14.516420364379883,0.032426342368125916,15.30850601196289,0.9870775938034058
mlp_mixer_hybrid,swin_cnn_residual,158.04818725585938,0.034420523792505264,3.3356246948242188,0.945507824420929
mlp_mixer_hybrid,swin_hybrid,16.738449096679688,9.578908793628216e-05,1.1108142137527466,0.9935674071311951
mlp_mixer_hybrid,swin_transnet,13.72414779663086,0.02538224682211876,2.2885653972625732,0.9959983825683594
mlp_mixer_hybrid,transnet_cnn_residual,282.40924072265625,-0.011458778753876686,8.15707778930664,0.9159303903579712
mlp_mixer_hybrid,transnet_hybrid,25.770160675048828,0.030474882572889328,6.44849157333374,0.9951729774475098
mlp_mixer_hybrid,transnet_transnet,15.556886672973633,-0.04133659973740578,7.390519142150879,0.9905112385749817
mlp_mixer_transnet,resnet_cnn_residual,490.50518798828125,0.05950860679149628,10.467564582824707,0.9365630745887756
mlp_mixer_transnet,resnet_hybrid,39.64205551147461,0.06941826641559601,26.096019744873047,0.9952322840690613
mlp_mixer_transnet,resnet_transnet,6.134521484375,0.00022283010184764862,15.330732345581055,0.9907127618789673
mlp_mixer_transnet,sparse_resnet_cnn_residual,470.97003173828125,0.024212419986724854,9.897905349731445,0.9383656978607178
mlp_mixer_transnet,sparse_resnet_hybrid,39.54132843017578,-0.03749195858836174,24.751699447631836,0.9946413636207581
mlp_mixer_transnet,sparse_resnet_transnet,6.675391674041748,-0.07028263062238693,17.43796157836914,0.9875164031982422
mlp_mixer_transnet,swin_cnn_residual,158.21006774902344,-0.06473354250192642,2.5192084312438965,0.9467561841011047
mlp_mixer_transnet,swin_hybrid,10.095904350280762,0.0649251714348793,2.0783092975616455,0.9943400621414185
mlp_mixer_transnet,swin_transnet,3.9982845783233643,-0.03057880327105522,0.5995451807975769,0.9967041015625
mlp_mixer_transnet,transnet_cnn_residual,282.10589599609375,-0.04335673153400421,9.661152839660645,0.9171248078346252
mlp_mixer_transnet,transnet_hybrid,22.463409423828125,0.02684447541832924,8.595708847045898,0.9954168200492859
mlp_mixer_transnet,transnet_transnet,7.727656841278076,0.01823919080197811,9.48705005645752,0.9919211268424988
resnet_cnn_residual,resnet_hybrid,492.14093017578125,0.004462704062461853,18.533071517944336,0.9336953163146973
resnet_cnn_residual,resnet_transnet,490.63702392578125,0.020387904718518257,9.08154582977295,0.9328258633613586
resnet_cnn_residual,sparse_resnet_cnn_residual,688.5934448242188,-0.024829719215631485,8.402746200561523,0.874663770198822
resnet_cnn_residual,sparse_resnet_hybrid,493.63116455078125,-0.03466203436255455,17.20061683654785,0.935680627822876
resnet_cnn_residual,sparse_resnet_transnet,490.2449035644531,0.09369249641895294,10.930057525634766,0.927047610282898
resnet_cnn_residual,swin_cnn_residual,515.0493774414062,0.0029893359169363976,10.702902793884277,0.8882440328598022
resnet_cnn_residual,swin_hybrid,490.81170654296875,-0.0005129497731104493,8.997962951660156,0.9357703924179077
resnet_cnn_residual,swin_transnet,490.70233154296875,0.00864359363913536,10.431719779968262,0.9369731545448303
resnet_cnn_residual,transnet_cnn_residual,565.4458618164062,0.001983016263693571,8.851325035095215,0.8579242825508118
resnet_cnn_residual,transnet_hybrid,490.80401611328125,0.01855122298002243,6.0211567878723145,0.9354168772697449
resnet_cnn_residual,transnet_transnet,490.252685546875,0.07409144937992096,6.2192301750183105,0.9322887659072876
resnet_hybrid,resnet_transnet,39.980201721191406,0.009268395602703094,11.592301368713379,0.9885441064834595
resnet_hybrid,sparse_resnet_cnn_residual,472.6929626464844,0.0006226364057511091,18.834091186523438,0.9383312463760376
resnet_hybrid,sparse_resnet_hybrid,58.227684020996094,-0.0877547487616539,4.201923847198486,0.9926057457923889
resnet_hybrid,sparse_resnet_transnet,40.07292175292969,0.0007842294871807098,10.112510681152344,0.9843286275863647
resnet_hybrid,swin_cnn_residual,162.63027954101562,0.0055955275893211365,26.136289596557617,0.9448766708374023
resnet_hybrid,swin_hybrid,40.807804107666016,0.007407605182379484,24.26627540588379,0.9921873211860657
resnet_hybrid,swin_transnet,39.827083587646484,-0.0566394180059433,26.065792083740234,0.994480550289154
resnet_hybrid,transnet_cnn_residual,284.562255859375,0.0036429488100111485,19.88430404663086,0.9148340821266174
resnet_hybrid,transnet_hybrid,45.83906173706055,-0.01572510227560997,17.703018188476562,0.9938557147979736
resnet_hybrid,transnet_transnet,40.339263916015625,-0.004121443256735802,17.001375198364258,0.9900004863739014
resnet_transnet,sparse_resnet_cnn_residual,471.0252990722656,0.009294146671891212,9.265281677246094,0.9348646402359009
resnet_transnet,sparse_resnet_hybrid,39.942447662353516,-0.08560961484909058,10.273365020751953,0.989052951335907
resnet_transnet,sparse_resnet_transnet,6.781608581542969,0.11288977414369583,4.871169090270996,0.9825699925422668
resnet_transnet,swin_cnn_residual,158.1669921875,-0.03393387794494629,15.469443321228027,0.939127504825592
resnet_transnet,swin_hybrid,10.819207191467285,-0.004855199251323938,13.533210754394531,0.9879016876220703
resnet_transnet,swin_transnet,5.10214376449585,-0.024892404675483704,15.294438362121582,0.9906593561172485
resnet_transnet,transnet_cnn_residual,281.78424072265625,0.03654082864522934,10.220486640930176,0.9160524010658264
resnet_transnet,transnet_hybrid,22.700057983398438,0.01737820729613304,7.240657806396484,0.9894302487373352
resnet_transnet,transnet_transnet,8.429569244384766,-0.005825587082654238,6.692556381225586,0.9859865307807922
sparse_resnet_cnn_residual,sparse_resnet_hybrid,472.44110107421875,0.00600495096296072,17.525867462158203,0.9391835927963257
sparse_resnet_cnn_residual,sparse_resnet_transnet,470.92254638671875,0.02882539853453636,11.150697708129883,0.9295699000358582
sparse_resnet_cnn_residual,swin_cnn_residual,501.3200378417969,-0.03022834286093712,10.194329261779785,0.8864394426345825
sparse_resnet_cnn_residual,swin_hybrid,471.67193603515625,-0.05487121641635895,8.423600196838379,0.9385024905204773
sparse_resnet_cnn_residual,swin_transnet,471.0256042480469,0.01593763940036297,9.845280647277832,0.9401360750198364
sparse_resnet_cnn_residual,transnet_cnn_residual,555.4708862304688,-0.027052588760852814,8.377442359924316,0.8668637275695801
sparse_resnet_cnn_residual,transnet_hybrid,472.0160827636719,-0.020041529089212418,5.684491157531738,0.9388632774353027
sparse_resnet_cnn_residual,transnet_transnet,470.8472900390625,0.03620106726884842,5.964056015014648,0.9355735182762146
sparse_resnet_hybrid,sparse_resnet_transnet,39.51588439941406,0.012677481397986412,8.817375183105469,0.9853922128677368
sparse_resnet_hybrid,swin_cnn_residual,162.71820068359375,0.0001782681792974472,24.819671630859375,0.9422042965888977
sparse_resnet_hybrid,swin_hybrid,40.383636474609375,0.0009346648585051298,22.922304153442383,0.9918080568313599
sparse_resnet_hybrid,swin_transnet,39.12820053100586,0.08981594443321228,24.713762283325195,0.9947075247764587
sparse_resnet_hybrid,transnet_cnn_residual,284.5649719238281,0.0018376803491264582,18.63336753845215,0.9140468239784241
sparse_resnet_hybrid,transnet_hybrid,45.52027130126953,-0.02181125432252884,16.38377571105957,0.9930834770202637
sparse_resnet_hybrid,transnet_transnet,40.424278259277344,-0.0903453677892685,15.657367706298828,0.9902259707450867
sparse_resnet_transnet,swin_cnn_residual,157.79608154296875,0.04130738973617554,17.588438034057617,0.9328474402427673
sparse_resnet_transnet,swin_hybrid,11.046156883239746,-0.012382122687995434,15.634424209594727,0.98560631275177
sparse_resnet_transnet,swin_transnet,5.512797832489014,-0.03694230318069458,17.397905349731445,0.9878373742103577
sparse_resnet_transnet,transnet_cnn_residual,281.85406494140625,0.021917343139648438,12.087004661560059,0.9107233285903931
sparse_resnet_transnet,transnet_hybrid,22.987003326416016,-0.021984396502375603,9.328200340270996,0.9872044324874878
sparse_resnet_transnet,transnet_transnet,8.758583068847656,-0.02606402523815632,8.79837703704834,0.9823196530342102
swin_cnn_residual,swin_hybrid,158.16259765625,0.005916227586567402,3.1825003623962402,0.9437134265899658
swin_cnn_residual,swin_transnet,157.9117889404297,0.014758642762899399,2.5426485538482666,0.9457060098648071
swin_cnn_residual,transnet_cnn_residual,322.43890380859375,0.005086096934974194,9.892354011535645,0.8723822832107544
swin_cnn_residual,transnet_hybrid,159.55113220214844,-0.00294276955537498,8.884581565856934,0.9438664317131042
swin_cnn_residual,transnet_transnet,158.34750366210938,-0.03999679535627365,9.722108840942383,0.9421917200088501
swin_hybrid,swin_transnet,9.783936500549316,-0.04146218299865723,2.062725305557251,0.9938125610351562
swin_hybrid,transnet_cnn_residual,282.0851135253906,-2.6465917471796274e-05,8.37309741973877,0.9149578809738159
swin_hybrid,transnet_hybrid,24.634794235229492,-0.044019751250743866,6.808533668518066,0.99267578125
swin_hybrid,transnet_transnet,11.677820205688477,0.02450958639383316,7.720151424407959,0.9890299439430237
swin_transnet,transnet_cnn_residual,281.8465270996094,0.056463249027729034,9.620924949645996,0.9180981516838074
swin_transnet,transnet_hybrid,22.296615600585938,-0.000578809529542923,8.55659008026123,0.9955678582191467
swin_transnet,transnet_transnet,6.9624857902526855,0.012159917503595352,9.451913833618164,0.9918027520179749
transnet_cnn_residual,transnet_hybrid,282.825439453125,-0.0012680516811087728,6.54843807220459,0.9153682589530945
transnet_cnn_residual,transnet_transnet,281.8212585449219,0.026617053896188736,6.792571544647217,0.9147037267684937
transnet_hybrid,transnet_transnet,23.241865158081055,0.006199093535542488,2.3822879791259766,0.990678071975708
