name,encoder,decoder,path,num_samples,code_dim,mean,std,min,max,abs_mean,l2_norm_mean,l2_norm_std,near_zero_1e-3,dim_mean_abs_mean,dim_std_mean,dim_std_std,pca_top1_ratio,pca_top5_ratio,pca_top10_ratio,effective_rank_32
attention_cnn_cnn_residual,attention_cnn,cnn_residual,exps/seed42/COST2100/in/attention_cnn_cnn_residual/base/codewords/train_code.pt,10000,512,0.093403160572052,6.749569892883301,-42.962886810302734,40.72970199584961,2.2581286430358887,152.7290802001953,1.82352614402771,0.0018621094059199095,2.156989097595215,0.27817362546920776,0.0838107019662857,0.18072280287742615,0.3746720254421234,0.545878529548645,25.145038604736328
attention_cnn_hybrid,attention_cnn,hybrid,exps/seed42/COST2100/in/attention_cnn_hybrid/base/codewords/train_code.pt,10000,512,-0.0766756683588028,0.7317389249801636,-5.555091381072998,10.484370231628418,0.4315061569213867,16.591867446899414,1.3661404848098755,0.0016998046776279807,0.14722993969917297,0.47606173157691956,0.0392695777118206,0.07791558653116226,0.3148963451385498,0.5167533755302429,28.35251808166504
attention_cnn_transnet,attention_cnn,transnet,exps/seed42/COST2100/in/attention_cnn_transnet/base/codewords/train_code.pt,10000,512,0.0018042192095890641,0.5937477946281433,-3.951801061630249,4.412019729614258,0.46480199694633484,13.16063117980957,2.7014999389648438,0.0014056640211492777,0.06413877010345459,0.5851970314979553,0.03681660443544388,0.0846291109919548,0.31916344165802,0.5124924182891846,28.110368728637695
cbam_cnn_cnn_residual,cbam_cnn,cnn_residual,exps/seed42/COST2100/in/cbam_cnn_cnn_residual/base/codewords/train_code.pt,10000,512,-0.2508964538574219,16.093900680541992,-115.87797546386719,115.56211853027344,4.561046123504639,364.19781494140625,2.6791067123413086,0.0010847656521946192,4.346291542053223,0.5415123105049133,0.1876794397830963,0.10595749318599701,0.3322582244873047,0.5186389088630676,27.833280563354492
cbam_cnn_hybrid,cbam_cnn,hybrid,exps/seed42/COST2100/in/cbam_cnn_hybrid/base/codewords/train_code.pt,10000,512,0.15328183770179749,1.8159990310668945,-22.083328247070312,13.806413650512695,1.0578521490097046,41.15269470214844,2.643049716949463,0.0007210937328636646,0.34802550077438354,1.1534901857376099,0.10574144124984741,0.09042589366436005,0.3236091136932373,0.5250009894371033,27.776559829711914
cbam_cnn_transnet,cbam_cnn,transnet,exps/seed42/COST2100/in/cbam_cnn_transnet/base/codewords/train_code.pt,10000,512,0.01102942693978548,1.2718007564544678,-11.381121635437012,11.37038516998291,0.9954217672348022,28.34552764892578,4.974105358123779,0.0006660156068392098,0.17667493224143982,1.234925389289856,0.12447986006736755,0.09589853137731552,0.35198304057121277,0.5591694116592407,26.655231475830078
clnet_cnn_residual,clnet,cnn_residual,exps/seed42/COST2100/in/clnet_cnn_residual/base/codewords/train_code.pt,10000,512,-0.3023763597011566,9.869329452514648,-43.832489013671875,49.550479888916016,4.100021839141846,223.40614318847656,2.6795895099639893,0.0010248046601191163,3.9985241889953613,0.40561166405677795,0.07624808698892593,0.21182498335838318,0.40307605266571045,0.561197817325592,23.622512817382812
clnet_hybrid,clnet,hybrid,exps/seed42/COST2100/in/clnet_hybrid/base/codewords/train_code.pt,10000,512,0.024165336042642593,1.1482239961624146,-13.617838859558105,10.982831954956055,0.6739805936813354,25.874744415283203,2.4139044284820557,0.0011257812147960067,0.158956840634346,0.7428179979324341,0.06343205273151398,0.0782696008682251,0.2947952151298523,0.48360684514045715,29.069332122802734
clnet_transnet,clnet,transnet,exps/seed42/COST2100/in/clnet_transnet/base/codewords/train_code.pt,10000,512,0.0023438911885023117,0.6030861139297485,-4.410000324249268,5.0421929359436035,0.4723794460296631,13.348187446594238,2.8371975421905518,0.0014253905974328518,0.09170341491699219,0.5908171534538269,0.030273744836449623,0.07499028742313385,0.28059127926826477,0.47141140699386597,29.40562629699707
cnn_cnn_residual,cnn,cnn_residual,exps/seed42/COST2100/in/cnn_cnn_residual/base/codewords/train_code.pt,10000,512,-0.13959942758083344,15.211499214172363,-86.69196319580078,126.93447875976562,4.605509281158447,344.19696044921875,3.1543235778808594,0.0010652344208210707,4.372514247894287,0.5613503456115723,0.1647902876138687,0.1266597956418991,0.3499591648578644,0.5375359654426575,26.94838523864746
cnn_hybrid,cnn,hybrid,exps/seed42/COST2100/in/cnn_hybrid/base/codewords/train_code.pt,10000,512,-0.21782946586608887,1.893288493156433,-15.722786903381348,23.1751708984375,1.0975347757339478,43.01272201538086,3.07981014251709,0.0006923828041180968,0.3855174481868744,1.2063469886779785,0.11050119996070862,0.08256104588508606,0.3309985101222992,0.5365139245986938,27.58415985107422
cnn_transnet,cnn,transnet,exps/seed42/COST2100/in/cnn_transnet/base/codewords/train_code.pt,10000,512,-0.010824385099112988,1.0964466333389282,-8.504670143127441,8.587106704711914,0.8583040833473206,24.338260650634766,4.820058345794678,0.0007832031114958227,0.11262740194797516,1.0739556550979614,0.07093560695648193,0.08250417560338974,0.32973548769950867,0.5348654389381409,27.606929779052734
convnext_cnn_residual,convnext,cnn_residual,exps/seed42/COST2100/in/convnext_cnn_residual/base/codewords/train_code.pt,10000,512,-0.2577977180480957,30.146936416625977,-234.90916442871094,260.1021728515625,8.570202827453613,680.9935913085938,40.08478927612305,0.00048320312635041773,8.004619598388672,1.5983459949493408,1.557539939880371,0.8314967751502991,0.8677306771278381,0.9004588723182678,2.7838380336761475
convnext_hybrid,convnext,hybrid,exps/seed42/COST2100/in/convnext_hybrid/base/codewords/train_code.pt,10000,512,0.002273759339004755,2.545175552368164,-22.948410034179688,26.210020065307617,1.834686279296875,57.414024353027344,4.508397102355957,0.00038906250847503543,0.5575589537620544,2.0245108604431152,0.2481914460659027,0.08729672431945801,0.32953202724456787,0.5132483243942261,28.1773681640625
convnext_transnet,convnext,transnet,exps/seed42/COST2100/in/convnext_transnet/base/codewords/train_code.pt,10000,512,0.012427881360054016,1.407609224319458,-9.162342071533203,11.765689849853516,1.073371410369873,31.712322235107422,2.9775824546813965,0.0006249999860301614,0.2391895353794098,1.245760440826416,0.08863691240549088,0.08735814690589905,0.3271687924861908,0.5133423805236816,28.16594886779785
crnet_cnn_residual,crnet,cnn_residual,exps/seed42/COST2100/in/crnet_cnn_residual/base/codewords/train_code.pt,10000,512,-0.020940091460943222,10.312252044677734,-46.117286682128906,52.534366607666016,4.401825904846191,233.33595275878906,1.3924998044967651,0.0009566406370140612,4.267434597015381,0.4723823666572571,0.07640726864337921,0.07669676840305328,0.29020026326179504,0.48305249214172363,29.14746856689453
crnet_hybrid,crnet,hybrid,exps/seed42/COST2100/in/crnet_hybrid/base/codewords/train_code.pt,10000,512,-0.004817173816263676,0.8806506991386414,-6.700528621673584,11.60983657836914,0.5829379558563232,19.78803062438965,2.3505451679229736,0.0012271484592929482,0.10093452781438828,0.6777364611625671,0.0478682778775692,0.10921750217676163,0.3382410705089569,0.5191129446029663,27.447364807128906
crnet_transnet,crnet,transnet,exps/seed42/COST2100/in/crnet_transnet/base/codewords/train_code.pt,10000,512,-0.0004961307276971638,0.589945912361145,-4.211680889129639,4.165270805358887,0.46131187677383423,13.080231666564941,2.664994716644287,0.001452734344638884,0.11212941259145737,0.5712854266166687,0.03432874009013176,0.07223444432020187,0.29340630769729614,0.4907348155975342,29.111833572387695
csinet_cnn_residual,csinet,cnn_residual,exps/seed42/COST2100/in/csinet_cnn_residual/base/codewords/train_code.pt,10000,512,0.08639427274465561,9.5156888961792,-50.79671096801758,43.9117546081543,4.246510028839111,215.28939819335938,3.878701686859131,0.000979882781393826,4.146738529205322,0.43199536204338074,0.08434239774942398,0.33278703689575195,0.4961044192314148,0.6292073726654053,17.714216232299805
csinet_hybrid,csinet,hybrid,exps/seed42/COST2100/in/csinet_hybrid/base/codewords/train_code.pt,10000,512,-0.04334225878119469,1.1977393627166748,-12.889530181884766,16.378393173217773,0.7453868389129639,26.906597137451172,3.3914146423339844,0.0010066406102851033,0.1647370457649231,0.8485166430473328,0.07670363783836365,0.14027824997901917,0.35695216059684753,0.5299456715583801,26.544906616210938
csinet_transnet,csinet,transnet,exps/seed42/COST2100/in/csinet_transnet/base/codewords/train_code.pt,10000,512,-0.0050215586088597775,1.0492076873779297,-7.3155012130737305,8.153525352478027,0.8179205656051636,23.13254737854004,5.341033458709717,0.0008037109510041773,0.12351585924625397,1.0357310771942139,0.056458838284015656,0.08737926185131073,0.31725478172302246,0.511262059211731,28.30282974243164
dscnn_cnn_residual,dscnn,cnn_residual,exps/seed42/COST2100/in/dscnn_cnn_residual/base/codewords/train_code.pt,10000,512,-0.21085886657238007,12.380623817443848,-94.05262756347656,73.01287841796875,3.6088321208953857,280.17041015625,2.5678348541259766,0.0012798828538507223,3.40202260017395,0.48513513803482056,0.15670795738697052,0.11496101319789886,0.33611515164375305,0.5317544937133789,27.431062698364258
dscnn_hybrid,dscnn,hybrid,exps/seed42/COST2100/in/dscnn_hybrid/base/codewords/train_code.pt,10000,512,-0.12997084856033325,1.4731208086013794,-12.84111213684082,19.971134185791016,0.9614217877388,33.3036003112793,3.2561426162719727,0.0007375000277534127,0.24260710179805756,1.1217516660690308,0.11540872603654861,0.097615085542202,0.3386467695236206,0.5328426361083984,27.404783248901367
dscnn_transnet,dscnn,transnet,exps/seed42/COST2100/in/dscnn_transnet/base/codewords/train_code.pt,10000,512,-0.012351254001259804,1.3139768838882446,-8.846166610717773,8.845602035522461,1.0333471298217773,29.303415298461914,5.037261009216309,0.0006419921992346644,0.2111583650112152,1.281873345375061,0.09340690821409225,0.08612541854381561,0.3538871109485626,0.5520000457763672,27.041702270507812
mlp_ae_cnn_residual,mlp_ae,cnn_residual,exps/seed42/COST2100/in/mlp_ae_cnn_residual/base/codewords/train_code.pt,10000,512,-0.16570790112018585,12.462964057922363,-68.32229614257812,68.50957489013672,4.48838996887207,282.0067443847656,3.5914559364318848,0.0014894531341269612,4.3719682693481445,0.3547627925872803,0.10483483970165253,0.41770949959754944,0.5551430583000183,0.6669390201568604,14.021055221557617
mlp_ae_hybrid,mlp_ae,hybrid,exps/seed42/COST2100/in/mlp_ae_hybrid/base/codewords/train_code.pt,10000,512,-0.03357720375061035,0.2221483737230301,-2.2482409477233887,2.4365971088409424,0.13296745717525482,5.066558361053467,0.4175855815410614,0.005827539134770632,0.05991335213184357,0.13590264320373535,0.008864170871675014,0.10053345561027527,0.35498860478401184,0.5355168581008911,27.221355438232422
mlp_ae_transnet,mlp_ae,transnet,exps/seed42/COST2100/in/mlp_ae_transnet/base/codewords/train_code.pt,10000,512,-0.0004664851585403085,0.2658965289592743,-1.8083215951919556,1.7955212593078613,0.2059917449951172,5.9030303955078125,1.1632890701293945,0.003267773427069187,0.033419083803892136,0.2509037256240845,0.013363337144255638,0.08946003019809723,0.32098081707954407,0.5065716505050659,28.21862030029297
mlp_mixer_cnn_residual,mlp_mixer,cnn_residual,exps/seed42/COST2100/in/mlp_mixer_cnn_residual/base/codewords/train_code.pt,10000,512,-0.01832413487136364,11.964492797851562,-71.98442077636719,78.52960205078125,3.5600781440734863,270.7251892089844,0.6206459999084473,0.001068359357304871,3.338637113571167,0.5354055762290955,0.21674133837223053,0.07524248957633972,0.2990484833717346,0.48939037322998047,29.146024703979492
mlp_mixer_hybrid,mlp_mixer,hybrid,exps/seed42/COST2100/in/mlp_mixer_hybrid/base/codewords/train_code.pt,10000,512,0.033926572650671005,0.7369360327720642,-8.187117576599121,8.63912582397461,0.4202422797679901,16.642290115356445,1.295289158821106,0.001917968736961484,0.15371274948120117,0.42108938097953796,0.02874855510890484,0.09254226088523865,0.3296078145503998,0.5069435238838196,28.114154815673828
mlp_mixer_transnet,mlp_mixer,transnet,exps/seed42/COST2100/in/mlp_mixer_transnet/base/codewords/train_code.pt,10000,512,0.0036964439786970615,0.36400288343429565,-2.627481698989868,2.4626400470733643,0.28517648577690125,8.103997230529785,1.4735136032104492,0.0023218749556690454,0.12240924686193466,0.3244066834449768,0.01740431971848011,0.0781354084610939,0.3082633316516876,0.4996839463710785,28.674877166748047
resnet_cnn_residual,resnet,cnn_residual,exps/seed42/COST2100/in/resnet_cnn_residual/base/codewords/train_code.pt,10000,512,0.14130418002605438,21.69921875,-143.88381958007812,140.83132934570312,5.8970232009887695,491.0028076171875,2.1929714679718018,0.0008412109455093741,5.570019721984863,0.7061548233032227,0.26039841771125793,0.07432630658149719,0.2858903408050537,0.4875265657901764,29.21759605407715
resnet_hybrid,resnet,hybrid,exps/seed42/COST2100/in/resnet_hybrid/base/codewords/train_code.pt,10000,512,0.09769964963197708,2.291712522506714,-29.095703125,17.347328186035156,1.315441608428955,51.780662536621094,3.5562076568603516,0.0005566406180150807,0.3119111657142639,1.4707756042480469,0.12621290981769562,0.09528550505638123,0.33098095655441284,0.5260506868362427,27.626558303833008
resnet_transnet,resnet,transnet,exps/seed42/COST2100/in/resnet_transnet/base/codewords/train_code.pt,10000,512,0.0017958087846636772,1.0209972858428955,-9.87738037109375,7.186108589172363,0.7950953245162964,22.631330490112305,4.64235258102417,0.0008437500218860805,0.15476441383361816,0.9903193116188049,0.12312180548906326,0.1253812164068222,0.3789847791194916,0.5753682255744934,25.682891845703125
sparse_resnet_cnn_residual,sparse_resnet,cnn_residual,exps/seed42/COST2100/in/sparse_resnet_cnn_residual/base/codewords/train_code.pt,10000,512,0.08601293712854385,20.82999610900879,-155.67276000976562,160.78900146484375,5.5367937088012695,471.3275146484375,2.2804675102233887,0.0009488281211815774,5.211280345916748,0.6849981546401978,0.2453777939081192,0.07461021095514297,0.30195969343185425,0.500717043876648,28.823623657226562
sparse_resnet_hybrid,sparse_resnet,hybrid,exps/seed42/COST2100/in/sparse_resnet_hybrid/base/codewords/train_code.pt,10000,512,-0.12826649844646454,2.2350478172302246,-21.831098556518555,32.699127197265625,1.2743643522262573,50.535457611083984,3.500793218612671,0.0005824218969792128,0.3757382035255432,1.4107686281204224,0.12726756930351257,0.0908689871430397,0.34196510910987854,0.5389358997344971,27.311405181884766
sparse_resnet_transnet,sparse_resnet,transnet,exps/seed42/COST2100/in/sparse_resnet_transnet/base/codewords/train_code.pt,10000,512,-0.01401796005666256,1.1144843101501465,-9.450464248657227,8.285761833190918,0.8689283132553101,24.762535095214844,4.781220436096191,0.0007501952932216227,0.18309661746025085,1.078294038772583,0.15775789320468903,0.10486134141683578,0.3816552758216858,0.5926534533500671,25.60625648498535
swin_cnn_residual,swin,cnn_residual,exps/seed42/COST2100/in/swin_cnn_residual/base/codewords/train_code.pt,10000,512,0.007713397033512592,6.987965106964111,-45.125553131103516,45.1229362487793,2.3314647674560547,158.1187744140625,0.5418503880500793,0.0019474609289318323,2.177713394165039,0.32729390263557434,0.11138259619474411,0.06784762442111969,0.27694740891456604,0.4624142050743103,29.75322151184082
swin_hybrid,swin,hybrid,exps/seed42/COST2100/in/swin_hybrid/base/codewords/train_code.pt,10000,512,0.003238782985135913,0.5897130370140076,-4.941805839538574,6.484707832336426,0.37135183811187744,13.296828269958496,1.1196578741073608,0.002055468736216426,0.07987306267023087,0.4064429700374603,0.03730485960841179,0.08323261886835098,0.3068251609802246,0.49724990129470825,28.468196868896484
swin_transnet,swin,transnet,exps/seed42/COST2100/in/swin_transnet/base/codewords/train_code.pt,10000,512,-0.0007369451341219246,0.3320740759372711,-2.381760597229004,2.3267219066619873,0.2597881257534027,7.354270935058594,1.541053295135498,0.0025093751028180122,0.05086344853043556,0.3259643316268921,0.01932661235332489,0.08396356552839279,0.31436488032341003,0.4929666519165039,28.526939392089844
transnet_cnn_residual,transnet,cnn_residual,exps/seed42/COST2100/in/transnet_cnn_residual/base/codewords/train_code.pt,10000,512,-0.2842061221599579,12.475920677185059,-87.55184936523438,78.58458709716797,3.859469413757324,282.34930419921875,3.5082180500030518,0.001018359325826168,3.6034486293792725,0.6473115682601929,0.2788154184818268,0.16388772428035736,0.34388500452041626,0.507206916809082,26.464078903198242
transnet_hybrid,transnet,hybrid,exps/seed42/COST2100/in/transnet_hybrid/base/codewords/train_code.pt,10000,512,-0.005872510373592377,1.2083114385604858,-11.910187721252441,9.999268531799316,0.7218926548957825,27.300521850585938,1.4925260543823242,0.0011263671331107616,0.27459555864334106,0.700107216835022,0.05140548571944237,0.09734617918729782,0.3436307907104492,0.5270665884017944,27.51458168029785
transnet_transnet,transnet,transnet,exps/seed42/COST2100/in/transnet_transnet/base/codewords/train_code.pt,10000,512,0.02347131259739399,0.7986063361167908,-5.949240684509277,5.402513027191162,0.625103771686554,17.83695411682129,2.9435346126556396,0.001027734368108213,0.21275721490383148,0.7346811294555664,0.08420107513666153,0.19971534609794617,0.4241776466369629,0.5865226984024048,23.379253387451172
