model,metric,K,relative_error_mean,relative_error_std
attention_cnn_hybrid,effective_rank,16,0.9181885686791036,0.002419918898921431
attention_cnn_hybrid,effective_rank,32,0.8438241830758073,0.006400213689445348
attention_cnn_hybrid,effective_rank,64,0.7290297388195882,0.005897685394431175
attention_cnn_hybrid,effective_rank,128,0.5628744102154387,0.011131263208635838
attention_cnn_hybrid,effective_rank,256,0.39220866131585674,0.008568299258001053
attention_cnn_hybrid,effective_rank,512,0.23781222589695855,0.014617373407274337
attention_cnn_hybrid,effective_rank,1024,0.12788816948227527,0.014975998616557748
attention_cnn_hybrid,pca_top5_ratio,16,2.7210163253894692,0.14694574591169732
attention_cnn_hybrid,pca_top5_ratio,32,1.4579444981619019,0.18330657482579737
attention_cnn_hybrid,pca_top5_ratio,64,0.7939366086384615,0.08143461929124349
attention_cnn_hybrid,pca_top5_ratio,128,0.3694665088788681,0.0694433801967254
attention_cnn_hybrid,pca_top5_ratio,256,0.19584531294936075,0.041071150084607704
attention_cnn_hybrid,pca_top5_ratio,512,0.09718071803194903,0.03932013957864093
attention_cnn_hybrid,pca_top5_ratio,1024,0.0526823558580823,0.018921068399520864
attention_cnn_hybrid,std_global,16,0.013541843556463548,0.011766949648485996
attention_cnn_hybrid,std_global,32,0.01057135798235953,0.007733781655511974
attention_cnn_hybrid,std_global,64,0.00971100132037878,0.0047871474740221655
attention_cnn_hybrid,std_global,128,0.005479694164942721,0.003237773529769609
attention_cnn_hybrid,std_global,256,0.004155575235026446,0.003713798996372414
attention_cnn_hybrid,std_global,512,0.0038537150035250303,0.0020790900111639795
attention_cnn_hybrid,std_global,1024,0.0020741941403343285,0.0010643554351013286
attention_cnn_hybrid,l2_mean,16,0.012731866602331787,0.011052652573178204
attention_cnn_hybrid,l2_mean,32,0.010144737380757768,0.0075029676076668805
attention_cnn_hybrid,l2_mean,64,0.009183439962723795,0.0043156740937373385
attention_cnn_hybrid,l2_mean,128,0.005145901112260533,0.0029017178461614684
attention_cnn_hybrid,l2_mean,256,0.004022152756088776,0.003673714385652281
attention_cnn_hybrid,l2_mean,512,0.003849064944037394,0.0020891732833991095
attention_cnn_hybrid,l2_mean,1024,0.002000985721980404,0.0010737920831009131
attention_cnn_hybrid,pca_top1_ratio,16,3.0619474569240905,0.3336302574166057
attention_cnn_hybrid,pca_top1_ratio,32,1.6653195988209137,0.3550786091222078
attention_cnn_hybrid,pca_top1_ratio,64,0.8473643161189349,0.15614301472661649
attention_cnn_hybrid,pca_top1_ratio,128,0.4454781079727696,0.1275472914534077
attention_cnn_hybrid,pca_top1_ratio,256,0.19554779677662035,0.06243841133154074
attention_cnn_hybrid,pca_top1_ratio,512,0.10901892553260842,0.08212535456907646
attention_cnn_hybrid,pca_top1_ratio,1024,0.0743552877371346,0.04062721772465504
attention_cnn_hybrid,near_zero_1e_3,16,0.23554448406200512,0.18138342317180203
attention_cnn_hybrid,near_zero_1e_3,32,0.1822277579689974,0.056686864011135006
attention_cnn_hybrid,near_zero_1e_3,64,0.07191530307433944,0.06023601448921626
attention_cnn_hybrid,near_zero_1e_3,128,0.08638220530402552,0.03714302020794383
attention_cnn_hybrid,near_zero_1e_3,256,0.05985676255219169,0.022978212125400323
attention_cnn_hybrid,near_zero_1e_3,512,0.05937713492969211,0.04023111984144363
attention_cnn_hybrid,near_zero_1e_3,1024,0.04136926208355376,0.02307616635608025
transnet_hybrid,effective_rank,16,0.9287922866885008,0.0028113755508755484
transnet_hybrid,effective_rank,32,0.8629226261494696,0.0025705032560660547
transnet_hybrid,effective_rank,64,0.7529356718852167,0.004790657272431852
transnet_hybrid,effective_rank,128,0.5995408044180127,0.011479432707999164
transnet_hybrid,effective_rank,256,0.4157971980769449,0.017716558574169042
transnet_hybrid,effective_rank,512,0.24465809545892672,0.01621024018808071
transnet_hybrid,effective_rank,1024,0.13907833142406617,0.012615337652756995
transnet_hybrid,pca_top5_ratio,16,2.8768234133999777,0.22281871538158143
transnet_hybrid,pca_top5_ratio,32,1.5444976253713218,0.06261043778363148
transnet_hybrid,pca_top5_ratio,64,0.7680554679056146,0.06607051896161172
transnet_hybrid,pca_top5_ratio,128,0.40296798667307226,0.07654400158123682
transnet_hybrid,pca_top5_ratio,256,0.19593638963364346,0.05834622140457039
transnet_hybrid,pca_top5_ratio,512,0.08045902498512564,0.02913600631650443
transnet_hybrid,pca_top5_ratio,1024,0.048369395729544865,0.02283448396332855
transnet_hybrid,std_global,16,0.01030855837667488,0.006940497556234386
transnet_hybrid,std_global,32,0.007182201536661113,0.0059221990364064095
transnet_hybrid,std_global,64,0.004177650550870875,0.0031601072364616616
transnet_hybrid,std_global,128,0.004880507252572109,0.004140720924971039
transnet_hybrid,std_global,256,0.002168150128627693,0.0015872448457695783
transnet_hybrid,std_global,512,0.002033895159298324,0.0015909741416895759
transnet_hybrid,std_global,1024,0.000978306947988367,0.0008006713071184393
transnet_hybrid,l2_mean,16,0.01001075090506709,0.006585677058767133
transnet_hybrid,l2_mean,32,0.0069676952710559185,0.0055046061343812765
transnet_hybrid,l2_mean,64,0.004075353651504568,0.0030744467083696396
transnet_hybrid,l2_mean,128,0.004793597723475927,0.003998430310939634
transnet_hybrid,l2_mean,256,0.0021134987407640652,0.0015703794488988018
transnet_hybrid,l2_mean,512,0.001967252035666886,0.0015235238307403055
transnet_hybrid,l2_mean,1024,0.00098003259527883,0.0008038282479379086
transnet_hybrid,pca_top1_ratio,16,2.8293399136591155,0.5064798797968432
transnet_hybrid,pca_top1_ratio,32,1.4069409770461898,0.11509987701809406
transnet_hybrid,pca_top1_ratio,64,0.6263779291067751,0.12741196499268093
transnet_hybrid,pca_top1_ratio,128,0.3203504307817341,0.12053218821662191
transnet_hybrid,pca_top1_ratio,256,0.19790028505371732,0.09142381459535259
transnet_hybrid,pca_top1_ratio,512,0.0627483110124736,0.04815239237729322
transnet_hybrid,pca_top1_ratio,1024,0.04453321276893023,0.04177414248926137
transnet_hybrid,near_zero_1e_3,16,0.2674002601742186,0.2532325838990831
transnet_hybrid,near_zero_1e_3,32,0.18718018212195303,0.1668760512394633
transnet_hybrid,near_zero_1e_3,64,0.12033011707839839,0.10196773542556999
transnet_hybrid,near_zero_1e_3,128,0.10106190373553911,0.06209532433264456
transnet_hybrid,near_zero_1e_3,256,0.07675926928031625,0.05316467584279763
transnet_hybrid,near_zero_1e_3,512,0.04581296078893196,0.031909721376604916
transnet_hybrid,near_zero_1e_3,1024,0.05359835755461532,0.04108240557503471
dscnn_hybrid,effective_rank,16,0.9083536318221933,0.002682161118492258
dscnn_hybrid,effective_rank,32,0.8290320172326362,0.004984394313253862
dscnn_hybrid,effective_rank,64,0.70385235761392,0.008224531618866347
dscnn_hybrid,effective_rank,128,0.5442217405927267,0.00796083387245776
dscnn_hybrid,effective_rank,256,0.3694131135416852,0.010734167659594276
dscnn_hybrid,effective_rank,512,0.22070752751342596,0.009054261316131225
dscnn_hybrid,effective_rank,1024,0.11526435680047764,0.00787211647773018
dscnn_hybrid,pca_top5_ratio,16,2.225072010023111,0.14706541784646238
dscnn_hybrid,pca_top5_ratio,32,1.220852361705953,0.11138519356892901
dscnn_hybrid,pca_top5_ratio,64,0.6278737729106904,0.07720447072825354
dscnn_hybrid,pca_top5_ratio,128,0.34636530088418993,0.05227207581651209
dscnn_hybrid,pca_top5_ratio,256,0.17928765994239199,0.04732874395894247
dscnn_hybrid,pca_top5_ratio,512,0.1058602004656795,0.03489206903220888
dscnn_hybrid,pca_top5_ratio,1024,0.04220960102552428,0.023271712242971757
dscnn_hybrid,std_global,16,0.01676284394394239,0.015801191375395103
dscnn_hybrid,std_global,32,0.012213282833781817,0.010154812674354212
dscnn_hybrid,std_global,64,0.007436256630010423,0.004932736548931063
dscnn_hybrid,std_global,128,0.006926773057918942,0.0057751192199049384
dscnn_hybrid,std_global,256,0.0039362284378839955,0.0032105051980478843
dscnn_hybrid,std_global,512,0.0019059497700559438,0.0019768581512455787
dscnn_hybrid,std_global,1024,0.0021015285965376184,0.0015780295204604858
dscnn_hybrid,l2_mean,16,0.016161726131160018,0.015350340506870952
dscnn_hybrid,l2_mean,32,0.011293111227376543,0.009310247554588116
dscnn_hybrid,l2_mean,64,0.006961478648610438,0.004936924435801171
dscnn_hybrid,l2_mean,128,0.006345925429829513,0.005423136712747578
dscnn_hybrid,l2_mean,256,0.003739687892675313,0.003137952423747218
dscnn_hybrid,l2_mean,512,0.0017004564507420404,0.0019655045220897584
dscnn_hybrid,l2_mean,1024,0.00190317566296234,0.001379667962057527
dscnn_hybrid,pca_top1_ratio,16,2.09474016811916,0.38066851664108586
dscnn_hybrid,pca_top1_ratio,32,1.0923665358198025,0.22759435490746208
dscnn_hybrid,pca_top1_ratio,64,0.46914114420697783,0.18606433216972446
dscnn_hybrid,pca_top1_ratio,128,0.2955861033208041,0.12482901881535047
dscnn_hybrid,pca_top1_ratio,256,0.1749214502265648,0.10204178436987946
dscnn_hybrid,pca_top1_ratio,512,0.10938634007208567,0.050407832155649784
dscnn_hybrid,pca_top1_ratio,1024,0.04706887371977463,0.031379667834182265
dscnn_hybrid,near_zero_1e_3,16,0.25185282397987746,0.20380761028349242
dscnn_hybrid,near_zero_1e_3,32,0.28477441865101577,0.16622160084545298
dscnn_hybrid,near_zero_1e_3,64,0.14403197668623033,0.1044663583592367
dscnn_hybrid,near_zero_1e_3,128,0.10617607993292455,0.057445067115332475
dscnn_hybrid,near_zero_1e_3,256,0.08251368376304387,0.05653850093091199
dscnn_hybrid,near_zero_1e_3,512,0.0633727573691069,0.04772983217729547
dscnn_hybrid,near_zero_1e_3,1024,0.04048196107433101,0.033253802736101824
attention_cnn_cnn_residual,effective_rank,16,0.9261933950064684,0.0030140476317104155
attention_cnn_cnn_residual,effective_rank,32,0.8655205595499129,0.007975125554515445
attention_cnn_cnn_residual,effective_rank,64,0.7551378596137626,0.01062242547141326
attention_cnn_cnn_residual,effective_rank,128,0.6037520530499776,0.016719436283453064
attention_cnn_cnn_residual,effective_rank,256,0.4192129523483974,0.012314382421917871
attention_cnn_cnn_residual,effective_rank,512,0.25870127132775017,0.015933407259515642
attention_cnn_cnn_residual,effective_rank,1024,0.13519453951235372,0.010553863563169098
attention_cnn_cnn_residual,pca_top5_ratio,16,2.586908108056277,0.21471845719079125
attention_cnn_cnn_residual,pca_top5_ratio,32,1.5467747504706544,0.23380845906513473
attention_cnn_cnn_residual,pca_top5_ratio,64,0.7591198962930885,0.12232946725689436
attention_cnn_cnn_residual,pca_top5_ratio,128,0.4174911091518375,0.0916473481785268
attention_cnn_cnn_residual,pca_top5_ratio,256,0.18471287797540217,0.05010415080961917
attention_cnn_cnn_residual,pca_top5_ratio,512,0.09749146334745581,0.04293491063722608
attention_cnn_cnn_residual,pca_top5_ratio,1024,0.02908140736204399,0.01265405981694732
attention_cnn_cnn_residual,std_global,16,0.0015093162883826829,0.0011131357288979606
attention_cnn_cnn_residual,std_global,32,0.0011063741523598283,0.0009003528131898498
attention_cnn_cnn_residual,std_global,64,0.0016192995125499422,0.001041461381860062
attention_cnn_cnn_residual,std_global,128,0.0010365184149134087,0.0007487958406866782
attention_cnn_cnn_residual,std_global,256,0.00029302955883925877,0.00033041215838598324
attention_cnn_cnn_residual,std_global,512,0.0004094840467100901,0.0003290483924951576
attention_cnn_cnn_residual,std_global,1024,0.0002831107223329104,0.00016740248700003384
attention_cnn_cnn_residual,l2_mean,16,0.001508511609737773,0.001106436424533842
attention_cnn_cnn_residual,l2_mean,32,0.001111169945460558,0.0009002260421300182
attention_cnn_cnn_residual,l2_mean,64,0.0016100674674576667,0.0010380727302642164
attention_cnn_cnn_residual,l2_mean,128,0.0010294257223553767,0.0007514917002889715
attention_cnn_cnn_residual,l2_mean,256,0.00029111014089938626,0.00032838477113000954
attention_cnn_cnn_residual,l2_mean,512,0.0004074023380326437,0.00032608827567245035
attention_cnn_cnn_residual,l2_mean,1024,0.0002817088558905894,0.00016593960184756033
attention_cnn_cnn_residual,pca_top1_ratio,16,1.0608500556881784,0.3235796760085558
attention_cnn_cnn_residual,pca_top1_ratio,32,0.6935894320006669,0.44247456119851203
attention_cnn_cnn_residual,pca_top1_ratio,64,0.20914383819596413,0.17687027299580407
attention_cnn_cnn_residual,pca_top1_ratio,128,0.21703616367202527,0.13466794702860307
attention_cnn_cnn_residual,pca_top1_ratio,256,0.08222246548487884,0.07395340433798914
attention_cnn_cnn_residual,pca_top1_ratio,512,0.06325638254815848,0.05220769606993105
attention_cnn_cnn_residual,pca_top1_ratio,1024,0.04002487639634718,0.02248790794256327
attention_cnn_cnn_residual,near_zero_1e_3,16,0.23683677048293122,0.14477461345041845
attention_cnn_cnn_residual,near_zero_1e_3,32,0.095575533109076,0.0997529707334393
attention_cnn_cnn_residual,near_zero_1e_3,64,0.10141128998376422,0.05914296435664452
attention_cnn_cnn_residual,near_zero_1e_3,128,0.0579229464785594,0.034132272360162016
attention_cnn_cnn_residual,near_zero_1e_3,256,0.0518371019206896,0.04523387423199727
attention_cnn_cnn_residual,near_zero_1e_3,512,0.0523372772870528,0.037634511990910564
attention_cnn_cnn_residual,near_zero_1e_3,1024,0.01874070457132027,0.011579222392182493
transnet_cnn_residual,effective_rank,16,0.9415265935275412,0.0026414779400020885
transnet_cnn_residual,effective_rank,32,0.8872633772526127,0.004573435221243391
transnet_cnn_residual,effective_rank,64,0.7913359981342376,0.004612794606108569
transnet_cnn_residual,effective_rank,128,0.6519489435733747,0.008734607786366151
transnet_cnn_residual,effective_rank,256,0.472117777025045,0.007277413899108172
transnet_cnn_residual,effective_rank,512,0.2913699750681935,0.0124614511186694
transnet_cnn_residual,effective_rank,1024,0.16872756162083385,0.007965969562796953
transnet_cnn_residual,pca_top5_ratio,16,3.7315601289742153,0.2619944721267349
transnet_cnn_residual,pca_top5_ratio,32,2.1324037911286395,0.21330960284747094
transnet_cnn_residual,pca_top5_ratio,64,1.0799395017465805,0.10235746719845576
transnet_cnn_residual,pca_top5_ratio,128,0.5952769105287902,0.06985211559513246
transnet_cnn_residual,pca_top5_ratio,256,0.29517851753087776,0.03514378395953305
transnet_cnn_residual,pca_top5_ratio,512,0.14426635372392402,0.04466950449725508
transnet_cnn_residual,pca_top5_ratio,1024,0.08832058259582445,0.01924319455949265
transnet_cnn_residual,std_global,16,0.003131792653190129,0.0021335398051514566
transnet_cnn_residual,std_global,32,0.001791932436577318,0.0017892751767968373
transnet_cnn_residual,std_global,64,0.0011634628547083897,0.00046142837741425794
transnet_cnn_residual,std_global,128,0.0008805040291499335,0.0005840881329385443
transnet_cnn_residual,std_global,256,0.0004962040440312395,0.0005026848678453315
transnet_cnn_residual,std_global,512,0.00038329108300979035,0.00032995996740017234
transnet_cnn_residual,std_global,1024,0.00023537227608850798,0.00021008337678976577
transnet_cnn_residual,l2_mean,16,0.0031531468733252297,0.0021513628618535503
transnet_cnn_residual,l2_mean,32,0.001797876763307406,0.0018073498763822974
transnet_cnn_residual,l2_mean,64,0.0011714729826220014,0.0004712090056903652
transnet_cnn_residual,l2_mean,128,0.00088346254897123,0.0005859259940946695
transnet_cnn_residual,l2_mean,256,0.0005010300830950628,0.0005060038593842534
transnet_cnn_residual,l2_mean,512,0.0003839670805695409,0.0003353245517492531
transnet_cnn_residual,l2_mean,1024,0.00023608209842780883,0.00021312413696937047
transnet_cnn_residual,pca_top1_ratio,16,1.8651557905266158,0.5278319599129219
transnet_cnn_residual,pca_top1_ratio,32,1.085766671641908,0.6097350199787265
transnet_cnn_residual,pca_top1_ratio,64,0.41685664234035363,0.2243879628492734
transnet_cnn_residual,pca_top1_ratio,128,0.27555822211049746,0.11862656844818127
transnet_cnn_residual,pca_top1_ratio,256,0.14099341827903772,0.08150298689303434
transnet_cnn_residual,pca_top1_ratio,512,0.10077492661518601,0.06197078762692045
transnet_cnn_residual,pca_top1_ratio,1024,0.06433099366049475,0.027266447161877084
transnet_cnn_residual,near_zero_1e_3,16,0.39792018529969125,0.3061819226847639
transnet_cnn_residual,near_zero_1e_3,32,0.24615293503298713,0.11243271998185939
transnet_cnn_residual,near_zero_1e_3,64,0.19095635942500705,0.12103068944362996
transnet_cnn_residual,near_zero_1e_3,128,0.09495822603742633,0.06491610109152764
transnet_cnn_residual,near_zero_1e_3,256,0.06886721166260176,0.059715118549118595
transnet_cnn_residual,near_zero_1e_3,512,0.04785593137600453,0.026144899777443987
transnet_cnn_residual,near_zero_1e_3,1024,0.024591054680865282,0.021221916929211545
dscnn_cnn_residual,effective_rank,16,0.9216021906496458,0.001596361450133305
dscnn_cnn_residual,effective_rank,32,0.8516088289783996,0.0037332945305258076
dscnn_cnn_residual,effective_rank,64,0.7333600321125784,0.006627665202324791
dscnn_cnn_residual,effective_rank,128,0.5790963228339627,0.009960546899419175
dscnn_cnn_residual,effective_rank,256,0.39691845676366555,0.011651463360016538
dscnn_cnn_residual,effective_rank,512,0.24293182676200606,0.012839151802749488
dscnn_cnn_residual,effective_rank,1024,0.13871375129355953,0.013374964720920654
dscnn_cnn_residual,pca_top5_ratio,16,2.7253096435381705,0.11768571108242505
dscnn_cnn_residual,pca_top5_ratio,32,1.5071794932552476,0.12454924973227338
dscnn_cnn_residual,pca_top5_ratio,64,0.7465659751134824,0.07208391788691866
dscnn_cnn_residual,pca_top5_ratio,128,0.38800656020111574,0.07940437361609111
dscnn_cnn_residual,pca_top5_ratio,256,0.19110978524515745,0.04154785028756506
dscnn_cnn_residual,pca_top5_ratio,512,0.10257342885643961,0.02805312426508041
dscnn_cnn_residual,pca_top5_ratio,1024,0.05700105323307923,0.02451085930030982
dscnn_cnn_residual,std_global,16,0.0017908710552501494,0.0013044773291852035
dscnn_cnn_residual,std_global,32,0.0009777226235354191,0.0007133686410835068
dscnn_cnn_residual,std_global,64,0.0007361386188957243,0.0005232850421757343
dscnn_cnn_residual,std_global,128,0.000977083186314133,0.00037972891472253125
dscnn_cnn_residual,std_global,256,0.0003220529417039723,0.00032794268677395586
dscnn_cnn_residual,std_global,512,0.00026890261170814183,0.00019294649896759653
dscnn_cnn_residual,std_global,1024,0.00028827832991940624,0.00022849988367376132
dscnn_cnn_residual,l2_mean,16,0.0017901429114107873,0.0012971403337166125
dscnn_cnn_residual,l2_mean,32,0.0009764336650970884,0.0007186190357653336
dscnn_cnn_residual,l2_mean,64,0.0007353265594859228,0.0005184900641458223
dscnn_cnn_residual,l2_mean,128,0.0009769347913784056,0.0003806998477694233
dscnn_cnn_residual,l2_mean,256,0.00032274711326750347,0.0003282344749975734
dscnn_cnn_residual,l2_mean,512,0.0002684075938933623,0.00019048250335815064
dscnn_cnn_residual,l2_mean,1024,0.0002869274782029132,0.00022819309973919752
dscnn_cnn_residual,pca_top1_ratio,16,2.241647197497846,0.4341237829102619
dscnn_cnn_residual,pca_top1_ratio,32,1.0437165455617596,0.3049404070958249
dscnn_cnn_residual,pca_top1_ratio,64,0.49860242123391363,0.21529774013410738
dscnn_cnn_residual,pca_top1_ratio,128,0.2543026088673203,0.10947200600830954
dscnn_cnn_residual,pca_top1_ratio,256,0.0767240708116779,0.0708578710190984
dscnn_cnn_residual,pca_top1_ratio,512,0.07802015245419296,0.06400065454308519
dscnn_cnn_residual,pca_top1_ratio,1024,0.038414884662111105,0.03488771377421799
dscnn_cnn_residual,near_zero_1e_3,16,0.26533696983084265,0.15117712693579047
dscnn_cnn_residual,near_zero_1e_3,32,0.2204118175650462,0.14629475850601056
dscnn_cnn_residual,near_zero_1e_3,64,0.12703878755366774,0.11066976726340902
dscnn_cnn_residual,near_zero_1e_3,128,0.08815348436319524,0.06367459346249842
dscnn_cnn_residual,near_zero_1e_3,256,0.0619209469081393,0.051762927513071724
dscnn_cnn_residual,near_zero_1e_3,512,0.034677083497686334,0.01858204536657684
dscnn_cnn_residual,near_zero_1e_3,1024,0.03497767061859963,0.02420323626765686
attention_cnn_transnet,effective_rank,16,0.9127754855395344,0.0024527797389962847
attention_cnn_transnet,effective_rank,32,0.833776945371621,0.0047529384555309254
attention_cnn_transnet,effective_rank,64,0.7092859514464653,0.007510357566009026
attention_cnn_transnet,effective_rank,128,0.5473864331968109,0.011016363489262024
attention_cnn_transnet,effective_rank,256,0.35894043918582264,0.019485723867444946
attention_cnn_transnet,effective_rank,512,0.2164418187855001,0.013069401697066697
attention_cnn_transnet,effective_rank,1024,0.1259283931243599,0.006648729582957654
attention_cnn_transnet,pca_top5_ratio,16,2.658004763855327,0.14905932047896114
attention_cnn_transnet,pca_top5_ratio,32,1.3886265879917463,0.12719720173900767
attention_cnn_transnet,pca_top5_ratio,64,0.7158040948435055,0.08997981973196931
attention_cnn_transnet,pca_top5_ratio,128,0.37822884540301394,0.05498294571491355
attention_cnn_transnet,pca_top5_ratio,256,0.16037192798002367,0.050522569735724235
attention_cnn_transnet,pca_top5_ratio,512,0.07910486333414235,0.026111908054926556
attention_cnn_transnet,pca_top5_ratio,1024,0.05458384375782425,0.027692712696457292
attention_cnn_transnet,std_global,16,0.03579903460242642,0.025883514807882816
attention_cnn_transnet,std_global,32,0.02198005733308544,0.019855981040056373
attention_cnn_transnet,std_global,64,0.020396930931100263,0.013014433430288444
attention_cnn_transnet,std_global,128,0.020281446031478315,0.011434463526895844
attention_cnn_transnet,std_global,256,0.00793847815383893,0.006863100900113815
attention_cnn_transnet,std_global,512,0.008621324010795581,0.005100121784234164
attention_cnn_transnet,std_global,1024,0.005440041113025603,0.00371947649862508
attention_cnn_transnet,l2_mean,16,0.034082999595742396,0.02510005707591494
attention_cnn_transnet,l2_mean,32,0.021172316630656628,0.021539825689572786
attention_cnn_transnet,l2_mean,64,0.019725504527315845,0.012798486711945025
attention_cnn_transnet,l2_mean,128,0.019565025193510357,0.01119018186396065
attention_cnn_transnet,l2_mean,256,0.008264385195004874,0.006733697875309601
attention_cnn_transnet,l2_mean,512,0.008441250610676614,0.00519423094995264
attention_cnn_transnet,l2_mean,1024,0.005726121014726403,0.0035011481790211962
attention_cnn_transnet,pca_top1_ratio,16,2.716835338827459,0.32264102230339675
attention_cnn_transnet,pca_top1_ratio,32,1.3840485164839866,0.31024250992233593
attention_cnn_transnet,pca_top1_ratio,64,0.6116819162494759,0.15790481838204237
attention_cnn_transnet,pca_top1_ratio,128,0.386877313558334,0.14460438154022545
attention_cnn_transnet,pca_top1_ratio,256,0.1346280625878691,0.07526843976810937
attention_cnn_transnet,pca_top1_ratio,512,0.056149256206149425,0.039230459355592065
attention_cnn_transnet,pca_top1_ratio,1024,0.07749594234453214,0.048083394576842964
attention_cnn_transnet,near_zero_1e_3,16,0.2579979302610499,0.15291829616225427
attention_cnn_transnet,near_zero_1e_3,32,0.15490196625200262,0.10957414538583099
attention_cnn_transnet,near_zero_1e_3,64,0.12884415298746593,0.09142440332014293
attention_cnn_transnet,near_zero_1e_3,128,0.10862573303254483,0.05744920629125212
attention_cnn_transnet,near_zero_1e_3,256,0.05385277689975807,0.05707796888769022
attention_cnn_transnet,near_zero_1e_3,512,0.04042611230425196,0.03735018846127199
attention_cnn_transnet,near_zero_1e_3,1024,0.03626052072191209,0.019678121945797752
transnet_transnet,effective_rank,16,0.9090873065949532,0.001242010357104334
transnet_transnet,effective_rank,32,0.8309429761121058,0.0038057883625001983
transnet_transnet,effective_rank,64,0.708217469874622,0.010403591253399833
transnet_transnet,effective_rank,128,0.5439039917567204,0.01213943775077478
transnet_transnet,effective_rank,256,0.372490833173533,0.017636510229103262
transnet_transnet,effective_rank,512,0.22769557305927196,0.01715958799542149
transnet_transnet,effective_rank,1024,0.1189082201496873,0.016357929379053195
transnet_transnet,pca_top5_ratio,16,1.7119923129331098,0.06534666373510034
transnet_transnet,pca_top5_ratio,32,0.9010339853558861,0.07458735029569918
transnet_transnet,pca_top5_ratio,64,0.4343360797416044,0.07949543756911318
transnet_transnet,pca_top5_ratio,128,0.20719892499923928,0.044615038606551194
transnet_transnet,pca_top5_ratio,256,0.12233465941713555,0.03682525220423165
transnet_transnet,pca_top5_ratio,512,0.06151965717921731,0.03373853894385476
transnet_transnet,pca_top5_ratio,1024,0.03208533975712766,0.016601659531635116
transnet_transnet,std_global,16,0.041563088540278674,0.024287096279924036
transnet_transnet,std_global,32,0.02098850946056399,0.019258890981952888
transnet_transnet,std_global,64,0.01943203118137574,0.013737078790836087
transnet_transnet,std_global,128,0.00980766224543423,0.006880994228165978
transnet_transnet,std_global,256,0.008282783694093791,0.00713758094584883
transnet_transnet,std_global,512,0.0063727011104940876,0.005479288243718864
transnet_transnet,std_global,1024,0.0049224559799786495,0.00289839432665301
transnet_transnet,l2_mean,16,0.04073874330049774,0.02154970637740632
transnet_transnet,l2_mean,32,0.021600061257467357,0.01939106060600421
transnet_transnet,l2_mean,64,0.018582704406271806,0.01258889048510153
transnet_transnet,l2_mean,128,0.009978216486278498,0.0069410319012018756
transnet_transnet,l2_mean,256,0.007970871988956591,0.006419183157421319
transnet_transnet,l2_mean,512,0.006071410593958547,0.005618283414669949
transnet_transnet,l2_mean,1024,0.00474200410885742,0.0030921215004910203
transnet_transnet,pca_top1_ratio,16,0.8128818926132683,0.16008674553569338
transnet_transnet,pca_top1_ratio,32,0.35846866105035846,0.20225188624528934
transnet_transnet,pca_top1_ratio,64,0.20693505917967708,0.15657343902529705
transnet_transnet,pca_top1_ratio,128,0.09831804728525058,0.0706311121565387
transnet_transnet,pca_top1_ratio,256,0.06787056243576901,0.03593315780773202
transnet_transnet,pca_top1_ratio,512,0.06406648506073312,0.050132261410935526
transnet_transnet,pca_top1_ratio,1024,0.03663287072461557,0.029547098575669714
transnet_transnet,near_zero_1e_3,16,0.20405253012297564,0.12719170905840244
transnet_transnet,near_zero_1e_3,32,0.24992334595432336,0.1370999707633207
transnet_transnet,near_zero_1e_3,64,0.16653336661155652,0.13365020593286542
transnet_transnet,near_zero_1e_3,128,0.1728587538699972,0.10456309337523759
transnet_transnet,near_zero_1e_3,256,0.08513964027591273,0.04702522619669905
transnet_transnet,near_zero_1e_3,512,0.03607611876097998,0.017837915144035564
transnet_transnet,near_zero_1e_3,1024,0.04563629023263966,0.029736975982410596
dscnn_transnet,effective_rank,16,0.9165773213119266,0.002928101902437265
dscnn_transnet,effective_rank,32,0.8408370761837279,0.004589578129251234
dscnn_transnet,effective_rank,64,0.7216225627153976,0.004590994611475406
dscnn_transnet,effective_rank,128,0.5632267963704862,0.013743090587129069
dscnn_transnet,effective_rank,256,0.3765632883413653,0.014751700938866486
dscnn_transnet,effective_rank,512,0.22696059756176643,0.01326014079251419
dscnn_transnet,effective_rank,1024,0.12533672802845663,0.011947137691851262
dscnn_transnet,pca_top5_ratio,16,2.1675792737618633,0.15651072522987025
dscnn_transnet,pca_top5_ratio,32,1.1378275524590564,0.13231485556544248
dscnn_transnet,pca_top5_ratio,64,0.5624023803202609,0.06543982278996
dscnn_transnet,pca_top5_ratio,128,0.3080446585927371,0.06172414385153302
dscnn_transnet,pca_top5_ratio,256,0.12505038613618757,0.046679979549722965
dscnn_transnet,pca_top5_ratio,512,0.0560101656105233,0.03342600623524073
dscnn_transnet,pca_top5_ratio,1024,0.03304402424256461,0.023945203975295953
dscnn_transnet,std_global,16,0.04368264223655801,0.020914197598037976
dscnn_transnet,std_global,32,0.029131641990210688,0.024664989350781354
dscnn_transnet,std_global,64,0.016750992554795955,0.011898424616219924
dscnn_transnet,std_global,128,0.019180797171250576,0.013904991043659427
dscnn_transnet,std_global,256,0.010920080064696105,0.009296046046983489
dscnn_transnet,std_global,512,0.0071873919509366085,0.005259537765149448
dscnn_transnet,std_global,1024,0.0034928078552508082,0.0018968010874142757
dscnn_transnet,l2_mean,16,0.03938180779090589,0.020151531115755027
dscnn_transnet,l2_mean,32,0.028325719186517904,0.023187900926928157
dscnn_transnet,l2_mean,64,0.01525683610892179,0.011908875656125412
dscnn_transnet,l2_mean,128,0.017696974002857763,0.01253139951441634
dscnn_transnet,l2_mean,256,0.010896987223353641,0.008681867996197289
dscnn_transnet,l2_mean,512,0.007007279210236722,0.004939349662351709
dscnn_transnet,l2_mean,1024,0.0032842652546760677,0.0020143517942051454
dscnn_transnet,pca_top1_ratio,16,2.778058381179959,0.4782444870058362
dscnn_transnet,pca_top1_ratio,32,1.3004765302622991,0.23826510880849835
dscnn_transnet,pca_top1_ratio,64,0.6194874568550661,0.14340130453406957
dscnn_transnet,pca_top1_ratio,128,0.3633352762382043,0.06627087887577607
dscnn_transnet,pca_top1_ratio,256,0.1521713863352251,0.11166137914527816
dscnn_transnet,pca_top1_ratio,512,0.09030588997488743,0.0793461755461767
dscnn_transnet,pca_top1_ratio,1024,0.046324504524686644,0.037632005053668156
dscnn_transnet,near_zero_1e_3,16,0.28443759434914895,0.22045713130273212
dscnn_transnet,near_zero_1e_3,32,0.22149461083079788,0.20425349095906958
dscnn_transnet,near_zero_1e_3,64,0.15373652707699462,0.10523747231664375
dscnn_transnet,near_zero_1e_3,128,0.1226117157752925,0.11990008502715821
dscnn_transnet,near_zero_1e_3,256,0.10214753977462096,0.08421817735737014
dscnn_transnet,near_zero_1e_3,512,0.052364215060541876,0.0569188679314277
dscnn_transnet,near_zero_1e_3,1024,0.02656491813820802,0.019467096232090277
